cgpa,branch,college_tier,python_skill,dsa_skill,ml_skill,web_dev_skill,coding_score,communication_score,aptitude_score,internships,projects,backlogs,resume_score,skill_score,placed,company_type,job_role,salary_lpa
6.87,1,1,1,1,0,0,15.6,4.3,92.0,1,3,0,62.6,2,1,0,2,63.55
6.52,1,2,1,0,0,1,13.9,5.8,62.0,1,6,0,77.5,2,1,0,1,75.17
5.33,4,1,1,1,1,0,9.8,8.1,66.4,0,5,1,76.0,3,1,0,2,80.44
6.04,1,3,1,0,1,0,39.5,9.6,83.6,0,6,0,74.3,2,1,0,2,72.11
6.78,5,2,0,1,0,1,7.5,9.9,86.3,0,3,0,66.8,2,1,1,2,67.05
9.57,0,1,1,0,0,0,66.9,8.0,75.5,0,3,0,45.2,1,1,2,1,48.75
8.85,4,3,1,1,0,0,10.8,4.2,78.2,0,4,2,50.1,2,0,0,3,0.0
8.78,5,1,0,0,0,0,93.0,8.8,78.0,2,4,0,65.6,0,1,2,1,43.16
6.78,1,3,1,0,0,0,35.3,5.8,49.9,1,6,0,63.6,1,1,2,3,47.32
7.59,4,2,1,0,1,1,25.2,7.0,58.1,0,1,0,60.8,3,1,0,0,73.21
8.4,0,1,1,0,0,0,8.1,6.2,54.5,2,5,0,74.9,1,1,2,3,40.65
6.6,2,2,0,0,0,1,1.7,7.1,53.6,1,4,2,60.3,1,0,0,3,0.0
9.19,4,1,1,1,0,0,69.6,5.4,50.5,3,4,0,83.6,2,1,1,0,75.04
6.7,0,1,0,1,1,1,78.0,7.9,45.0,0,6,0,84.5,3,1,0,3,92.84
6.53,0,2,1,0,1,0,1.8,7.0,50.7,1,3,0,66.7,2,0,0,3,0.0
6.84,2,3,0,0,1,0,89.2,7.8,87.7,1,4,0,67.0,1,1,2,0,46.64
8.84,0,3,0,1,0,0,88.3,8.5,97.2,0,6,2,70.1,1,1,2,3,43.27
9.26,5,1,0,0,0,1,69.6,7.4,45.8,1,6,0,69.7,1,1,2,3,45.96
5.68,0,3,1,1,0,0,25.6,7.7,44.9,0,4,1,64.6,2,0,0,3,0.0
8.98,2,3,1,0,0,0,57.8,4.2,67.9,1,5,1,61.2,1,0,0,3,0.0
5.19,5,2,0,1,0,1,27.2,9.8,67.4,2,4,0,91.4,2,1,0,1,92.32
5.21,1,1,1,0,1,0,18.4,4.5,65.7,1,1,0,45.1,2,1,0,2,76.08
6.4,1,1,1,1,0,1,42.0,5.5,61.4,2,1,0,67.4,3,1,0,0,90.61
5.09,0,1,1,1,0,0,65.0,4.3,96.9,2,4,0,74.2,2,1,1,2,62.0
5.35,3,2,1,0,0,1,57.5,6.3,78.6,1,3,1,65.2,2,1,1,3,51.4
6.07,1,2,1,0,0,0,65.6,6.3,80.9,0,3,0,40.1,1,1,2,1,45.65
8.68,2,2,1,0,0,1,80.7,9.9,64.8,1,6,0,87.1,2,1,1,1,57.53
7.67,1,2,1,0,0,0,5.3,9.8,90.8,1,4,2,73.9,1,1,2,2,45.08
6.47,5,3,0,1,1,1,79.0,4.5,69.7,0,2,0,57.4,3,1,0,1,70.13
8.09,5,3,0,0,1,0,82.2,8.2,44.9,0,3,0,53.2,1,1,2,1,44.02
7.96,4,2,1,1,0,0,70.5,5.5,59.8,1,5,0,71.2,2,1,0,3,70.16
8.73,2,3,1,1,0,0,86.9,5.3,97.8,0,5,0,64.8,2,1,1,1,51.69
9.85,1,2,1,1,0,0,62.8,7.5,94.1,0,4,2,58.1,2,1,0,2,73.36
8.23,4,1,1,0,0,0,26.0,6.7,41.9,0,5,1,56.9,1,0,0,3,0.0
9.55,2,2,1,1,1,1,41.8,9.6,92.0,0,1,1,73.6,4,1,0,0,89.39
9.15,0,1,1,0,0,0,1.4,4.5,81.5,1,5,3,59.1,1,0,0,3,0.0
9.72,5,3,1,0,0,0,95.4,7.6,53.7,1,2,0,48.9,1,1,2,0,48.98
7.6,4,3,1,1,0,1,40.3,4.8,41.7,2,5,0,92.5,3,1,1,3,74.49
8.18,3,3,1,0,1,0,45.1,9.5,57.9,1,1,2,60.0,2,1,0,3,72.91
9.9,4,2,1,0,0,0,7.6,4.8,47.7,0,6,0,51.2,1,1,2,1,41.93
7.58,4,3,1,1,0,1,34.5,6.1,41.9,1,5,0,80.4,3,1,0,0,82.0
9.0,1,3,1,0,1,1,6.1,5.7,88.4,2,5,3,92.5,3,1,0,3,87.4
8.6,5,2,0,0,0,1,84.4,8.5,41.8,2,6,0,82.9,1,1,2,0,44.29
6.61,4,1,0,0,0,1,59.4,8.1,87.4,1,4,0,65.2,1,1,2,3,42.16
6.42,0,1,1,1,0,0,98.7,7.6,54.2,0,6,0,72.7,2,1,0,2,85.71
9.21,4,3,0,0,0,1,89.7,7.5,95.0,0,6,0,59.2,1,1,2,1,52.07
7.86,1,2,0,1,0,0,42.5,7.0,54.5,0,2,1,36.9,1,0,0,3,0.0
9.66,5,1,0,1,0,0,54.9,7.3,52.1,1,4,0,63.7,1,1,2,3,47.02
7.06,3,3,0,1,1,1,12.4,8.4,96.3,0,3,2,72.4,3,0,0,3,0.0
8.91,3,3,1,1,1,1,18.6,5.4,78.0,3,1,1,90.1,4,1,0,0,80.4
6.51,5,1,1,1,0,1,38.4,7.3,94.4,1,3,0,75.2,3,1,1,2,55.36
7.48,1,3,1,1,1,1,70.7,8.7,48.6,0,2,1,79.9,4,1,1,0,56.61
5.64,1,2,1,1,0,0,72.2,8.3,78.5,1,4,1,75.9,2,1,1,2,56.36
7.12,2,2,0,1,1,0,10.1,5.5,83.6,1,4,0,68.5,2,1,1,1,49.91
8.03,3,1,1,1,1,1,45.1,4.7,99.1,2,6,1,102.4,4,1,0,0,86.2
8.72,5,1,0,1,0,0,41.5,9.2,95.4,1,3,1,62.1,1,1,2,2,43.04
5.88,1,2,1,0,1,0,58.1,7.8,40.8,1,1,2,54.9,2,0,0,3,0.0
5.43,1,3,1,1,0,0,75.0,5.3,93.9,0,5,0,59.7,2,1,0,1,71.12
7.64,4,2,1,1,0,1,10.3,6.0,44.5,2,2,0,79.4,3,1,0,1,71.19
8.29,5,3,0,0,0,1,2.0,4.6,88.0,0,1,0,31.0,1,0,0,3,0.0
9.94,0,3,1,1,1,1,14.1,6.4,59.4,0,2,0,66.3,4,1,0,0,81.42
9.46,3,1,1,0,0,0,59.0,5.6,77.4,1,6,0,70.4,1,1,2,2,53.15
5.57,2,2,1,1,0,0,48.5,7.1,84.5,1,1,0,52.7,2,1,1,1,57.42
6.36,0,1,0,1,0,0,27.4,7.3,79.1,2,5,0,73.3,1,1,2,2,49.41
8.0,0,3,1,0,1,0,38.3,7.1,42.8,0,3,0,52.2,2,1,0,3,83.35
9.58,0,3,1,1,1,0,95.4,4.8,69.0,0,4,0,67.8,3,1,1,1,55.88
7.37,4,3,0,0,0,1,59.8,6.8,44.6,0,4,0,48.1,1,1,2,3,39.45
9.59,5,1,0,1,0,0,54.2,9.2,83.9,2,5,0,86.1,1,1,2,0,46.39
9.94,5,3,1,0,1,1,18.1,7.4,94.9,0,5,1,74.1,3,1,0,3,87.76
5.27,4,3,1,1,0,1,36.5,7.4,68.9,2,3,0,89.4,3,1,0,1,82.78
6.59,1,2,1,1,0,0,2.4,9.2,41.3,2,5,0,96.9,2,1,0,3,64.57
5.19,1,3,1,1,0,0,9.2,6.0,71.4,2,1,0,61.5,2,0,0,3,0.0
6.48,2,2,0,0,0,1,42.8,6.3,80.8,0,2,1,36.5,1,0,0,3,0.0
9.91,5,2,1,1,1,1,74.3,4.4,64.1,2,6,0,103.3,4,1,0,2,76.96
8.9,4,1,1,0,1,1,92.8,10.0,50.4,1,2,0,85.0,3,1,3,2,112.85
5.17,2,1,1,1,0,0,27.3,6.9,42.7,2,2,1,72.3,2,1,0,1,73.41
6.3,5,1,1,1,0,0,68.3,4.5,91.1,1,6,0,76.7,2,1,1,2,60.27
9.39,0,3,1,1,1,1,70.8,9.0,81.8,1,3,1,88.6,4,1,1,2,56.42
5.64,4,1,0,1,0,1,83.2,7.0,40.4,0,6,0,71.6,2,1,0,2,66.63
5.64,2,1,0,0,0,1,39.2,5.1,85.2,2,4,0,61.0,1,1,2,1,43.58
7.91,2,3,0,1,0,1,97.3,9.8,85.0,0,5,0,70.1,2,1,0,3,89.29
5.01,4,3,0,1,1,0,85.4,7.2,89.6,0,2,1,48.9,2,0,0,3,0.0
9.34,4,3,1,0,1,1,85.7,9.8,85.6,1,3,0,88.3,3,1,0,3,73.23
6.84,4,2,1,1,1,0,86.9,8.7,86.3,2,4,0,99.1,3,1,1,3,76.01
7.31,4,1,0,1,0,0,55.8,5.4,49.6,1,5,0,64.2,1,1,2,2,41.09
5.36,1,2,1,1,0,0,69.5,9.2,86.8,0,6,1,74.1,2,1,0,0,65.27
6.05,3,2,0,1,1,0,53.4,9.3,45.0,2,2,0,74.2,2,1,1,3,67.66
5.84,1,1,0,1,1,0,93.6,4.3,72.5,2,2,0,65.7,2,1,0,2,84.67
7.99,0,2,1,1,0,0,43.9,8.3,75.6,1,1,1,57.1,2,1,0,0,71.64
8.29,0,1,1,1,1,0,99.6,9.8,79.0,0,3,0,73.6,3,1,0,1,77.34
7.08,4,3,1,1,1,1,50.5,7.3,70.8,1,2,1,81.8,4,1,1,3,60.73
7.96,4,2,1,0,0,1,73.3,4.8,82.9,3,2,0,79.1,2,1,1,1,62.38
9.35,2,2,1,1,0,0,16.4,6.3,98.2,0,5,0,64.8,2,1,0,1,67.0
9.42,0,2,1,0,0,1,14.6,6.7,75.3,3,1,0,71.8,2,1,1,2,65.88
9.22,0,3,1,1,1,0,11.2,5.6,43.4,1,4,0,78.2,3,1,0,2,65.88
7.92,0,1,1,0,0,1,1.7,5.9,98.4,1,3,0,64.4,2,1,0,1,70.15
6.01,3,2,1,1,0,1,44.4,9.2,50.6,1,2,0,72.8,3,1,1,3,71.63
5.57,4,2,1,1,0,1,82.7,8.0,74.6,0,2,3,59.5,3,1,0,2,90.79
7.84,4,2,1,1,0,0,66.8,8.8,85.7,2,3,1,80.2,2,1,1,2,60.38
8.05,3,2,1,0,0,0,54.6,6.7,40.9,1,6,0,72.7,1,1,2,3,47.95
9.24,2,2,1,1,0,0,52.7,5.5,68.6,1,6,1,78.7,2,1,1,3,61.84
5.36,4,1,1,1,0,0,47.9,5.2,50.0,1,5,0,68.7,2,1,0,0,70.99
8.58,4,1,0,0,0,0,68.1,5.1,71.5,2,1,0,37.9,0,1,2,2,45.55
7.75,1,2,0,1,1,1,81.9,9.3,53.7,0,2,0,66.5,3,1,1,2,63.57
6.51,0,3,1,1,0,1,76.7,4.9,65.4,0,1,1,53.3,3,0,0,3,0.0
5.48,3,3,0,1,0,0,23.2,6.3,75.7,1,2,0,49.9,1,0,0,3,0.0
7.21,5,1,1,1,0,0,81.9,7.6,60.2,3,5,0,93.7,2,1,0,2,78.17
6.77,5,1,0,1,0,1,23.4,7.2,92.8,1,6,0,81.2,2,1,0,1,72.56
9.98,0,3,1,0,0,0,96.2,7.8,85.3,0,2,0,42.9,1,1,2,2,45.31
8.98,1,1,1,0,0,0,99.2,9.6,72.4,2,5,0,81.4,1,1,2,3,54.93
7.53,0,3,0,0,0,0,34.2,6.3,60.8,0,1,0,22.9,0,0,0,3,0.0
8.0,4,3,1,1,0,1,85.1,5.3,95.8,0,2,0,57.6,3,1,1,2,52.15
9.09,5,1,0,0,0,0,95.7,7.4,96.0,1,5,1,61.4,0,1,2,3,48.9
5.87,1,3,1,0,0,0,6.8,4.2,48.1,3,4,1,68.8,1,0,0,3,0.0
9.68,5,3,1,0,1,0,1.8,7.6,61.9,1,5,1,77.4,2,0,0,3,0.0
9.97,2,2,0,1,1,0,14.2,4.7,58.2,0,4,0,55.4,2,1,0,1,65.24
8.28,1,3,1,1,1,0,65.4,6.1,71.5,1,5,0,87.9,3,1,0,0,81.47
7.91,4,2,1,0,0,0,83.4,7.8,51.9,0,4,0,51.1,1,1,2,3,43.95
5.75,4,3,0,1,0,1,81.1,7.7,91.6,1,2,1,67.7,2,1,0,0,84.12
6.27,3,2,1,0,1,0,63.7,8.0,93.7,1,1,0,59.2,2,1,1,2,61.74
5.21,0,2,0,1,0,0,1.2,9.7,84.3,1,6,3,83.8,1,1,2,2,44.96
7.06,0,3,1,1,0,0,8.3,7.1,93.9,2,1,3,68.0,2,0,0,3,0.0
6.28,4,3,0,0,1,0,89.6,5.9,47.5,1,2,0,48.5,1,1,2,0,49.6
5.64,4,2,0,1,0,0,43.2,6.6,76.8,3,6,2,91.6,1,1,2,2,42.07
8.36,4,2,0,1,0,0,63.6,5.3,98.7,2,6,1,77.5,1,1,2,0,49.38
9.69,4,2,0,0,0,1,81.8,5.3,70.4,2,5,0,73.5,1,1,2,0,47.14
5.76,5,3,0,1,1,0,16.1,7.3,88.7,2,3,3,72.9,2,0,0,3,0.0
9.0,5,1,0,1,1,1,18.8,6.1,87.0,1,6,1,91.7,3,1,0,0,87.71
8.39,1,1,1,1,0,0,12.5,6.3,78.6,2,6,0,87.8,2,1,1,1,49.88
6.78,2,1,1,0,0,0,64.2,4.4,74.8,1,4,0,53.1,1,1,2,2,42.34
6.61,1,3,1,0,0,1,98.2,5.3,89.5,1,5,0,69.2,2,1,0,1,73.24
8.68,2,2,1,1,0,0,63.6,8.7,47.1,1,6,1,88.5,2,1,0,1,86.1
5.83,1,2,1,1,0,1,93.0,8.7,43.4,2,2,1,89.5,3,1,1,1,64.4
5.67,1,3,0,1,0,0,73.0,8.6,49.5,1,4,0,70.0,1,1,2,0,38.02
5.22,5,2,0,0,0,1,97.5,6.2,65.7,2,6,0,78.5,1,1,2,0,42.88
5.7,0,1,1,0,0,1,2.2,8.0,97.8,1,5,0,78.2,2,1,1,3,66.09
8.27,2,1,0,1,0,1,60.9,6.1,46.8,0,4,0,54.2,2,1,0,2,87.73
7.02,2,1,1,1,0,1,22.6,9.1,65.7,0,6,1,89.0,3,1,0,0,82.5
5.31,4,3,1,1,0,0,78.6,5.2,55.5,0,4,1,55.8,2,0,0,3,0.0
9.39,3,3,1,1,0,0,98.5,8.6,41.6,0,6,0,73.6,2,1,1,3,60.46
6.99,5,1,0,0,0,0,9.4,6.1,85.4,0,1,0,27.5,0,0,0,3,0.0
5.79,0,1,1,1,0,1,90.6,5.7,99.0,0,1,0,50.7,3,1,0,1,75.33
9.84,5,1,1,0,1,0,98.8,6.9,47.3,2,2,0,74.5,2,1,0,0,71.46
7.64,5,3,1,1,0,1,18.7,9.1,89.1,1,3,1,87.2,3,1,1,1,56.33
9.1,3,1,1,1,0,0,8.7,8.3,65.2,3,3,0,92.4,2,1,1,2,61.19
7.36,2,2,1,1,0,1,32.5,8.1,44.2,0,1,0,64.2,3,1,0,2,75.38
6.08,2,1,1,0,1,0,75.9,9.4,54.0,2,4,0,85.8,2,1,1,1,63.21
7.24,1,1,1,1,0,0,97.7,4.7,65.4,0,6,2,61.9,2,1,0,0,90.3
9.02,5,2,0,1,1,0,82.9,5.7,92.4,0,6,0,62.8,2,1,0,1,80.03
9.12,4,1,0,0,1,0,6.4,9.3,92.6,0,6,1,64.8,1,1,2,1,41.26
5.17,3,1,1,1,1,0,6.4,9.0,75.9,0,5,0,77.3,3,1,0,1,83.62
8.47,1,2,0,1,0,0,34.1,5.0,50.2,3,6,0,87.0,1,1,2,3,44.46
6.92,1,3,1,1,1,1,74.4,7.0,78.0,0,1,0,61.4,4,1,1,1,56.63
7.25,2,1,1,1,0,0,47.4,7.5,72.2,2,1,0,62.9,2,1,0,2,87.9
7.56,3,1,0,1,0,0,61.7,4.7,60.7,1,1,0,40.9,1,1,2,3,45.06
5.83,4,1,1,1,1,1,25.8,8.0,57.8,2,4,1,99.0,4,1,0,3,73.67
8.02,2,2,1,0,0,0,36.9,4.7,65.1,2,1,0,47.3,1,1,2,1,43.52
8.23,4,1,1,1,0,0,11.6,4.9,50.3,1,5,2,65.4,2,1,0,1,61.99
6.48,3,2,1,1,0,0,55.9,6.1,83.8,1,4,0,71.8,2,1,0,0,80.42
7.95,0,2,0,0,0,0,75.9,4.6,93.4,0,3,0,30.9,0,1,2,0,38.24
7.15,1,3,0,1,0,0,2.5,7.9,78.2,0,3,0,46.8,1,0,0,3,0.0
8.03,3,3,1,0,1,0,68.8,4.8,69.1,0,3,0,45.8,2,0,0,3,0.0
6.04,5,2,1,0,0,0,14.7,6.9,47.8,2,5,2,73.8,1,1,2,2,46.18
9.92,0,2,0,1,0,0,34.0,7.2,49.2,1,2,0,49.1,1,1,2,1,44.47
8.55,5,2,0,1,0,0,83.1,7.3,49.9,1,5,0,68.2,1,1,2,2,47.88
9.4,0,3,1,1,0,0,39.5,4.2,68.5,1,3,0,58.5,2,1,0,3,73.67
8.73,2,3,1,0,0,0,3.4,9.8,96.9,1,4,0,73.0,1,1,2,0,41.56
6.02,3,3,1,0,0,0,57.7,9.2,98.8,1,3,0,63.5,1,1,2,2,47.02
5.3,3,3,0,1,0,0,31.2,5.5,41.8,3,5,2,76.7,1,0,0,3,0.0
8.44,4,2,1,1,0,0,35.9,8.8,56.7,0,1,1,56.3,2,0,0,3,0.0
9.97,0,3,0,0,0,0,63.3,4.4,40.3,3,4,0,65.9,0,1,2,3,45.74
7.44,0,3,0,0,0,0,34.9,4.7,88.5,3,2,0,50.1,0,1,2,1,43.55
9.21,2,2,0,1,0,1,66.7,5.3,91.8,1,6,0,73.6,2,1,0,2,89.54
6.1,1,2,0,0,0,1,18.8,8.3,92.0,1,4,0,60.6,1,1,2,0,40.42
9.11,1,1,1,1,0,0,77.5,5.6,69.8,0,2,1,49.0,2,1,0,0,66.47
8.92,5,2,1,1,1,0,46.7,6.0,96.4,0,4,0,66.6,3,1,1,3,58.16
9.46,2,2,1,1,0,1,8.9,8.1,69.6,1,3,1,81.1,3,1,0,0,88.45
6.39,5,1,0,1,1,0,47.5,7.8,100.0,0,6,2,73.4,2,1,0,1,68.07
6.85,3,3,0,1,0,1,85.0,5.3,79.4,1,6,0,77.7,2,1,0,3,70.96
8.69,1,3,0,1,0,1,19.9,9.3,57.2,1,1,1,65.7,2,1,0,1,81.79
9.56,5,3,1,1,1,0,73.6,6.0,94.4,0,5,0,77.6,3,1,1,0,60.07
8.86,3,3,1,1,0,0,77.0,8.8,47.2,0,5,0,73.8,2,1,1,2,64.47
8.32,2,2,1,1,0,0,83.0,7.6,57.5,0,3,0,53.5,2,1,0,1,80.21
7.37,3,3,0,1,1,1,99.1,7.3,97.8,0,1,0,59.2,3,1,1,0,70.41
6.38,3,2,1,1,1,0,64.3,8.9,96.8,0,6,0,90.6,3,1,0,3,68.88
8.15,1,1,1,0,1,0,24.2,7.0,80.8,0,6,2,73.6,2,1,0,3,74.55
9.32,1,1,1,1,0,0,99.5,7.2,63.5,1,1,0,61.1,2,1,1,2,75.89
6.3,2,3,1,1,0,1,98.1,5.1,87.6,3,2,0,84.3,3,1,1,0,64.75
8.87,0,1,0,0,0,1,96.0,8.6,91.3,1,5,0,69.4,1,1,2,0,44.79
6.11,4,1,0,1,1,0,42.9,4.2,68.9,1,2,2,49.1,2,1,1,1,56.87
7.41,0,1,1,0,0,0,44.4,5.7,77.3,3,5,0,80.7,1,1,2,1,41.32
9.59,3,3,0,1,0,0,3.6,5.1,92.0,0,5,0,52.5,1,0,0,3,0.0
7.14,0,2,0,1,0,0,90.4,9.1,64.1,2,2,1,67.7,1,1,2,3,43.46
7.97,1,3,0,1,0,0,87.9,6.8,45.7,2,5,1,78.1,1,1,2,1,52.09
7.32,1,3,0,0,1,0,54.7,7.2,75.4,0,6,0,66.3,1,1,2,3,40.25
6.15,3,2,0,1,1,0,66.3,8.5,90.9,1,2,1,68.7,2,1,0,1,68.57
10.0,4,3,1,0,1,0,15.0,6.3,64.9,2,3,0,74.1,2,1,1,2,60.15
9.75,0,2,1,0,0,1,70.8,5.0,98.3,1,2,0,57.1,2,1,1,1,67.47
9.31,4,3,0,1,0,0,33.6,9.9,91.4,2,4,0,79.1,1,1,2,3,44.44
7.53,0,3,1,1,0,1,12.4,8.8,77.0,2,4,0,96.4,3,1,0,1,82.12
6.54,0,2,1,0,1,1,95.2,5.4,92.8,2,4,0,84.4,3,1,0,1,70.95
9.68,3,3,1,1,0,0,16.3,5.1,41.2,1,5,0,71.5,2,1,1,0,54.9
8.92,3,3,0,0,0,0,5.7,6.2,96.7,1,6,1,54.8,0,0,0,3,0.0
8.93,1,3,1,1,0,1,91.5,4.1,67.0,3,2,3,78.4,3,1,1,3,70.83
6.73,5,2,1,0,0,0,26.9,5.7,79.4,3,3,0,68.8,1,1,2,1,38.99
8.48,1,2,1,0,0,1,70.4,6.2,73.8,1,6,0,76.3,2,1,1,3,70.59
5.77,2,1,1,1,1,0,58.8,8.2,80.8,1,1,0,74.0,3,1,1,0,56.71
8.09,5,2,1,0,0,0,74.3,6.0,93.4,0,1,0,30.6,1,1,2,1,43.78
7.95,2,2,1,1,0,1,9.1,5.2,92.6,2,1,0,68.3,3,1,0,2,78.44
8.03,1,2,1,0,1,1,80.5,8.9,96.0,1,6,0,96.8,3,1,1,1,61.56
7.14,2,2,0,1,0,1,91.5,9.2,42.1,2,2,0,75.1,2,1,0,0,82.85
9.68,5,1,0,1,0,0,2.2,5.8,70.2,0,6,0,54.5,1,1,2,1,41.22
7.04,4,1,1,0,0,1,94.3,8.5,83.2,2,3,0,78.4,2,1,0,3,84.2
6.78,1,1,1,1,1,0,91.4,9.7,59.6,1,2,0,76.4,3,1,0,1,73.9
6.74,0,2,1,1,1,0,46.2,6.5,40.8,0,5,0,76.7,3,1,0,3,77.23
9.31,2,3,1,1,0,0,34.5,6.5,83.9,2,2,0,65.6,2,1,0,3,81.46
5.29,3,1,1,0,0,1,61.6,7.3,64.9,1,3,0,66.0,2,1,0,1,73.15
7.88,3,2,0,1,0,0,93.3,6.6,98.8,1,5,0,68.8,1,1,2,2,46.32
5.09,5,2,1,0,0,0,62.8,8.1,55.2,0,4,0,56.8,1,1,2,3,45.83
5.64,0,2,0,1,0,1,40.5,6.9,40.8,1,1,1,59.7,2,0,0,3,0.0
5.33,2,2,1,0,0,1,6.7,7.9,44.4,1,5,3,76.0,2,1,0,3,70.19
8.65,5,3,1,1,0,0,4.5,6.1,95.8,1,2,0,58.1,2,0,0,3,0.0
9.02,1,3,1,1,0,1,58.4,8.7,85.1,2,2,1,81.2,3,1,1,1,63.37
6.73,3,1,1,0,0,1,43.3,8.6,91.2,1,6,0,85.5,2,1,0,0,70.13
6.21,3,2,0,0,1,0,18.8,4.5,81.8,1,2,0,48.1,1,0,0,3,0.0
7.75,0,2,1,1,1,0,52.9,9.0,67.8,0,3,0,69.6,3,1,1,0,69.71
5.94,1,3,0,1,0,0,3.1,5.6,42.0,2,3,1,63.1,1,0,0,3,0.0
8.92,3,3,1,0,0,1,43.6,8.0,45.7,2,1,0,64.7,2,1,1,1,59.68
9.03,3,1,1,1,0,0,41.1,4.8,41.3,1,3,0,54.5,2,1,0,2,62.23
9.58,3,3,1,0,0,0,0.5,9.6,64.9,1,3,0,68.7,1,1,2,2,44.62
6.95,0,3,0,1,1,1,34.2,7.2,52.7,3,4,0,105.2,3,1,1,3,66.71
9.16,4,2,1,1,0,1,63.2,4.3,78.7,3,6,0,99.5,3,1,0,1,77.02
7.28,0,2,1,1,0,0,77.9,7.7,82.0,2,6,0,97.2,2,1,1,3,73.8
9.17,2,1,1,0,1,0,59.4,8.2,44.0,0,1,0,53.4,2,1,1,3,56.0
9.43,2,2,0,1,0,1,99.7,4.2,93.8,1,1,0,51.1,2,1,0,3,71.84
9.08,2,2,1,1,0,0,7.1,5.3,53.8,1,6,2,71.6,2,1,0,0,85.89
5.57,0,2,0,0,0,1,22.0,4.1,89.6,1,4,0,47.9,1,0,0,3,0.0
9.05,0,3,0,0,1,0,8.3,6.9,58.1,1,6,0,71.5,1,1,2,2,39.72
6.37,2,1,1,0,0,0,82.2,4.3,65.1,1,5,0,58.4,1,1,2,2,44.83
5.22,1,1,0,1,1,1,1.6,7.1,68.3,1,4,0,84.7,3,1,1,2,55.38
7.27,4,1,1,0,0,1,17.5,7.4,74.8,1,6,0,82.7,2,1,1,2,51.48
5.93,5,1,0,0,0,1,28.6,9.6,98.2,1,1,1,51.3,1,1,2,1,47.07
8.65,4,2,1,0,1,0,25.3,7.1,71.3,1,4,0,75.0,2,1,1,2,63.96
7.29,5,1,1,0,0,1,4.0,5.7,52.5,0,3,0,47.2,2,1,1,3,57.67
7.56,1,2,1,1,0,1,47.6,8.0,85.8,0,1,0,60.2,3,1,0,0,76.5
5.17,4,3,1,0,1,0,2.5,6.7,54.2,0,1,1,49.2,2,0,0,3,0.0
9.61,5,3,1,1,0,0,56.8,7.9,52.6,1,5,0,83.0,2,1,0,2,70.19
7.62,4,2,1,0,0,0,96.1,8.0,96.0,0,1,0,35.9,1,1,2,2,47.22
7.53,5,1,1,1,0,0,67.8,7.3,60.8,1,3,0,65.3,2,1,0,0,72.55
9.17,5,3,1,0,0,1,6.2,4.6,49.8,1,6,0,77.9,2,1,0,3,66.39
8.24,3,3,0,0,0,0,94.2,8.7,67.7,2,4,0,65.1,0,1,2,1,54.48
6.57,0,3,1,0,0,0,34.2,6.6,89.9,0,6,0,56.0,1,1,2,1,44.88
8.67,0,3,1,1,0,0,4.5,5.3,40.9,1,5,1,71.6,2,1,1,0,54.74
5.05,1,3,1,1,0,0,46.4,4.7,98.8,0,1,1,41.9,2,0,0,3,0.0
8.08,0,3,1,0,1,1,74.8,7.4,54.8,1,6,0,96.9,3,1,0,2,68.94
8.46,2,3,1,0,0,0,57.8,6.2,89.4,2,6,1,81.5,1,1,2,3,40.94
5.78,1,2,1,0,1,0,18.3,4.8,74.6,2,5,0,77.4,2,1,0,2,86.84
7.66,5,3,0,1,0,0,65.6,9.8,73.7,2,5,0,81.8,1,1,2,0,49.0
8.47,0,2,1,0,0,1,4.7,5.9,66.3,2,2,0,66.2,2,1,1,3,60.54
6.98,0,2,0,0,1,0,41.9,5.0,92.8,1,6,0,69.7,1,1,2,0,42.6
5.25,1,2,1,0,0,0,9.1,5.9,42.6,2,4,0,71.6,1,1,2,1,38.38
6.19,3,1,0,1,0,0,25.0,7.3,56.5,3,6,0,87.3,1,1,2,0,41.56
9.83,5,3,1,1,0,1,80.5,9.7,64.0,2,3,0,96.9,3,1,0,3,85.75
6.52,3,2,0,0,1,0,49.7,9.5,86.6,0,1,1,45.7,1,1,2,0,42.72
5.26,2,1,0,0,0,0,83.0,9.7,58.3,0,6,1,63.4,0,1,2,2,35.56
7.87,2,2,1,0,0,0,78.7,5.8,42.4,1,5,0,57.5,1,1,2,1,46.2
8.76,3,3,0,1,0,0,41.0,5.0,53.3,0,4,1,49.3,1,0,0,3,0.0
7.25,5,3,0,1,0,0,75.2,4.3,69.6,1,3,0,49.8,1,1,2,3,39.16
6.48,2,1,1,1,1,0,40.8,4.8,50.3,2,6,0,96.4,3,1,1,3,58.47
9.48,2,1,0,0,0,0,67.2,9.0,80.4,2,2,0,58.6,0,1,2,3,38.73
9.95,4,2,0,0,0,0,16.9,6.1,85.7,1,3,3,46.0,0,0,0,3,0.0
7.23,2,2,1,1,0,1,2.4,6.6,56.7,0,5,1,70.0,3,1,0,0,86.49
6.47,5,3,0,1,0,1,10.3,4.8,98.7,1,5,0,65.9,2,1,1,0,59.04
5.01,5,1,1,0,0,0,94.3,5.9,79.7,1,5,0,59.8,1,1,2,1,45.36
9.98,0,1,0,1,0,0,2.8,7.7,88.4,2,4,1,74.8,1,1,2,3,45.78
9.03,3,3,1,1,0,0,2.5,6.2,72.8,2,6,1,92.2,2,1,1,1,72.83
8.92,1,2,1,1,0,1,61.4,7.5,55.2,2,3,2,85.8,3,1,0,3,72.5
9.51,3,1,1,0,0,1,92.4,6.8,69.9,0,3,0,57.7,2,1,0,2,68.43
6.78,2,1,0,0,0,1,95.8,7.4,70.9,0,1,0,38.9,1,1,2,3,40.6
7.4,1,1,0,0,1,1,40.5,4.5,43.9,2,3,1,66.8,2,1,0,0,83.05
6.58,1,3,0,1,0,0,69.3,8.2,85.2,2,6,3,80.5,1,1,2,0,50.38
6.54,3,3,1,1,0,0,55.1,7.1,56.9,0,5,0,62.2,2,1,0,0,78.19
6.17,3,3,1,1,0,0,68.9,5.5,58.5,1,1,3,51.9,2,0,0,3,0.0
9.47,5,2,0,1,1,1,77.0,6.0,96.5,1,5,0,78.6,3,1,1,0,61.19
6.98,1,2,1,1,0,1,25.1,4.7,75.1,3,2,1,83.8,3,1,0,0,68.99
5.53,2,2,0,1,1,0,98.6,4.0,76.8,1,6,0,67.6,2,1,1,1,66.32
5.76,0,3,1,1,0,0,33.8,4.8,63.5,0,1,0,41.4,2,0,0,3,0.0
5.21,4,2,1,0,0,0,29.5,7.2,80.7,1,1,0,44.6,1,0,0,3,0.0
5.76,0,3,1,1,0,1,75.5,7.5,89.7,0,3,1,71.7,3,1,0,1,72.38
6.62,4,1,1,0,0,1,80.2,6.8,65.4,3,6,0,100.2,2,1,1,3,55.56
5.43,2,3,1,0,0,0,64.4,6.3,43.3,1,3,0,56.4,1,1,2,0,46.15
7.21,0,1,0,0,0,0,21.8,9.6,68.0,1,5,0,68.4,0,1,2,0,42.45
8.13,4,2,1,0,0,1,76.4,7.1,53.6,1,5,0,72.7,2,1,0,1,82.97
9.27,2,1,1,1,0,0,47.4,4.0,41.5,1,5,3,64.0,2,0,0,3,0.0
5.57,1,3,1,1,1,1,52.5,6.7,59.8,1,1,0,71.8,4,1,0,1,80.06
6.79,2,1,1,1,1,0,38.2,7.3,44.6,0,1,0,55.2,3,1,0,2,80.96
5.11,5,2,1,0,1,0,96.3,4.7,69.4,0,4,0,57.1,2,1,0,1,77.63
5.36,1,2,0,0,1,1,24.1,9.2,89.8,0,1,0,55.0,2,1,0,2,67.09
6.36,0,3,1,0,0,0,18.1,9.7,93.4,1,6,0,79.3,1,1,2,0,40.12
6.98,3,2,0,0,1,1,90.7,9.9,52.5,1,3,1,75.6,2,1,0,3,76.27
5.99,2,1,0,0,0,1,25.5,6.8,42.6,1,3,0,56.1,1,1,2,2,45.29
7.44,2,2,0,0,0,0,51.4,5.7,40.4,1,1,0,28.0,0,0,0,3,0.0
5.52,0,1,0,1,0,0,71.4,6.2,47.5,0,1,0,28.8,1,1,2,3,44.61
7.98,3,1,1,0,1,1,57.2,5.1,56.1,0,2,0,55.9,3,1,0,2,78.84
5.44,4,1,0,1,0,0,40.0,8.9,40.8,1,1,0,49.6,1,1,2,0,41.32
8.54,0,1,1,1,1,1,1.9,8.4,52.5,0,3,0,77.5,4,1,0,2,70.06
9.3,5,2,1,1,0,1,76.0,5.9,64.6,0,5,2,70.7,3,1,1,1,69.73
6.97,5,2,0,1,1,0,20.7,7.0,58.7,1,6,0,82.4,2,1,0,3,78.91
9.06,3,2,1,1,0,1,14.3,7.9,78.5,0,1,0,58.6,3,1,0,3,74.19
9.38,2,3,0,1,1,1,14.7,8.1,96.7,1,1,0,71.0,3,1,0,2,72.66
5.89,5,3,0,0,0,1,23.6,9.7,92.3,0,6,1,65.4,1,1,2,2,45.83
6.26,4,3,1,0,0,1,47.5,9.1,63.0,0,3,0,63.7,2,1,0,1,71.28
8.97,2,3,1,1,1,0,46.9,8.2,95.3,0,4,1,70.7,3,1,1,2,53.83
8.4,4,1,1,0,0,1,29.8,8.7,63.6,0,6,2,73.3,2,1,0,1,76.06
5.84,5,1,1,0,0,0,6.3,6.4,68.4,1,1,0,43.4,1,0,0,3,0.0
8.93,4,1,0,1,0,0,45.8,5.5,85.1,1,2,1,44.6,1,1,2,3,38.45
6.88,3,3,1,1,1,0,55.4,7.1,56.9,2,5,0,92.0,3,1,1,3,60.27
7.56,2,1,0,0,0,1,11.1,4.2,99.7,0,2,0,28.0,1,0,0,3,0.0
9.01,4,2,0,0,0,0,86.1,9.2,40.6,2,2,0,60.7,0,1,2,0,46.96
8.91,1,2,1,0,1,0,53.5,9.2,59.6,3,3,0,96.6,2,1,1,2,74.71
7.69,1,1,0,0,0,0,36.3,6.6,98.6,2,3,0,50.9,0,1,2,0,36.72
6.49,1,3,0,0,1,0,63.5,4.7,44.2,3,5,0,82.7,1,1,2,1,41.95
8.69,3,1,0,0,0,0,11.6,9.0,70.1,0,3,1,39.0,0,0,0,3,0.0
6.44,5,1,1,0,0,0,69.1,5.0,58.6,1,6,0,64.1,1,1,2,1,38.86
8.97,2,1,0,0,1,0,26.1,9.8,84.1,1,3,2,60.8,1,1,2,2,42.47
6.91,0,1,1,0,0,0,14.6,9.6,95.1,2,2,2,72.0,1,1,2,0,49.02
8.1,5,3,1,1,0,0,42.6,9.8,79.5,1,4,0,81.4,2,1,1,0,55.0
9.0,3,1,0,0,1,0,68.4,4.2,81.4,0,2,1,31.2,1,0,0,3,0.0
6.01,3,3,1,0,0,0,84.9,6.4,54.7,2,4,2,65.8,1,1,2,0,43.55
7.73,1,2,1,1,0,0,16.6,9.5,59.7,1,1,0,58.5,2,1,0,0,76.67
6.57,5,3,1,0,1,0,48.7,8.1,55.7,1,5,0,83.5,2,1,0,3,75.99
8.63,3,1,1,1,1,1,60.1,6.0,72.7,0,6,0,83.5,4,1,1,2,63.58
6.78,3,3,1,0,1,0,20.4,5.8,84.9,1,3,2,64.6,2,1,0,0,75.67
7.63,5,2,1,0,0,0,20.6,4.0,42.4,3,5,0,80.4,1,1,2,2,41.48
8.0,0,1,1,1,1,0,34.2,7.9,44.1,2,6,0,107.1,3,1,0,2,74.88
7.92,1,2,0,1,0,0,68.0,5.6,89.7,2,5,0,73.2,1,1,2,2,40.25
6.61,4,2,1,1,0,0,95.3,8.3,95.8,1,6,0,88.1,2,1,1,3,70.86
5.29,2,1,0,1,1,1,58.3,4.7,47.3,2,6,0,95.8,3,1,1,3,62.2
6.67,1,2,1,0,1,0,8.5,6.6,79.5,1,5,1,71.2,2,0,0,3,0.0
9.47,0,2,1,0,1,1,86.2,5.9,91.1,0,6,0,80.1,3,1,0,0,95.59
8.07,3,2,0,1,0,0,10.6,9.0,54.4,0,6,1,65.8,1,1,2,0,43.5
7.01,1,1,1,0,1,0,94.4,5.5,46.0,1,4,0,67.3,2,1,0,1,73.37
6.83,2,2,0,1,1,1,86.5,7.6,82.1,0,3,0,65.7,3,1,0,3,70.03
7.1,2,3,0,0,0,0,6.4,5.9,53.2,1,2,0,33.7,0,0,0,3,0.0
9.82,3,3,1,1,0,1,93.3,7.5,47.6,1,4,1,79.1,3,1,0,2,90.29
6.58,3,1,1,1,0,0,29.8,7.8,49.3,1,4,0,74.6,2,1,0,0,74.13
9.92,2,2,0,0,0,1,42.6,7.4,41.3,0,4,0,50.2,1,0,0,3,0.0
7.53,0,2,1,1,0,0,97.7,5.1,66.7,1,2,0,59.7,2,1,0,2,87.0
9.65,1,3,0,1,1,0,38.7,5.7,58.3,3,2,0,75.5,2,1,0,3,86.15
9.25,3,1,1,1,0,0,59.3,6.9,48.0,0,4,0,56.3,2,1,0,1,68.84
7.0,5,2,0,1,1,0,59.8,8.0,65.2,2,1,0,66.6,2,1,0,3,88.64
8.75,1,2,0,1,1,0,36.0,7.2,83.0,1,6,0,86.3,2,1,0,2,88.66
5.34,4,2,1,0,1,0,82.6,7.3,43.3,3,5,0,96.9,2,1,1,1,65.44
7.57,2,2,1,1,0,0,7.5,6.3,89.2,0,2,0,44.4,2,1,0,3,68.48
7.61,0,1,0,1,0,1,7.9,4.3,41.2,0,4,0,52.2,2,0,0,3,0.0
8.92,1,3,0,1,1,0,53.6,6.9,63.4,2,1,1,65.6,2,1,0,1,90.43
7.74,1,1,1,0,0,0,95.2,8.9,82.5,1,2,0,52.5,1,1,2,0,46.17
6.29,5,1,0,0,0,1,94.5,6.0,74.3,3,1,0,67.4,1,1,2,3,49.04
9.71,0,1,1,0,0,1,74.9,5.3,92.0,3,1,1,66.9,2,1,0,2,73.18
5.3,3,1,0,0,0,0,66.8,4.8,91.1,2,1,1,34.7,0,0,0,3,0.0
5.16,1,1,0,1,1,0,70.5,5.1,85.0,0,3,0,51.8,2,1,0,3,85.74
9.32,1,2,0,1,1,0,71.8,6.2,45.5,1,1,1,51.0,2,1,1,0,55.26
9.48,3,2,1,0,0,0,68.8,5.6,84.2,0,4,1,43.2,1,1,2,3,40.84
8.56,4,2,0,1,0,1,52.2,7.8,87.2,1,1,1,59.5,2,1,1,1,51.74
8.7,3,1,0,1,0,1,46.0,5.3,48.0,3,3,0,80.7,2,1,0,1,89.92
8.58,0,2,0,1,1,0,50.9,4.8,92.0,2,3,1,66.8,2,1,0,3,73.49
8.89,2,3,1,1,0,1,31.3,4.4,82.1,0,4,0,60.0,3,1,0,0,69.13
9.08,0,2,1,1,1,0,10.4,7.4,71.9,1,1,1,67.9,3,1,0,0,74.97
9.45,5,3,1,1,0,0,23.3,7.0,58.6,0,4,0,58.6,2,1,0,3,88.2
8.54,4,2,0,1,1,1,11.4,7.9,90.1,1,4,0,86.8,3,1,1,3,53.78
7.5,2,2,0,0,0,1,22.0,4.6,75.1,1,2,0,43.5,1,0,0,3,0.0
8.25,5,3,1,1,0,0,11.2,4.3,55.4,0,5,0,56.8,2,1,1,3,54.19
7.86,3,2,1,1,0,0,46.4,8.7,76.2,1,6,0,88.4,2,1,1,1,70.77
9.11,1,1,1,1,0,1,98.2,9.5,66.3,0,3,0,69.1,3,1,0,3,94.1
8.92,4,2,1,0,0,1,33.8,9.5,98.9,1,2,0,70.1,2,1,0,2,72.98
8.28,2,3,0,1,1,1,44.9,6.8,44.6,1,6,0,91.1,3,1,1,3,59.08
8.36,1,2,0,0,0,0,72.1,7.1,76.3,1,5,0,52.2,0,1,2,3,43.84
5.94,1,3,0,0,0,1,1.7,4.3,74.4,2,1,0,45.7,1,1,2,1,45.29
6.3,3,1,1,1,0,1,68.9,5.7,81.6,0,1,1,56.7,3,1,0,1,69.19
7.89,5,3,1,1,1,1,5.6,8.5,91.1,0,1,0,69.8,4,1,1,0,55.56
8.87,0,2,0,1,0,0,1.5,9.5,98.6,0,3,0,50.8,1,0,0,3,0.0
8.42,0,3,1,1,0,0,40.5,9.9,57.5,0,2,0,63.0,2,1,0,3,86.32
9.74,0,3,0,1,0,0,68.4,5.1,71.3,1,3,0,46.2,1,1,2,1,39.89
8.98,3,3,0,0,0,0,9.8,5.0,95.4,2,2,0,43.7,0,0,0,3,0.0
6.09,4,1,0,0,0,0,43.1,7.1,48.4,1,1,0,38.2,0,1,2,3,48.85
8.43,2,2,0,1,0,1,91.0,6.3,77.8,1,4,0,71.5,2,1,1,3,57.24
8.69,1,1,0,0,0,1,63.3,8.3,55.4,2,5,0,77.9,1,1,2,0,44.0
9.68,1,3,1,1,0,0,58.0,9.5,50.6,0,1,0,51.2,2,1,1,3,71.09
8.98,2,3,0,1,1,0,29.9,4.6,56.3,2,1,0,54.7,2,1,0,3,79.14
9.53,5,1,0,0,0,0,65.8,8.4,87.2,0,5,1,49.7,0,1,2,2,45.26
6.81,4,3,1,0,0,0,99.6,6.8,89.0,1,3,0,59.3,1,1,2,0,47.74
9.55,4,3,0,1,0,1,27.7,6.7,60.7,0,6,0,66.7,2,1,1,2,66.54
8.81,3,1,0,0,0,0,45.5,7.1,40.4,1,1,0,40.1,0,0,0,3,0.0
9.91,1,3,1,0,0,0,6.9,7.5,75.9,2,4,0,72.0,1,1,2,2,42.06
6.79,3,1,1,1,0,0,91.7,8.8,67.1,2,3,1,82.6,2,1,0,0,78.32
7.32,0,1,1,1,0,1,45.7,4.9,95.8,1,2,1,61.9,3,1,0,0,90.52
7.09,0,2,1,0,1,1,28.5,7.5,46.6,3,4,2,107.1,3,1,0,0,93.89
7.06,2,2,0,1,0,0,22.1,7.2,99.8,2,5,0,74.4,1,1,2,1,38.64
9.4,4,3,1,0,0,0,68.0,9.0,48.8,0,6,1,62.3,1,0,0,3,0.0
8.17,3,3,1,1,0,0,84.4,4.8,71.2,0,4,1,58.5,2,0,0,3,0.0
9.68,1,1,1,1,0,1,85.0,5.7,97.1,0,1,0,56.7,3,1,3,1,118.4
7.51,4,1,0,1,0,0,59.9,6.1,97.2,3,4,0,74.0,1,1,2,3,48.27
7.43,5,3,0,1,0,1,61.3,4.9,97.7,1,5,0,67.4,2,1,0,1,83.18
6.03,3,3,1,1,0,1,81.5,5.6,57.8,0,1,0,47.7,3,1,1,1,52.97
5.51,4,2,1,0,1,0,63.9,5.4,82.8,2,1,0,60.4,2,1,0,0,74.89
7.27,3,2,1,1,0,0,47.5,6.2,61.5,1,6,1,78.5,2,1,0,2,88.54
7.02,3,2,0,1,0,0,79.4,6.9,60.0,0,2,1,36.8,1,1,2,1,39.35
6.05,0,2,1,1,0,0,29.8,8.0,59.7,0,1,0,46.8,2,1,0,0,75.48
7.45,5,2,0,1,1,1,58.3,6.8,89.1,1,6,1,89.7,3,1,0,3,75.4
6.17,1,2,0,0,0,1,32.2,4.2,47.6,3,1,0,62.5,1,1,2,3,43.91
5.57,2,1,0,1,1,1,51.0,5.8,49.1,0,5,0,76.2,3,1,0,3,80.51
8.5,3,1,0,1,0,0,98.1,8.4,47.1,2,6,0,85.1,1,1,2,1,55.4
7.7,3,3,0,0,0,0,74.3,8.3,48.2,2,4,2,60.1,0,1,2,0,48.66
7.25,5,2,0,1,0,0,46.0,5.7,62.2,0,6,0,57.7,1,1,2,0,37.72
7.97,0,3,0,0,1,0,80.3,8.7,57.8,0,2,0,42.1,1,0,0,3,0.0
10.0,3,2,0,1,0,1,9.4,9.7,76.7,0,5,2,75.6,2,0,0,3,0.0
9.74,0,3,0,0,0,0,49.7,4.7,64.1,1,5,0,46.8,0,1,2,2,41.3
8.9,5,3,1,0,1,0,4.7,5.1,97.4,0,4,0,56.1,2,1,0,3,63.61
9.22,2,1,1,1,1,1,92.0,4.6,72.6,2,3,0,85.5,4,1,0,0,74.51
5.87,4,3,0,0,0,0,62.0,8.0,90.2,0,2,0,34.2,0,0,0,3,0.0
7.31,4,3,1,0,1,0,90.0,9.6,80.3,1,5,0,84.7,2,1,0,0,80.89
5.97,1,3,1,1,1,1,20.8,7.4,92.1,1,1,0,75.2,4,1,1,1,68.84
8.49,1,1,0,1,1,0,1.8,8.2,41.3,1,6,0,84.0,2,1,0,2,79.08
6.81,2,2,1,1,0,0,93.3,8.3,74.6,1,2,0,67.0,2,1,0,2,79.14
8.34,5,2,0,1,1,0,97.9,6.3,56.0,1,6,1,75.6,2,1,0,1,75.12
8.23,0,2,1,1,0,0,27.4,9.9,75.8,2,3,0,79.8,2,1,1,0,60.98
9.78,1,2,1,0,0,1,90.6,7.2,77.8,0,4,0,58.2,2,1,1,1,65.63
9.68,4,1,1,0,0,1,82.8,9.8,93.4,1,4,0,80.9,2,1,1,0,67.54
6.33,5,3,1,0,0,1,63.4,4.8,66.6,1,3,0,58.8,2,1,1,0,66.13
9.37,4,2,0,1,0,0,51.2,9.6,42.9,1,4,0,65.1,1,1,2,3,52.84
8.68,2,3,1,0,1,0,33.6,7.5,46.2,2,1,0,68.4,2,1,1,0,70.68
8.87,0,2,1,1,0,0,53.0,5.6,41.3,2,3,0,68.2,2,1,1,2,59.47
8.02,4,1,0,0,0,0,60.1,4.4,83.3,0,4,0,30.9,0,1,2,3,44.29
9.06,5,2,0,1,0,1,76.6,7.9,89.4,1,3,0,70.2,2,1,1,2,65.46
8.64,3,1,1,0,0,1,11.2,5.6,69.5,2,1,0,57.5,2,1,0,0,73.57
9.46,5,1,1,0,0,1,60.8,9.9,90.5,0,3,1,67.4,2,1,1,3,64.24
8.91,2,3,1,1,0,0,84.5,8.4,98.8,0,4,0,68.1,2,1,0,0,92.0
9.18,5,2,1,1,0,1,92.6,4.1,44.5,0,6,0,67.9,3,1,1,0,74.27
6.68,0,3,1,1,0,1,24.1,8.5,85.0,0,5,0,75.6,3,1,1,1,54.39
8.77,3,1,1,0,0,0,57.7,4.9,61.4,1,5,0,58.1,1,1,2,0,45.0
5.85,5,1,1,1,1,0,37.6,9.6,70.2,1,2,1,74.7,3,1,0,2,76.72
5.96,1,2,1,1,0,0,85.4,8.5,56.3,0,4,1,69.5,2,1,0,0,89.02
7.6,1,2,1,0,1,1,78.2,5.2,45.2,1,5,0,76.6,3,1,0,2,78.21
8.63,4,1,0,0,0,0,81.8,5.0,88.5,1,2,1,34.4,0,1,2,2,46.42
9.74,2,2,0,1,0,0,40.7,8.1,53.6,1,6,1,72.0,1,1,2,2,52.98
8.43,0,1,1,0,1,0,17.8,5.4,65.1,0,6,0,68.5,2,1,0,1,80.61
8.98,3,2,0,0,1,0,79.3,5.7,78.8,2,3,0,58.4,1,1,2,0,47.47
7.78,1,3,1,1,0,1,30.9,8.2,41.0,1,4,0,81.7,3,1,1,3,59.01
6.42,5,3,1,1,0,1,38.2,5.8,41.5,0,3,0,62.0,3,1,1,1,60.31
9.52,3,3,0,0,1,1,85.7,6.5,45.4,1,5,0,78.4,2,1,1,2,52.95
8.93,3,3,0,1,1,0,0.4,4.1,65.0,0,5,0,61.7,2,0,0,3,0.0
6.19,3,2,1,0,0,0,86.2,6.9,99.7,1,4,1,65.7,1,1,2,2,40.63
7.94,1,2,0,1,0,0,91.5,6.8,43.8,1,4,0,58.3,1,1,2,1,54.05
6.16,3,2,1,0,0,1,63.6,5.0,65.8,0,2,0,43.1,2,1,0,1,72.24
7.99,2,1,0,0,1,1,86.2,7.4,64.6,0,4,0,60.4,2,1,0,0,90.78
5.49,5,3,1,0,0,0,46.4,6.6,88.0,2,2,1,60.4,1,0,0,3,0.0
5.5,2,1,0,1,1,0,5.5,7.2,96.1,1,6,0,81.8,2,1,1,3,52.31
5.99,2,1,0,1,0,1,8.9,7.1,95.1,3,2,0,77.4,2,1,0,2,80.45
8.6,3,1,1,1,0,1,31.0,7.0,64.1,2,1,0,77.0,3,1,0,1,90.54
8.15,1,3,1,0,1,1,23.4,5.2,82.9,0,2,0,60.2,3,1,0,2,77.89
9.28,0,2,1,0,0,1,26.6,8.6,52.4,0,3,1,55.8,2,1,0,1,85.19
8.3,4,3,1,1,1,1,48.3,4.7,46.9,2,2,0,81.4,4,1,0,1,86.17
5.26,0,3,0,1,1,0,41.6,9.9,52.0,0,6,0,78.5,2,1,1,1,59.0
5.24,5,1,0,1,0,0,40.3,7.9,81.9,1,6,0,73.8,1,1,2,1,37.63
5.25,2,1,1,0,1,0,59.3,7.2,40.3,0,1,1,43.0,2,0,0,3,0.0
9.41,5,1,0,1,0,0,0.7,8.9,61.6,1,5,0,70.5,1,1,2,0,44.12
9.67,4,1,1,0,0,1,85.0,6.5,46.7,0,6,0,73.0,2,1,0,0,76.89
5.66,4,1,1,1,1,0,32.6,6.8,92.6,0,6,0,84.9,3,1,0,2,68.0
7.9,4,1,1,1,0,1,3.9,5.1,89.9,2,1,0,68.8,3,1,0,0,81.15
5.08,4,3,0,1,1,0,3.6,9.4,44.4,2,1,0,76.4,2,1,1,0,61.02
5.2,0,1,1,0,0,1,28.4,7.5,75.2,1,4,2,77.5,2,1,1,0,53.47
7.53,0,1,0,1,0,1,78.5,8.8,48.1,1,5,0,85.7,2,1,0,3,73.17
6.23,5,1,1,1,1,0,67.7,8.7,47.9,1,3,0,78.5,3,1,0,2,66.19
9.86,3,2,0,1,0,1,87.4,7.4,40.5,0,4,0,62.0,2,1,0,0,85.89
6.55,5,3,0,0,1,1,12.7,6.1,75.5,2,2,0,66.1,2,1,0,2,90.58
5.96,3,3,0,1,0,0,96.9,8.3,52.7,0,3,0,50.1,1,1,2,1,46.56
8.46,5,1,1,1,0,0,87.9,6.5,68.9,0,1,0,41.2,2,1,1,0,62.15
8.82,3,3,0,1,0,1,73.6,8.6,79.4,1,4,0,77.0,2,1,1,2,61.46
6.53,0,2,1,0,0,1,58.4,7.1,59.1,2,1,0,68.6,2,1,1,3,67.3
5.26,3,3,1,1,0,0,48.3,9.3,62.7,2,3,0,87.5,2,1,0,2,76.5
9.91,3,3,0,0,0,0,47.1,5.1,48.7,0,3,0,32.9,0,0,0,3,0.0
9.05,3,1,1,0,0,0,26.5,8.4,78.2,2,6,0,89.5,1,1,2,2,42.71
6.92,2,3,1,1,0,0,50.9,4.9,76.7,1,1,0,44.8,2,1,1,1,57.11
9.84,0,1,0,1,0,0,34.3,7.4,44.4,2,2,0,60.6,1,1,2,0,49.36
8.31,5,3,1,1,1,0,53.2,5.7,42.8,1,2,0,65.3,3,1,1,0,72.67
6.97,3,3,0,1,1,1,78.6,6.0,89.0,1,6,1,83.8,3,1,0,0,80.79
6.6,3,3,1,1,0,0,87.5,5.8,45.7,2,1,0,57.9,2,1,1,3,55.54
7.72,0,3,0,1,1,1,7.8,4.6,69.6,0,2,1,55.3,3,0,0,3,0.0
9.83,0,3,1,1,0,0,67.0,4.4,55.4,2,2,1,58.5,2,1,0,1,75.15
5.33,3,2,1,0,0,0,94.9,5.5,71.9,1,5,0,64.6,1,1,2,1,45.68
5.49,3,2,1,1,0,0,8.1,10.0,87.0,3,4,0,100.3,2,1,0,3,85.04
7.56,3,2,0,1,0,1,94.1,6.0,42.5,1,5,0,75.6,2,1,1,2,57.48
8.52,2,2,1,1,1,0,37.3,7.0,74.7,0,3,0,67.3,3,1,1,0,49.91
7.64,1,2,1,1,0,0,17.5,9.9,73.7,1,3,0,78.6,2,1,0,0,81.72
5.92,4,3,1,1,1,1,12.9,4.1,81.4,0,1,0,58.0,4,1,0,3,68.05
9.85,0,1,0,1,0,0,25.4,9.0,69.1,1,4,0,63.9,1,1,2,2,46.48
5.94,0,2,1,0,0,0,73.4,4.3,93.3,2,1,0,44.8,1,1,2,2,40.31
6.05,1,3,0,0,0,1,7.5,4.8,78.7,0,3,1,42.0,1,0,0,3,0.0
9.17,2,1,0,1,0,1,49.7,4.6,57.4,3,4,0,81.4,2,1,0,2,92.6
6.87,5,3,1,1,0,1,33.4,8.9,42.3,2,1,0,83.7,3,1,0,0,80.53
5.48,1,1,0,1,0,1,25.0,9.3,88.8,3,5,1,99.0,2,1,0,3,84.36
5.39,2,3,0,1,0,1,54.3,9.0,47.5,0,2,0,58.8,2,0,0,3,0.0
9.42,3,3,1,0,0,0,96.2,8.6,69.3,0,2,0,48.7,1,1,2,2,44.93
7.8,2,3,1,0,0,0,54.8,7.8,55.6,0,3,1,44.9,1,0,0,3,0.0
7.46,2,2,0,0,1,1,29.2,9.2,86.3,1,1,0,58.1,2,1,0,2,86.91
9.73,5,3,1,1,0,1,45.0,5.1,70.5,1,2,1,60.6,3,1,0,1,74.29
6.71,4,3,1,0,1,0,95.1,7.7,82.4,0,6,0,77.4,2,1,1,3,66.63
8.6,4,1,1,1,0,0,22.2,8.9,76.5,1,1,1,63.9,2,1,0,0,89.2
5.06,5,2,1,0,0,0,58.0,9.4,59.2,1,6,1,79.2,1,1,2,2,51.5
7.36,2,3,0,1,0,1,96.2,5.1,80.6,0,3,0,50.4,2,1,1,1,60.93
8.75,3,3,1,1,0,1,66.7,4.3,59.6,1,3,0,67.4,3,1,0,2,72.91
8.45,5,3,1,0,0,0,7.2,4.9,44.4,2,3,1,56.6,1,0,0,3,0.0
8.61,1,2,0,1,1,1,29.9,5.9,80.3,0,5,0,76.4,3,1,1,2,63.42
7.64,4,2,1,1,1,1,7.4,4.3,96.3,1,3,0,80.3,4,1,0,0,70.4
8.59,2,2,1,1,0,1,58.2,4.8,67.7,2,4,0,86.5,3,1,0,2,85.38
8.98,4,1,0,0,0,0,9.2,6.0,66.2,0,2,0,32.5,0,0,0,3,0.0
9.61,5,3,1,1,0,1,0.5,8.5,94.2,0,3,1,70.1,3,1,0,3,88.9
6.71,0,1,1,1,0,1,58.0,5.0,80.5,0,3,0,61.0,3,1,1,2,55.95
5.79,0,3,1,0,0,0,74.8,5.6,92.9,2,4,0,62.6,1,1,2,1,52.69
9.91,3,2,1,1,1,1,33.9,6.8,91.5,0,5,0,80.7,4,1,1,3,72.65
7.28,2,1,0,1,0,1,48.9,6.1,95.5,0,1,0,40.9,2,1,1,0,65.16
5.73,2,3,1,1,0,0,80.1,6.7,80.2,0,5,0,67.3,2,1,0,0,63.5
5.28,5,3,0,0,0,0,25.3,9.6,94.4,1,2,0,47.9,0,0,0,3,0.0
7.26,0,1,1,1,0,0,9.5,5.2,64.8,0,6,0,67.2,2,1,1,1,62.0
7.06,4,3,0,1,0,1,84.2,5.4,92.0,0,5,0,59.2,2,1,1,2,55.21
7.11,1,1,1,0,0,0,5.5,5.2,40.6,1,6,0,62.4,1,1,2,0,45.62
8.0,3,3,1,1,0,1,87.1,4.1,66.1,0,1,0,42.8,3,1,0,3,87.21
9.11,3,3,0,0,0,0,15.0,7.0,88.1,1,6,0,65.0,0,1,2,3,40.57
7.04,3,2,0,1,1,0,4.5,5.9,57.5,2,4,0,81.5,2,1,0,1,62.23
6.22,5,1,1,0,0,0,64.8,8.3,50.7,0,3,0,51.2,1,1,2,0,43.02
5.47,3,1,1,0,1,0,44.5,4.7,61.1,3,2,0,71.2,2,1,1,0,73.64
8.95,1,3,1,0,0,0,69.3,8.7,89.6,3,4,3,83.5,1,1,2,3,48.84
9.91,5,3,1,0,0,1,60.4,9.6,54.0,0,5,0,77.9,2,1,0,0,93.78
8.66,0,1,1,0,0,1,22.0,6.6,86.9,2,3,0,76.4,2,1,1,3,71.02
7.8,5,1,1,1,0,0,70.5,8.4,58.2,0,1,2,50.9,2,1,1,2,55.98
5.2,4,2,1,0,0,0,67.7,8.6,68.4,1,2,1,52.9,1,0,0,3,0.0
6.68,4,1,1,1,1,0,1.1,8.7,89.3,0,4,0,73.6,3,1,1,0,48.29
9.28,2,2,0,1,1,0,4.1,8.2,67.1,0,3,0,61.7,2,1,0,2,81.93
8.26,0,2,1,0,0,1,32.8,9.2,47.4,1,3,2,69.1,2,0,0,3,0.0
6.19,1,2,1,0,0,0,71.5,4.4,59.9,0,2,0,34.1,1,0,0,3,0.0
7.43,4,1,0,0,0,0,68.3,8.0,97.0,2,2,0,51.4,0,1,2,3,41.93
5.67,5,3,0,1,0,1,11.3,5.5,88.4,2,1,0,64.5,2,1,0,1,75.25
8.85,5,3,1,0,1,1,40.8,5.7,83.9,0,6,0,75.0,3,1,0,0,81.65
5.0,0,2,0,1,1,0,77.8,7.7,98.3,1,6,0,82.1,2,1,0,2,71.82
8.52,3,1,1,0,1,0,30.4,9.5,59.3,0,3,0,60.5,2,1,0,3,82.26
9.35,0,2,0,1,0,0,49.1,8.3,96.3,0,6,0,66.8,1,1,2,3,42.62
9.01,5,2,1,0,0,0,23.6,8.4,42.4,0,1,0,37.4,1,0,0,3,0.0
9.95,1,3,1,0,0,0,2.0,4.8,81.7,0,2,0,32.6,1,0,0,3,0.0
6.45,3,2,1,0,0,0,93.7,6.3,79.8,0,1,0,32.0,1,0,0,3,0.0
5.87,0,2,1,0,0,0,50.7,7.4,58.8,0,2,2,45.2,1,0,0,3,0.0
6.25,0,2,0,0,0,1,76.1,6.5,40.3,0,1,0,30.6,1,0,0,3,0.0
6.27,4,3,1,0,0,0,32.8,8.0,83.8,1,5,0,70.7,1,0,0,3,0.0
6.95,3,3,1,1,1,0,24.7,10.0,46.2,0,1,0,62.1,3,1,0,0,85.7
6.6,0,2,1,1,0,1,6.3,8.9,69.7,0,5,0,84.1,3,1,0,2,71.41
6.68,4,2,1,1,0,0,84.7,6.6,41.1,0,5,2,66.7,2,0,0,3,0.0
5.95,5,2,1,1,0,1,2.8,9.0,87.3,0,6,0,82.4,3,1,0,2,70.98
7.54,3,2,1,0,0,1,39.6,5.8,92.0,2,4,0,73.5,2,1,0,0,80.99
6.05,4,2,1,1,0,1,11.1,5.1,65.7,0,2,1,54.9,3,1,0,1,72.61
9.11,0,3,1,0,0,1,75.3,8.9,42.0,1,4,0,81.3,2,1,0,2,91.65
6.74,5,3,1,1,0,1,84.3,6.2,40.6,1,4,1,78.1,3,1,1,1,52.41
7.19,2,2,1,1,0,0,17.1,5.4,74.5,1,2,0,57.1,2,0,0,3,0.0
9.15,1,3,1,1,1,0,47.0,9.7,86.0,3,3,1,107.0,3,1,0,1,86.97
9.78,4,1,1,1,0,0,45.4,5.3,40.2,0,4,0,55.4,2,1,0,1,73.51
5.24,2,1,1,1,1,0,57.2,5.5,53.7,0,3,1,59.2,3,1,0,1,82.9
8.56,5,1,0,0,0,0,19.2,6.0,83.7,1,6,1,53.5,0,1,2,2,38.86
6.31,4,3,1,0,0,0,89.6,7.8,83.8,3,1,0,71.8,1,1,2,3,52.21
8.79,3,3,1,1,1,0,30.9,7.7,97.8,0,4,0,72.5,3,1,1,3,63.55
8.25,1,3,1,1,0,0,92.8,9.6,83.2,2,5,0,98.1,2,1,1,0,78.1
9.34,1,2,0,0,0,0,2.2,9.2,73.2,1,2,0,49.5,0,1,2,1,36.75
9.84,3,1,1,1,0,1,4.8,4.9,64.8,1,3,0,73.2,3,1,0,3,68.75
7.69,3,3,0,0,1,1,63.5,9.5,41.1,1,1,0,60.0,2,1,0,0,93.7
8.31,2,3,1,0,1,0,33.5,8.9,88.2,2,5,0,95.8,2,1,1,2,60.45
8.4,2,3,0,1,1,1,17.1,9.4,79.4,2,3,0,89.0,3,1,0,2,76.44
7.22,2,2,0,0,0,1,26.8,6.0,79.6,0,4,0,50.7,1,1,2,3,37.55
7.35,0,1,1,1,0,1,84.7,4.1,64.2,3,3,0,91.6,3,1,3,0,99.88
7.49,2,1,1,1,1,0,63.1,4.5,69.3,0,1,0,52.6,3,1,0,2,72.88
9.79,5,3,0,0,0,1,18.0,7.0,90.9,0,2,1,39.5,1,0,0,3,0.0
7.15,5,2,1,0,1,0,97.8,8.9,73.3,3,3,0,92.7,2,1,0,3,78.29
7.68,5,3,1,0,0,1,21.4,5.2,64.8,0,6,0,65.0,2,1,1,2,56.33
7.43,3,3,1,0,1,1,96.1,4.1,50.3,1,2,1,66.8,3,1,0,1,71.84
6.63,2,3,0,1,0,0,0.9,8.8,50.6,1,6,0,75.6,1,1,2,3,40.75
7.62,5,1,0,1,0,0,0.6,6.3,43.8,3,4,0,83.2,1,1,2,2,41.12
6.31,3,1,1,1,0,0,72.4,8.8,57.4,1,5,1,84.9,2,1,0,0,76.19
9.12,1,1,1,1,1,1,83.2,7.7,79.9,0,2,0,69.9,4,1,3,1,103.02
9.91,0,1,1,0,0,0,59.9,6.5,65.9,0,3,0,45.7,1,1,2,3,46.37
8.54,3,3,1,0,1,1,36.1,5.3,63.1,2,6,0,91.1,3,1,0,1,90.85
9.02,2,2,1,0,0,0,25.5,5.6,73.4,1,6,0,71.5,1,1,2,0,46.41
5.72,3,2,1,0,0,0,47.2,7.0,83.9,0,2,1,36.6,1,0,0,3,0.0
8.58,2,3,1,0,0,0,12.7,6.9,85.8,0,4,0,51.2,1,1,2,2,37.5
7.61,1,3,0,1,0,0,3.7,7.7,57.7,0,4,0,52.7,1,0,0,3,0.0
8.14,2,1,0,1,1,0,41.7,6.3,72.1,2,5,0,83.0,2,1,0,0,89.6
7.52,0,3,1,1,0,0,85.4,5.5,92.6,0,2,0,46.6,2,1,1,3,50.06
7.48,2,2,0,1,0,1,42.0,7.6,46.3,1,3,1,71.4,2,1,0,1,82.8
7.83,2,1,1,0,1,0,67.2,4.0,95.5,0,3,1,51.1,2,1,1,1,70.0
9.57,2,2,1,0,0,0,42.9,6.4,51.1,1,3,3,54.1,1,0,0,3,0.0
5.7,1,3,0,1,0,1,36.5,9.5,86.8,2,3,0,87.2,2,1,0,3,70.04
5.98,4,3,0,1,0,1,14.4,9.8,76.2,2,4,0,84.8,2,1,1,2,53.22
7.97,2,3,0,0,1,0,22.7,5.0,80.1,1,6,1,60.6,1,1,2,3,42.13
9.82,1,2,0,0,1,0,21.5,9.0,99.2,1,1,0,55.2,1,1,2,1,44.84
6.61,1,3,1,1,0,1,26.5,7.1,67.0,0,1,1,59.3,3,0,0,3,0.0
5.93,1,3,1,1,0,1,39.4,5.6,50.1,1,4,1,78.2,3,1,1,2,64.21
7.77,1,3,0,1,0,1,81.8,7.5,55.1,0,5,0,68.7,2,1,1,3,67.45
7.81,5,2,0,0,0,1,85.2,7.4,71.9,1,1,0,48.0,1,1,2,2,42.13
5.26,2,2,0,0,0,1,3.9,8.0,56.4,2,4,0,74.2,1,1,2,1,41.53
9.98,4,2,1,0,1,0,83.3,6.7,83.2,0,1,1,46.4,2,1,0,3,77.7
7.09,4,1,1,1,0,0,99.2,9.6,58.5,0,6,0,79.6,2,1,1,1,55.25
6.01,4,1,1,1,1,0,50.4,6.8,55.2,1,3,0,79.3,3,1,0,0,79.3
8.7,0,3,1,1,1,0,33.8,6.8,59.8,2,2,1,81.7,3,1,1,2,51.85
5.17,1,2,0,1,1,0,45.1,9.5,88.9,1,2,0,71.4,2,1,1,1,50.62
5.72,5,2,1,0,1,1,52.8,7.2,67.7,0,6,0,83.0,3,1,0,1,75.17
9.4,4,1,1,1,1,0,68.9,9.6,55.0,1,4,0,86.5,3,1,0,1,88.38
7.41,1,2,1,0,0,1,51.1,8.4,64.7,1,1,0,63.5,2,1,0,2,83.95
8.2,3,2,0,1,0,0,24.0,7.3,46.5,3,6,0,96.5,1,1,2,1,49.73
6.35,3,3,0,0,1,0,7.6,5.6,52.0,0,3,2,36.9,1,0,0,3,0.0
5.96,2,3,0,0,0,0,99.2,5.4,58.6,3,4,0,70.5,0,1,2,3,48.75
8.69,4,3,1,1,0,1,44.3,7.6,68.6,3,5,0,109.8,3,1,0,1,78.38
8.98,2,2,0,1,0,0,45.1,5.5,87.4,1,2,0,46.8,1,1,2,1,51.08
7.01,2,3,1,0,1,0,12.3,9.6,67.2,2,3,0,85.1,2,1,0,3,74.31
9.21,3,2,1,0,0,0,18.9,5.6,72.1,2,4,0,64.3,1,1,2,3,47.04
6.21,5,3,0,1,0,0,50.7,8.1,78.0,2,3,0,67.1,1,1,2,3,41.72
7.61,4,1,1,0,1,0,29.0,7.2,41.4,0,5,0,69.9,2,1,1,1,66.14
8.05,2,1,1,1,1,1,46.7,7.4,66.7,1,5,1,100.2,4,1,0,3,77.16
9.23,2,3,1,1,0,0,73.2,5.0,61.1,0,6,1,65.6,2,1,1,2,61.93
9.74,1,3,1,0,0,0,98.9,6.8,44.5,3,3,0,73.8,1,1,2,2,53.54
7.21,2,1,1,0,0,1,97.6,5.9,67.7,1,5,1,72.4,2,1,0,1,85.73
6.62,2,2,1,0,0,0,82.2,5.8,82.3,1,3,0,55.9,1,1,2,1,46.79
7.1,3,1,0,0,0,0,80.6,8.7,74.9,2,2,0,59.8,0,1,2,1,43.61
7.05,3,2,1,0,0,0,57.8,6.3,72.1,2,3,0,62.3,1,1,2,2,47.5
5.47,3,1,1,0,1,0,12.9,7.2,63.7,0,3,0,54.6,2,1,0,3,64.34
5.99,5,2,1,0,0,1,11.0,6.8,44.3,1,6,0,80.6,2,1,0,1,75.77
9.75,3,1,1,0,1,0,82.9,8.9,51.3,2,3,3,79.3,2,1,1,0,55.57
7.28,4,1,1,1,0,1,1.4,7.6,73.8,0,6,0,82.3,3,1,0,0,69.69
6.28,0,3,1,1,0,0,68.4,4.1,84.1,1,4,0,64.5,2,1,0,0,84.39
8.63,4,1,0,0,0,0,64.6,6.4,44.7,1,2,0,37.1,0,1,2,2,49.13
8.12,2,2,0,0,0,0,50.1,4.3,60.9,0,3,0,28.7,0,0,0,3,0.0
5.37,1,1,1,1,0,1,98.0,7.3,97.0,0,6,0,79.8,3,1,3,3,100.11
8.49,3,3,1,0,0,1,52.9,6.4,59.3,1,3,0,62.8,2,1,1,2,52.62
8.65,0,1,1,0,0,0,2.1,7.6,80.2,1,3,0,54.9,1,1,2,0,44.36
5.22,4,1,1,0,0,1,9.8,8.2,60.3,0,6,0,77.9,2,1,0,3,77.16
9.16,0,2,0,1,0,0,34.0,7.7,93.5,1,3,0,61.8,1,1,2,1,42.02
6.76,2,1,1,0,0,0,95.3,6.4,60.2,0,5,2,57.2,1,1,2,2,42.86
8.96,4,2,1,0,1,0,26.3,6.3,69.9,0,3,0,49.1,2,1,0,3,63.99
8.87,0,1,1,1,0,1,70.0,5.5,94.2,0,1,1,53.6,3,1,0,3,90.49
6.39,5,3,1,1,0,0,80.3,6.6,54.0,3,3,1,86.7,2,1,1,2,60.28
9.59,1,3,1,1,1,0,66.8,4.6,70.5,0,3,0,59.7,3,1,0,1,69.68
6.12,1,1,1,1,1,0,64.2,8.9,73.6,0,3,0,72.7,3,1,0,0,77.86
6.96,3,1,1,1,0,1,42.4,6.5,48.4,1,3,0,72.8,3,1,0,0,75.93
7.77,4,3,1,0,0,0,83.6,9.8,66.3,1,2,1,56.5,1,1,2,3,45.22
7.0,4,3,0,0,0,1,91.2,7.0,98.0,3,6,0,91.5,1,1,2,2,52.29
6.13,5,2,1,1,0,0,17.0,8.3,86.2,1,2,1,62.5,2,0,0,3,0.0
6.68,0,3,1,1,0,0,26.8,9.1,58.8,2,3,0,84.2,2,1,0,2,80.62
5.16,3,2,1,1,0,1,79.2,5.8,42.2,3,5,0,100.8,3,1,0,2,96.3
5.4,1,2,0,1,1,0,72.6,7.9,83.9,1,6,1,81.4,2,1,1,0,54.42
8.41,2,3,1,1,0,0,41.0,4.6,94.4,0,4,2,54.2,2,0,0,3,0.0
5.45,0,2,0,1,0,0,51.7,4.1,55.9,1,6,1,66.6,1,0,0,3,0.0
5.68,0,2,0,1,1,0,30.5,6.6,58.3,0,5,3,65.1,2,0,0,3,0.0
9.14,4,3,0,1,1,1,59.6,6.8,61.9,1,5,1,87.2,3,1,0,2,90.66
7.68,5,3,1,1,0,1,16.3,10.0,47.1,0,1,1,63.6,3,0,0,3,0.0
9.98,2,1,1,0,1,1,79.0,8.9,45.1,1,1,0,73.2,3,1,3,2,110.44
7.41,2,3,0,1,0,0,84.9,7.1,96.0,2,6,1,82.7,1,1,2,0,40.17
8.84,1,1,0,1,0,0,26.2,7.0,65.1,2,2,0,64.2,1,1,2,3,49.65
8.57,1,2,1,0,0,0,21.5,5.2,99.4,2,2,1,51.6,1,1,2,1,47.61
5.21,4,1,0,0,0,0,91.7,6.3,90.7,0,6,0,47.2,0,1,2,3,37.61
7.26,0,2,1,0,0,0,43.4,5.7,92.2,1,5,0,59.4,1,1,2,1,46.12
8.88,0,1,0,1,1,1,95.3,6.3,87.2,1,5,0,80.9,3,1,0,2,70.49
7.14,2,2,0,1,0,0,92.8,7.2,61.2,2,4,0,73.8,1,1,2,3,53.78
8.93,5,2,1,1,0,0,73.8,7.6,50.7,0,2,0,57.6,2,1,0,0,76.34
7.43,0,3,1,1,0,0,60.3,5.9,94.6,2,3,0,70.6,2,1,1,1,59.84
7.36,2,2,1,0,1,1,94.7,6.4,53.0,1,4,0,83.3,3,1,1,2,62.16
6.84,1,2,0,1,1,0,49.0,4.2,77.5,1,6,0,77.3,2,1,1,0,69.15
5.06,0,2,0,1,0,0,20.2,5.6,70.3,3,2,1,68.4,1,0,0,3,0.0
9.47,3,2,0,1,0,1,14.1,5.3,73.5,2,3,0,69.6,2,1,1,3,71.09
8.5,3,2,1,1,0,0,18.8,8.9,94.9,1,2,0,67.5,2,1,0,1,82.69
8.76,3,3,1,1,1,1,63.6,5.8,99.0,0,4,0,78.2,4,1,1,3,51.34
8.59,2,3,1,0,0,1,6.3,4.6,79.0,0,4,0,58.6,2,1,0,0,65.03
6.34,0,3,1,1,0,0,21.1,6.9,60.5,1,3,0,62.4,2,0,0,3,0.0
5.18,3,1,1,1,0,0,10.3,7.7,45.7,2,3,3,79.9,2,1,0,3,83.16
9.19,5,1,0,1,0,0,10.8,6.6,47.4,1,1,0,46.3,1,1,2,0,41.03
7.35,2,1,1,0,0,1,78.4,7.1,91.5,1,2,0,61.1,2,1,0,2,79.77
6.83,2,3,1,0,0,1,82.8,6.5,71.1,0,1,0,42.9,2,1,0,0,75.67
7.57,2,2,0,0,0,1,42.7,7.8,83.7,1,2,0,52.2,1,1,2,3,45.78
9.37,4,3,0,0,0,0,1.9,9.3,53.6,3,5,3,84.6,0,0,0,3,0.0
8.58,3,2,1,0,1,0,96.2,8.3,78.7,2,5,0,94.7,2,1,0,3,89.25
8.92,0,3,1,0,0,0,67.9,8.4,97.9,0,6,0,64.9,1,1,2,0,46.49
6.9,5,2,1,1,0,0,96.9,4.5,60.8,1,1,0,49.0,2,1,0,0,73.06
9.83,1,1,0,1,1,0,69.9,5.5,42.4,1,4,0,63.9,2,1,0,2,71.78
6.52,1,3,1,1,1,0,95.4,9.5,43.2,1,6,0,97.8,3,1,0,3,96.53
8.12,2,3,1,0,0,0,37.5,9.6,89.7,0,1,1,40.4,1,1,2,1,43.16
8.29,0,1,1,1,0,1,78.3,7.3,49.3,0,3,1,63.2,3,1,3,3,110.96
6.18,0,1,1,0,1,0,95.3,4.3,82.6,1,2,0,48.7,2,1,0,2,84.68
7.11,4,3,1,1,0,1,30.1,7.3,57.4,1,5,0,88.8,3,1,1,0,55.31
6.75,2,2,1,0,0,0,70.5,9.4,66.1,1,2,0,58.1,1,1,2,2,40.77
8.83,5,1,1,0,0,1,76.9,4.9,84.5,1,3,2,63.4,2,1,0,3,87.73
8.01,2,2,1,0,1,0,46.5,10.0,69.6,0,5,0,78.0,2,1,1,3,64.23
6.73,0,3,0,1,0,0,56.9,5.5,69.8,2,5,0,67.0,1,1,2,1,45.83
7.51,5,2,1,0,0,0,19.6,9.8,49.2,0,6,0,66.2,1,1,2,3,45.95
5.36,2,3,0,0,0,0,15.7,7.9,72.2,0,3,0,37.0,0,0,0,3,0.0
9.2,2,1,0,1,0,1,15.3,4.5,78.5,1,2,0,55.8,2,1,0,2,67.68
9.66,0,3,1,0,0,0,25.5,7.7,96.7,0,6,1,67.6,1,1,2,1,50.28
7.3,3,3,0,0,0,0,50.5,7.2,98.4,3,6,0,86.0,0,1,2,3,38.53
7.18,5,1,1,1,0,0,46.2,9.5,59.6,1,4,1,81.0,2,1,0,0,69.2
5.52,2,3,1,1,0,0,2.6,8.8,76.0,2,3,0,81.7,2,1,0,3,62.25
5.13,4,3,1,0,1,0,45.3,7.1,82.8,0,1,0,44.6,2,0,0,3,0.0
8.23,2,3,1,1,0,1,70.6,7.2,80.7,2,3,0,89.9,3,1,0,3,92.3
5.22,4,1,1,1,0,0,79.6,6.0,40.2,3,5,1,96.3,2,1,0,1,76.3
8.29,0,2,1,1,0,0,54.4,6.8,47.6,1,4,0,66.4,2,1,0,1,89.51
9.79,1,2,0,0,0,1,85.0,6.6,95.7,1,2,0,49.4,1,1,2,2,41.89
7.25,1,2,1,1,0,0,37.9,9.4,40.6,1,5,0,79.0,2,1,1,0,54.15
8.13,1,1,1,0,1,1,54.8,7.7,45.5,1,5,0,92.6,3,1,0,0,93.55
9.81,2,1,0,0,0,1,25.6,9.6,75.6,2,1,2,67.5,1,1,2,1,41.53
6.45,2,3,1,1,1,1,83.8,7.2,52.5,1,6,0,100.7,4,1,1,1,74.95
9.66,0,1,1,1,0,0,48.5,5.5,71.7,0,6,1,70.0,2,1,1,1,71.33
9.22,4,2,1,0,1,0,53.9,6.7,73.9,1,2,1,60.2,2,1,0,2,82.24
5.35,2,3,1,1,0,1,7.4,5.3,84.9,1,4,0,80.4,3,1,0,0,69.27
9.62,3,3,0,0,0,1,30.9,10.0,42.3,0,3,0,58.8,1,1,2,1,50.34
8.64,5,1,1,0,0,0,98.2,4.6,75.4,1,2,1,39.7,1,1,2,2,44.65
5.68,2,2,1,0,0,1,57.8,6.2,97.0,0,2,0,52.5,2,1,0,3,70.76
5.89,5,2,1,0,1,1,61.1,6.2,52.6,2,3,0,83.5,3,1,1,3,53.47
5.4,5,1,1,0,1,0,51.5,5.6,83.4,0,4,0,53.3,2,1,0,1,78.12
8.55,2,3,0,0,1,0,79.5,7.8,75.3,1,2,0,58.4,1,1,2,2,47.54
9.44,3,2,0,1,1,0,44.3,7.0,58.7,1,1,1,58.2,2,0,0,3,0.0
6.1,1,3,0,1,0,1,33.9,8.9,47.8,0,1,0,49.2,2,0,0,3,0.0
8.5,2,1,1,0,0,1,59.5,7.9,43.8,0,6,0,76.5,2,1,0,1,71.43
9.74,4,2,1,0,1,1,66.6,4.8,64.5,0,1,0,49.5,3,1,1,2,69.75
6.14,0,3,0,0,0,0,96.6,7.4,93.4,1,4,0,51.2,0,1,2,1,44.96
5.49,2,1,0,1,0,1,71.2,7.0,91.4,0,5,0,66.6,2,1,0,1,84.81
9.75,2,3,0,0,0,0,97.0,4.2,85.2,1,2,0,33.8,0,1,2,1,44.01
6.52,2,3,1,1,0,1,37.5,4.5,63.2,1,3,0,64.1,3,1,1,0,51.84
5.46,0,2,1,0,0,0,6.6,5.3,47.7,0,1,0,33.8,1,0,0,3,0.0
6.5,4,3,0,1,1,0,18.0,6.6,88.4,0,6,1,65.6,2,0,0,3,0.0
7.48,5,2,1,0,1,0,32.5,4.2,85.0,0,3,2,50.7,2,0,0,3,0.0
6.28,4,3,0,0,0,0,96.9,4.3,75.5,2,4,0,54.1,0,1,2,0,41.29
6.7,5,3,1,0,1,0,100.0,5.0,86.3,0,4,0,59.5,2,1,0,2,77.41
8.31,5,3,1,1,1,1,37.9,5.0,94.8,0,4,0,73.9,4,1,0,1,85.25
7.24,5,3,1,1,0,0,69.3,7.6,92.7,1,6,0,86.9,2,1,0,1,75.54
5.35,4,3,1,0,0,1,75.5,8.5,71.1,2,3,0,76.9,2,1,0,0,71.36
8.21,5,1,1,1,0,0,67.6,9.8,55.2,2,6,0,103.7,2,1,1,2,67.78
9.53,0,1,1,1,0,0,46.9,9.0,40.9,0,3,0,64.3,2,1,1,0,62.28
9.62,1,1,1,1,0,1,71.2,6.2,82.8,0,1,1,50.3,3,1,1,3,65.02
5.66,5,3,1,0,0,0,37.2,4.6,55.1,0,5,1,44.1,1,0,0,3,0.0
5.25,0,2,0,1,0,0,91.2,6.2,42.7,0,4,0,49.1,1,1,2,0,37.72
5.78,1,2,1,1,0,0,47.0,8.6,46.3,2,1,2,73.7,2,0,0,3,0.0
6.66,3,1,1,0,1,1,73.1,9.9,56.4,2,6,0,114.4,3,1,0,3,87.05
9.49,2,2,1,1,1,1,42.3,5.0,88.9,1,5,0,92.5,4,1,0,2,84.32
8.61,1,1,1,0,0,1,77.6,5.7,59.4,1,6,0,76.6,2,1,1,1,60.67
5.61,3,2,0,0,0,1,14.7,5.0,40.9,2,1,0,51.1,1,0,0,3,0.0
7.08,3,2,1,0,1,0,66.3,8.0,55.1,0,4,0,64.0,2,1,0,1,68.57
8.13,2,3,1,1,0,0,56.2,7.6,62.3,0,5,0,66.1,2,1,1,1,61.08
6.63,2,3,0,1,1,1,74.4,9.0,61.1,0,1,0,62.7,3,1,1,0,57.62
8.1,1,2,1,1,1,0,43.7,5.5,47.2,3,6,0,108.6,3,1,0,3,92.18
7.16,4,2,1,0,0,0,40.1,8.6,94.9,1,6,0,79.2,1,1,2,2,46.06
6.49,2,1,1,1,0,0,46.1,6.8,72.6,1,6,0,84.1,2,1,0,3,71.08
7.37,0,2,1,0,1,0,71.8,9.4,94.1,0,6,0,76.9,2,1,0,3,69.12
7.73,4,1,0,0,0,0,32.4,7.8,92.9,1,5,0,59.0,0,1,2,2,37.1
6.41,0,2,1,1,1,0,24.5,9.8,40.5,2,2,0,90.6,3,1,1,3,58.54
7.38,5,2,0,1,0,0,83.4,5.9,64.6,0,6,0,58.2,1,1,2,1,36.15
9.77,4,2,0,1,0,0,50.9,6.8,97.1,3,2,1,72.0,1,1,2,0,50.96
9.3,4,1,0,1,0,1,63.6,4.9,86.0,0,6,1,61.1,2,1,1,3,52.73
6.56,5,2,0,1,0,0,17.0,6.3,92.3,1,1,0,43.3,1,1,2,3,43.37
5.93,2,2,1,0,0,0,12.7,8.7,98.1,0,2,1,45.4,1,0,0,3,0.0
6.86,0,1,0,1,0,1,34.9,9.5,96.0,0,2,0,54.9,2,1,0,3,86.18
9.34,5,2,1,0,0,0,72.5,6.1,58.8,1,6,3,67.4,1,0,0,3,0.0
5.85,4,1,1,1,1,0,76.4,8.1,59.4,1,1,3,68.5,3,1,3,0,113.94
7.44,0,1,1,1,0,1,9.9,8.9,80.5,0,3,2,70.5,3,1,0,0,80.71
9.71,3,3,1,1,0,0,67.4,4.0,68.5,0,4,1,48.3,2,1,1,3,67.84
6.66,2,3,1,0,0,0,96.0,7.8,73.3,2,1,1,57.3,1,1,2,2,42.95
7.61,0,2,1,1,0,0,47.0,7.4,48.6,1,1,0,55.0,2,1,1,1,55.42
9.24,2,3,1,1,0,1,54.0,5.3,64.4,3,4,0,99.2,3,1,0,0,86.98
5.83,3,2,1,0,0,1,48.3,9.6,57.6,1,3,0,74.3,2,1,0,2,75.03
6.54,3,1,1,1,0,0,84.1,9.3,49.6,0,3,0,67.2,2,1,0,1,70.36
9.02,2,3,1,1,0,1,50.7,8.8,82.8,1,6,0,99.8,3,1,1,0,73.86
9.51,0,2,0,0,1,1,50.6,7.6,82.5,2,4,0,78.5,2,1,0,3,82.99
5.61,5,2,1,1,1,1,46.4,8.6,71.5,0,5,0,89.0,4,1,0,2,68.47
5.23,4,1,0,0,0,0,88.8,8.9,71.2,2,3,0,64.5,0,1,2,3,49.53
8.4,2,2,1,0,0,1,71.5,7.8,79.8,1,5,1,80.2,2,1,1,0,58.01
9.36,4,1,1,1,0,0,65.6,6.3,90.2,3,2,1,82.8,2,1,1,3,53.74
9.19,5,1,1,1,1,0,21.7,9.6,58.4,1,1,0,69.5,3,1,0,2,70.82
7.43,0,1,0,0,1,1,71.6,9.3,59.2,1,4,0,80.6,2,1,0,0,90.23
9.43,3,3,1,0,0,0,67.8,5.7,55.1,1,5,0,58.8,1,1,2,3,49.37
9.99,4,3,1,0,1,1,63.0,8.8,86.9,1,3,0,85.9,3,1,0,1,96.41
9.96,2,3,1,0,0,0,57.9,6.2,44.8,2,1,1,51.4,1,1,2,0,42.75
5.49,4,2,1,1,0,0,86.5,9.3,42.7,0,3,2,66.9,2,0,0,3,0.0
5.66,5,3,1,0,0,0,63.6,9.7,99.8,1,2,0,54.3,1,1,2,0,45.02
6.34,5,2,1,0,0,1,16.4,8.5,85.6,0,4,0,64.6,2,1,1,3,46.7
8.55,1,3,0,0,0,0,70.9,7.7,78.7,2,6,0,75.8,0,1,2,0,46.31
5.19,3,1,0,1,0,1,71.5,4.2,65.8,2,1,0,57.7,2,1,1,0,69.15
8.47,2,3,0,1,0,0,63.4,5.5,43.1,0,1,0,34.5,1,1,2,2,36.42
9.34,3,3,0,0,0,0,21.9,5.8,98.5,2,4,0,61.1,0,1,2,0,43.93
8.21,1,3,1,0,1,0,47.0,9.2,53.5,1,2,3,70.4,2,0,0,3,0.0
6.39,1,1,1,1,0,0,16.0,8.3,82.1,3,6,0,101.5,2,1,0,3,80.84
8.78,2,3,0,1,0,0,79.0,8.9,57.4,0,6,0,62.1,1,1,2,1,51.32
9.6,1,1,1,0,0,1,9.3,5.0,40.7,1,6,0,75.3,2,1,1,3,50.78
9.62,4,3,1,0,0,1,90.2,8.7,64.4,1,3,1,73.7,2,1,0,3,94.42
8.95,4,3,0,0,0,1,63.0,9.9,63.9,0,4,1,64.1,1,1,2,1,45.53
9.28,0,3,1,0,0,0,71.8,4.7,54.6,0,6,0,55.1,1,1,2,2,41.44
8.98,4,1,0,1,0,0,81.8,8.2,79.8,1,5,0,71.6,1,1,2,3,50.84
7.15,2,2,0,1,0,0,92.0,9.5,99.4,2,4,0,80.8,1,1,2,1,44.17
5.51,3,3,1,1,0,1,59.4,7.1,84.6,2,5,0,93.2,3,1,0,1,70.87
5.45,3,3,0,0,1,1,82.6,6.0,56.3,1,5,0,74.8,2,1,0,3,89.45
6.65,1,3,0,1,0,0,15.8,4.8,75.3,2,5,0,73.2,1,0,0,3,0.0
6.29,0,3,1,0,0,0,62.3,4.9,91.6,1,5,0,62.8,1,1,2,1,37.32
7.86,5,1,1,0,1,1,41.2,4.1,42.0,1,2,0,67.1,3,1,1,0,58.3
6.58,1,2,1,0,0,1,52.9,9.6,65.7,2,5,1,90.0,2,1,1,3,58.41
6.32,2,1,0,0,1,1,32.9,8.2,80.5,2,4,0,80.2,2,1,0,3,76.61
7.51,5,2,0,1,0,1,54.4,5.4,91.1,1,2,0,57.6,2,1,1,0,49.53
8.65,1,3,1,1,0,0,64.1,7.1,93.9,2,6,0,94.4,2,1,0,0,86.86
8.96,5,2,1,1,1,0,33.1,9.9,91.8,0,2,0,68.9,3,1,0,1,92.5
8.31,4,2,1,1,0,0,55.4,6.1,52.1,2,4,0,79.0,2,1,0,0,73.55
5.69,4,2,1,1,0,0,87.3,8.5,79.6,1,4,0,71.6,2,1,1,0,58.97
7.19,1,1,1,1,1,1,70.7,9.4,54.2,0,3,0,86.6,4,1,0,3,90.83
6.67,2,2,1,0,0,0,20.7,8.8,77.9,0,2,0,42.5,1,0,0,3,0.0
8.81,2,3,1,0,1,1,96.1,8.0,50.5,1,5,0,93.6,3,1,1,0,70.34
9.62,2,1,0,1,0,0,51.9,8.7,90.3,1,2,0,56.6,1,1,2,3,44.58
9.3,3,2,1,1,0,0,87.9,4.2,99.3,1,5,0,66.5,2,1,1,1,65.43
7.59,2,1,1,0,1,1,63.9,8.9,43.5,3,1,0,96.1,3,1,0,0,85.98
5.81,1,1,0,1,0,1,13.0,8.6,44.1,0,5,2,74.7,2,1,1,0,52.06
7.61,3,3,1,1,0,0,67.8,7.3,59.9,0,6,0,71.8,2,1,0,0,72.0
7.75,1,2,0,1,1,0,21.2,6.8,98.1,2,6,0,93.0,2,1,1,1,52.65
5.67,4,3,1,1,0,1,0.9,8.7,79.0,0,5,0,84.1,3,1,0,0,76.59
9.12,5,3,1,0,1,0,77.7,6.2,42.4,1,2,0,59.3,2,1,1,0,70.84
5.39,4,1,1,1,0,1,64.6,5.3,83.7,1,4,0,78.6,3,1,0,1,65.76
7.14,4,1,1,1,0,0,89.1,6.9,76.0,0,5,2,66.6,2,1,1,1,69.35
7.53,1,1,1,0,1,1,68.0,6.1,58.8,1,5,0,80.2,3,1,1,2,63.71
5.7,0,2,1,0,1,1,11.3,9.5,51.7,1,4,0,84.4,3,1,1,0,67.34
8.46,1,2,0,1,0,1,94.5,9.2,44.0,1,3,1,68.2,2,1,1,2,71.53
6.64,1,1,1,0,1,1,14.5,6.8,86.5,0,4,0,66.2,3,1,0,2,82.14
8.83,5,1,1,1,1,0,16.5,9.6,92.1,2,6,0,112.8,3,1,0,3,83.55
7.28,1,2,0,1,0,1,26.1,8.1,96.4,1,4,0,73.1,2,1,1,3,47.28
7.69,1,1,1,1,0,0,19.0,5.1,74.6,1,5,0,71.0,2,1,0,0,70.89
5.01,2,2,1,1,0,0,70.1,9.6,79.9,0,6,1,78.4,2,1,0,2,84.14
5.25,0,3,1,1,0,1,48.3,6.0,50.9,0,2,0,58.1,3,0,0,3,0.0
8.08,5,1,0,1,1,0,42.0,6.8,87.5,1,4,1,68.4,2,1,0,2,76.88
6.44,4,2,0,1,1,1,29.6,5.5,53.1,0,4,1,66.0,3,1,0,1,84.9
7.73,0,2,1,0,0,0,79.5,6.3,63.0,0,4,1,46.0,1,1,2,3,37.35
8.96,4,3,1,0,0,0,7.4,10.0,79.3,1,4,0,72.2,1,1,2,0,42.95
8.53,0,1,1,0,0,0,8.0,6.4,62.4,0,3,0,47.1,1,1,2,0,42.8
7.13,5,3,1,0,1,1,40.4,4.1,75.5,0,6,0,69.7,3,1,1,2,55.31
7.02,2,2,1,0,0,1,4.9,9.3,79.9,1,4,0,75.5,2,1,1,3,63.4
9.31,1,3,1,0,0,1,61.3,7.2,81.0,1,3,0,69.2,2,1,0,3,86.74
8.33,4,3,1,0,1,0,66.0,7.3,69.7,0,5,0,62.2,2,1,0,3,69.54
9.58,2,1,1,1,0,0,20.9,8.6,96.9,2,3,0,79.7,2,1,0,2,69.28
7.19,2,1,1,1,0,0,47.1,6.3,89.2,1,1,0,58.3,2,1,0,3,66.61
8.69,1,2,1,1,0,1,57.6,9.2,83.3,1,1,2,69.6,3,1,0,1,80.98
7.88,0,3,1,1,0,0,53.8,8.3,52.9,2,5,0,92.0,2,1,1,0,56.29
5.26,2,3,0,1,0,0,85.5,7.5,44.2,0,5,0,55.4,1,0,0,3,0.0
8.68,1,1,0,1,1,0,60.3,8.0,79.3,1,4,0,77.6,2,1,0,1,73.88
7.79,5,3,1,1,0,1,15.1,9.3,50.0,0,3,1,71.9,3,0,0,3,0.0
7.61,3,2,1,1,0,1,42.7,7.5,84.0,1,1,0,63.7,3,1,0,0,75.92
8.66,0,2,0,1,0,0,79.2,8.5,68.6,0,4,0,52.1,1,1,2,2,47.92
5.61,4,1,0,0,1,1,5.8,7.4,45.1,3,1,0,81.5,2,1,1,3,60.52
6.09,2,1,0,1,0,0,46.8,5.4,75.3,3,3,0,66.5,1,1,2,2,47.91
7.73,2,2,1,0,0,0,11.1,8.9,89.8,2,5,0,85.1,1,1,2,1,48.48
6.63,3,2,0,1,0,1,76.2,7.3,77.7,3,1,0,80.1,2,1,1,0,71.11
5.97,2,3,0,1,0,0,14.5,4.7,77.7,0,5,0,52.1,1,0,0,3,0.0
9.92,1,3,1,0,0,0,79.2,9.7,64.8,3,1,0,72.9,1,1,2,2,45.66
7.37,2,3,1,1,0,0,89.6,4.7,68.4,2,5,0,77.1,2,1,0,0,72.37
9.81,1,1,1,1,0,0,14.5,7.7,96.0,0,2,0,56.0,2,1,0,2,84.62
8.13,1,1,1,1,0,1,96.0,6.8,71.4,0,3,0,61.9,3,1,3,3,119.27
5.42,2,1,1,0,0,1,52.8,6.0,52.5,2,3,0,74.5,2,1,1,3,72.47
5.7,1,3,1,0,1,0,82.9,6.6,43.7,1,1,0,59.4,2,1,1,0,64.72
6.03,1,1,1,1,0,0,11.4,4.5,60.4,0,6,1,65.1,2,1,0,0,79.83
5.53,2,3,1,1,1,0,88.6,5.6,42.3,2,4,0,90.8,3,1,0,1,86.84
7.87,4,1,0,0,1,0,83.9,6.3,71.9,3,5,1,81.0,1,1,2,3,53.86
6.79,4,2,1,1,0,1,45.2,8.9,72.0,0,4,1,77.3,3,1,0,0,72.46
8.37,3,3,0,1,0,0,52.8,5.3,93.1,0,4,0,42.1,1,0,0,3,0.0
7.22,5,2,0,0,1,0,53.4,6.7,98.6,0,5,0,50.7,1,1,2,1,43.06
8.12,4,3,0,1,1,1,32.3,9.9,82.5,0,1,0,62.6,3,1,0,2,67.52
9.25,5,2,0,0,1,0,31.1,8.7,72.6,2,6,0,84.9,1,1,2,0,51.07
6.83,0,3,0,1,0,1,36.9,4.1,81.3,3,3,0,82.2,2,1,0,2,87.78
5.18,0,3,0,1,1,0,24.7,7.4,88.7,2,6,0,89.6,2,1,0,1,85.23
8.4,5,3,0,1,0,0,26.0,8.5,61.9,2,1,0,60.9,1,1,2,1,42.17
9.56,4,2,0,1,0,1,15.1,9.5,73.9,0,6,0,79.4,2,1,0,3,84.77
8.98,0,3,0,0,1,0,60.1,7.7,73.6,3,5,0,88.4,1,1,2,1,52.44
6.36,1,3,1,0,0,0,35.6,5.1,91.4,2,6,0,70.3,1,1,2,3,50.51
7.01,0,3,0,0,0,0,90.7,10.0,49.8,0,5,0,52.0,0,1,2,3,42.11
8.56,0,2,1,0,1,1,17.4,5.3,71.5,0,1,0,51.1,3,1,0,1,85.1
8.27,5,2,0,0,0,0,2.2,5.0,73.9,2,5,0,56.8,0,1,2,3,40.76
9.98,5,1,1,0,1,0,95.3,5.7,62.9,0,4,1,61.5,2,1,1,3,67.43
5.23,1,2,0,0,0,0,18.0,4.7,94.9,0,6,0,44.5,0,0,0,3,0.0
6.59,1,1,0,0,0,0,69.3,7.2,66.1,1,1,0,38.9,0,1,2,3,40.82
7.35,2,1,0,0,0,0,50.4,9.1,54.1,3,6,3,86.6,0,1,2,1,44.27
9.11,5,1,0,0,1,0,74.3,6.1,74.9,0,1,0,30.6,1,1,2,2,41.37
9.52,3,2,0,0,1,1,7.9,6.9,52.6,0,6,1,69.3,2,1,1,2,66.0
7.19,5,1,0,0,1,0,27.0,4.3,65.9,2,1,0,47.2,1,1,2,2,39.37
8.67,3,1,1,1,0,0,39.9,6.0,66.2,1,1,0,53.1,2,1,1,0,59.95
9.48,3,1,1,0,1,0,3.4,6.5,51.7,0,4,0,64.1,2,1,1,1,68.73
5.84,1,3,0,0,0,1,31.7,7.2,81.5,1,5,0,65.1,1,1,2,3,43.51
9.01,2,2,1,0,0,1,44.5,9.7,89.4,1,6,0,86.3,2,1,1,3,57.22
7.58,3,2,0,1,1,1,63.4,7.2,95.6,3,4,0,103.4,3,1,0,2,75.69
7.17,1,3,0,0,1,1,28.0,8.0,95.7,0,2,0,53.9,2,0,0,3,0.0
6.63,5,1,1,0,0,0,86.3,6.5,84.6,2,5,2,72.6,1,1,2,0,42.99
9.05,0,1,1,1,0,0,19.8,6.2,80.0,1,3,1,65.0,2,1,1,3,51.38
9.36,5,1,0,0,0,0,37.2,5.9,77.3,0,6,0,49.0,0,1,2,1,43.13
7.78,0,1,1,0,1,0,81.3,9.6,60.1,1,2,0,68.7,2,1,1,0,73.32
8.28,3,3,1,0,0,0,93.8,8.3,73.1,2,1,0,64.8,1,1,2,3,46.13
6.33,5,2,0,1,1,0,84.0,4.7,52.9,0,1,0,34.8,2,1,0,1,80.0
6.56,4,2,0,1,0,1,38.4,8.6,48.6,0,6,0,71.9,2,1,0,0,75.86
9.8,4,2,0,1,1,0,37.8,8.5,94.8,2,5,1,90.1,2,1,1,1,50.6
7.47,1,1,1,0,1,0,52.6,5.8,75.7,0,6,0,69.9,2,1,0,2,78.54
6.17,1,2,1,0,0,0,33.4,6.8,41.6,0,4,0,47.3,1,1,2,2,37.91
9.33,4,1,1,0,0,0,24.1,7.0,96.7,1,2,0,50.5,1,1,2,2,44.41
5.47,0,3,1,1,0,1,16.4,4.3,47.3,3,2,2,84.8,3,0,0,3,0.0
5.99,0,2,1,0,0,0,50.9,4.7,96.3,3,4,0,73.2,1,1,2,2,42.35
7.79,4,3,1,1,0,0,8.3,9.5,64.3,1,2,3,65.4,2,0,0,3,0.0
6.95,0,2,1,0,0,0,5.4,9.5,79.7,2,4,0,79.0,1,1,2,3,38.71
7.69,4,3,1,0,1,0,18.9,8.6,45.5,1,4,0,78.2,2,1,0,1,87.79
6.15,0,1,0,1,0,1,61.2,5.7,79.2,1,4,0,66.9,2,1,1,0,50.02
6.02,4,3,1,0,0,1,17.0,4.1,54.2,0,6,3,57.9,2,0,0,3,0.0
5.53,5,2,1,1,0,0,64.0,7.4,46.8,3,3,0,83.7,2,1,1,0,56.3
7.79,4,2,1,0,0,0,74.7,4.7,65.5,0,6,0,50.5,1,1,2,1,46.43
8.95,1,3,1,1,0,1,41.8,7.4,41.3,3,4,1,104.7,3,1,1,1,70.49
7.38,3,2,1,1,0,1,71.9,7.9,71.2,1,4,0,87.4,3,1,0,0,84.41
8.62,0,3,1,0,1,0,18.0,4.1,52.6,1,4,0,60.1,2,1,1,1,47.94
5.45,1,3,0,1,0,0,88.9,6.7,58.9,3,2,1,70.2,1,1,2,3,43.31
9.92,5,2,0,1,0,0,76.3,5.0,77.9,0,6,1,53.4,1,1,2,2,46.05
9.33,2,3,1,1,1,0,89.0,9.9,69.7,3,3,0,107.6,3,1,0,3,80.72
8.94,5,2,0,0,0,1,22.2,5.3,96.8,3,5,1,77.8,1,1,2,3,42.86
9.78,3,1,1,1,0,1,82.8,5.0,92.3,0,5,0,71.8,3,1,3,0,97.29
9.3,3,1,0,0,0,1,76.3,5.9,48.8,3,4,1,74.5,1,1,2,3,41.54
5.28,4,1,1,1,0,0,59.2,8.6,51.4,1,4,1,73.4,2,1,0,0,72.09
8.49,1,1,0,1,0,0,29.7,8.6,65.7,2,1,0,63.2,1,1,2,3,41.19
8.14,0,3,1,1,1,1,58.1,9.5,88.5,2,1,0,88.9,4,1,0,3,96.32
7.16,3,3,1,0,1,0,42.4,9.1,58.7,2,4,0,88.8,2,1,0,1,76.67
6.99,3,1,1,0,0,0,3.5,6.8,63.9,0,4,0,52.1,1,1,2,0,33.42
8.77,4,2,0,0,1,1,37.8,4.2,83.6,2,5,0,80.8,2,1,1,2,53.81
8.0,3,2,0,0,0,0,51.1,8.9,85.2,3,2,1,68.9,0,1,2,2,49.07
8.09,5,3,1,1,0,1,88.2,6.4,44.0,1,2,0,67.0,3,1,0,1,83.88
8.93,0,2,1,0,0,0,1.8,6.6,55.2,1,1,2,45.3,1,0,0,3,0.0
7.98,3,3,0,1,0,0,81.4,7.7,90.3,1,3,2,53.5,1,1,2,2,44.34
5.7,0,1,1,1,0,1,80.5,8.4,95.5,1,6,0,92.7,3,1,3,1,90.09
5.18,3,1,1,1,0,1,7.0,9.9,77.0,0,3,0,72.6,3,1,1,0,54.67
6.79,2,1,1,1,0,1,34.4,5.1,91.0,2,3,3,83.2,3,1,1,1,51.45
8.23,4,3,1,0,0,1,3.5,8.6,83.4,3,3,0,92.7,2,1,1,2,59.76
8.8,1,2,1,0,0,0,76.2,4.6,63.8,0,2,0,35.6,1,1,2,1,39.89
7.88,1,3,0,0,0,0,35.5,4.2,73.2,0,4,2,32.6,0,0,0,3,0.0
7.99,1,1,0,0,0,1,72.5,8.8,98.9,3,2,0,79.1,1,1,2,3,46.72
5.1,4,3,1,0,1,0,35.1,5.3,75.1,0,6,0,61.5,2,0,0,3,0.0
7.09,2,2,1,1,0,0,76.8,5.7,64.5,1,5,0,71.4,2,1,1,3,66.23
9.67,3,3,0,1,0,1,26.5,6.0,72.9,0,6,1,67.9,2,1,0,0,89.53
9.83,2,2,1,1,1,1,96.4,5.9,87.9,0,5,0,81.2,4,1,0,0,89.3
5.6,5,2,0,1,0,1,97.2,5.3,51.2,1,5,0,67.0,2,1,0,3,87.56
6.58,0,3,0,1,0,1,97.0,6.6,64.4,1,2,0,57.8,2,1,0,3,80.66
9.08,2,1,0,1,0,0,54.2,5.7,59.4,1,5,0,58.9,1,1,2,0,39.93
7.58,2,2,0,1,0,0,21.6,7.0,85.4,1,6,0,70.7,1,1,2,2,40.05
5.3,5,1,1,1,0,1,53.7,6.8,70.7,1,3,0,80.1,3,1,1,1,48.65
5.52,0,2,1,0,1,1,66.8,8.0,82.0,1,5,1,84.7,3,1,0,3,77.87
5.85,2,1,1,1,0,1,81.6,9.6,92.6,0,6,1,84.2,3,1,3,1,117.4
7.29,2,1,1,1,0,1,86.7,4.1,47.7,1,4,1,68.3,3,1,3,3,111.28
7.83,5,1,1,1,1,1,81.3,7.9,67.5,2,5,1,104.1,4,1,3,3,124.47
7.62,5,3,0,1,0,1,55.1,6.5,90.3,3,6,0,99.9,2,1,0,0,67.19
5.51,2,2,1,0,1,1,97.6,9.6,56.3,1,5,0,90.9,3,1,1,3,56.64
7.2,3,1,1,0,0,0,89.1,6.6,72.0,3,4,0,84.3,1,1,2,0,42.24
9.14,4,1,1,1,1,0,94.9,4.4,93.9,0,1,0,50.9,3,1,3,3,107.58
7.69,4,3,1,0,0,1,2.8,4.8,74.2,2,3,0,73.0,2,1,0,2,79.67
6.09,5,1,0,1,1,1,0.4,7.0,82.3,0,6,0,80.3,3,1,0,2,85.08
8.18,1,1,1,1,1,0,52.5,8.3,41.2,1,3,0,83.7,3,1,0,2,69.85
7.91,3,1,1,1,0,0,29.7,4.9,48.3,0,1,1,42.8,2,1,0,1,61.25
9.49,0,3,0,1,1,1,67.7,7.5,83.2,1,5,0,83.8,3,1,0,1,77.58
7.14,0,1,1,0,1,1,95.2,8.7,79.6,2,6,0,103.7,3,1,0,3,85.8
9.69,2,1,0,0,1,0,9.5,8.7,67.3,1,6,2,77.0,1,1,2,3,41.94
9.18,1,2,1,1,0,0,0.9,9.0,45.2,1,1,0,58.2,2,1,1,2,54.19
6.52,0,3,1,1,0,0,43.2,4.7,44.7,1,4,0,65.2,2,1,0,3,74.37
9.14,0,1,1,1,0,0,49.3,7.8,51.0,0,5,0,68.9,2,1,1,0,67.19
9.29,5,2,1,0,1,0,65.5,6.0,59.4,1,6,0,75.7,2,1,1,2,72.16
5.72,5,3,1,1,0,1,53.2,6.5,76.1,1,2,1,74.2,3,1,0,3,69.46
6.7,4,1,0,1,0,0,88.9,10.0,45.2,2,2,0,65.8,1,1,2,2,42.48
9.41,5,1,1,0,0,1,98.7,9.5,83.0,0,5,0,77.2,2,1,0,1,72.45
6.95,4,3,1,0,0,0,74.9,9.4,43.0,1,1,0,57.3,1,1,2,0,42.27
6.61,2,2,1,0,0,0,85.9,5.3,49.2,3,4,0,78.2,1,1,2,3,45.57
7.13,0,2,1,1,0,1,71.9,6.6,48.5,1,1,0,65.7,3,1,1,3,60.89
8.27,3,3,0,1,1,0,52.5,8.1,85.3,0,3,0,55.6,2,1,1,1,53.9
7.49,1,1,1,1,0,1,6.2,6.8,89.7,1,2,0,72.2,3,1,0,0,75.53
9.42,1,1,1,0,0,0,16.8,5.0,47.8,0,6,0,54.6,1,1,2,2,44.09
9.91,0,2,0,1,0,1,99.5,8.9,73.3,1,4,2,81.6,2,1,1,3,55.77
5.45,3,3,0,1,1,1,63.1,7.1,82.5,1,6,0,94.7,3,1,0,3,70.33
5.33,0,3,1,0,0,1,14.1,6.7,59.5,0,1,0,46.7,2,0,0,3,0.0
9.4,0,3,1,0,0,1,18.5,5.6,64.5,1,6,1,72.0,2,1,0,1,88.86
8.58,0,2,1,1,0,0,95.1,4.7,60.8,2,5,1,80.9,2,1,0,3,98.1
8.95,1,2,0,1,0,0,14.6,7.3,78.9,1,2,1,49.0,1,1,2,2,39.96
5.26,5,1,1,1,0,0,4.2,8.1,58.4,1,6,0,82.8,2,1,1,1,55.96
5.95,4,3,1,1,0,0,13.2,6.3,52.2,1,2,0,59.7,2,0,0,3,0.0
6.76,5,2,1,0,0,0,80.8,9.8,78.2,2,5,0,89.3,1,1,2,0,44.37
8.97,0,1,1,1,0,0,61.0,5.6,81.9,0,2,0,47.4,2,1,1,0,59.25
6.56,5,3,1,1,0,0,43.1,6.0,79.4,3,4,0,87.3,2,1,0,2,72.5
6.22,4,2,0,1,0,0,77.2,7.1,76.6,2,5,0,80.1,1,1,2,2,47.44
6.77,4,3,1,1,0,0,85.9,9.2,68.3,1,6,3,90.9,2,1,1,1,76.28
9.84,1,2,1,0,0,0,94.3,9.3,71.4,1,1,0,51.5,1,1,2,2,48.82
9.18,2,1,0,0,0,1,96.5,8.9,96.4,0,2,0,42.1,1,1,2,1,40.82
8.38,5,2,0,0,0,1,38.7,9.4,57.6,2,4,0,81.4,1,1,2,0,52.22
6.06,3,3,1,1,1,0,93.1,6.7,80.2,0,4,1,69.4,3,1,1,1,53.75
6.12,1,3,1,0,0,1,78.7,6.2,99.3,1,3,1,65.6,2,1,1,2,61.56
6.05,5,3,1,1,0,0,31.8,4.9,57.4,0,2,1,42.9,2,0,0,3,0.0
5.11,2,1,1,0,0,1,19.9,8.9,64.8,0,4,0,69.9,2,1,0,2,71.7
9.45,3,1,1,0,1,1,68.4,6.8,45.6,2,3,0,83.7,3,1,0,2,95.98
5.35,2,3,0,0,0,0,29.2,7.3,56.6,1,6,0,62.3,0,1,2,3,41.19
5.59,2,1,1,0,1,0,73.9,9.4,95.3,1,6,0,83.4,2,1,0,0,73.95
7.91,3,2,1,0,1,1,91.3,9.0,81.3,1,4,0,84.0,3,1,0,1,77.04
5.25,2,3,1,1,0,0,15.0,8.7,59.9,1,5,0,84.2,2,1,0,3,75.7
9.69,3,1,1,0,0,1,67.1,9.1,55.0,2,1,0,68.9,2,1,0,3,83.44
8.48,0,3,1,0,0,1,37.4,8.6,67.2,2,5,1,91.4,2,1,0,0,81.42
7.73,4,3,1,1,0,1,39.6,4.9,91.8,0,4,0,61.6,3,1,0,2,78.19
6.02,0,2,0,0,1,0,86.7,9.1,70.7,2,1,0,60.0,1,1,2,1,42.8
5.5,3,3,1,0,0,0,36.6,7.9,96.9,0,4,0,57.7,1,0,0,3,0.0
5.43,1,1,0,1,1,0,69.4,4.1,51.3,1,1,0,46.8,2,1,0,3,85.75
5.42,2,2,1,1,1,0,67.1,5.4,66.3,0,3,0,62.0,3,1,1,2,66.06
7.44,0,1,1,0,0,0,68.2,6.1,53.5,0,2,0,34.1,1,1,2,0,44.84
6.92,3,2,0,0,0,1,13.5,7.6,60.6,0,3,0,49.4,1,0,0,3,0.0
5.68,2,1,1,1,1,1,9.9,10.0,64.0,0,5,0,95.3,4,1,0,1,80.38
5.35,0,1,1,1,0,1,41.8,9.2,46.6,0,5,0,78.0,3,1,1,3,52.08
8.2,3,3,1,1,0,0,98.5,9.5,41.7,2,5,0,92.5,2,1,1,3,71.32
5.6,0,1,1,0,0,0,3.5,4.4,62.4,0,1,1,32.7,1,0,0,3,0.0
7.52,0,2,1,0,0,0,33.3,6.6,71.8,1,2,0,49.6,1,1,2,2,43.4
6.93,5,3,0,1,0,1,80.5,9.6,45.1,0,5,0,69.6,2,1,0,0,87.22
5.05,3,1,1,0,0,0,55.2,9.9,44.4,0,6,1,72.5,1,1,2,0,43.63
8.03,3,2,0,0,0,0,22.8,4.9,76.9,3,3,0,55.6,0,1,2,2,45.46
5.29,1,3,1,1,1,0,24.0,6.4,92.0,3,1,2,79.3,3,0,0,3,0.0
5.74,4,3,0,1,1,0,62.0,9.5,67.8,0,2,2,63.3,2,1,1,1,67.95
8.92,1,2,1,1,0,0,81.0,9.7,61.7,0,3,0,61.1,2,1,1,1,74.03
5.9,4,2,1,1,0,1,57.4,6.8,78.2,0,6,0,82.8,3,1,0,0,78.0
9.58,2,2,0,1,0,0,35.7,5.1,57.7,1,5,2,59.8,1,0,0,3,0.0
8.71,4,1,1,1,1,1,34.9,9.0,81.9,1,4,0,92.7,4,1,0,1,92.19
8.16,3,2,1,1,0,0,34.9,6.6,60.1,0,1,0,41.4,2,0,0,3,0.0
5.86,3,2,1,0,0,1,58.6,8.7,84.8,0,3,0,61.6,2,1,0,3,88.43
5.29,0,2,1,1,0,0,83.5,4.2,56.1,1,4,0,61.0,2,1,0,0,70.3
5.11,4,3,0,1,0,0,7.9,8.0,48.3,1,6,1,75.0,1,1,2,3,39.46
9.44,5,3,0,0,0,1,1.1,9.2,67.1,0,1,0,42.3,1,0,0,3,0.0
6.4,4,2,1,1,0,0,92.6,5.3,81.6,2,1,1,61.7,2,1,1,2,65.17
6.87,4,2,1,1,0,0,55.3,5.7,54.0,1,1,0,53.9,2,1,0,2,83.93
9.66,3,2,0,1,0,0,31.0,8.5,73.4,2,6,0,81.5,1,1,2,3,40.19
5.65,2,2,0,1,0,0,9.2,7.7,49.8,0,4,1,51.0,1,0,0,3,0.0
9.9,2,2,1,1,0,0,79.8,4.2,82.0,0,4,0,53.4,2,1,1,1,49.22
9.8,2,2,1,0,0,1,49.3,7.4,50.0,2,2,1,67.4,2,1,0,1,74.42
6.84,3,2,0,1,0,1,63.0,8.4,90.2,0,2,0,56.7,2,1,0,1,86.23
6.94,3,2,1,1,0,0,9.4,5.1,40.4,0,4,0,53.7,2,1,0,0,63.15
7.04,1,3,1,1,0,0,5.8,9.1,97.6,1,3,0,76.2,2,1,1,3,53.1
8.93,5,1,1,0,0,1,3.5,8.1,71.7,0,4,0,69.2,2,1,1,0,50.24
8.95,3,2,0,0,0,1,85.4,9.6,87.3,1,3,0,67.8,1,1,2,3,49.91
7.98,2,1,1,0,0,1,74.6,8.0,78.6,0,2,0,50.7,2,1,1,1,70.32
8.87,5,3,1,0,1,1,20.3,5.8,69.7,0,1,0,49.7,3,1,0,1,67.0
9.37,1,3,1,1,0,0,57.6,6.8,79.6,2,3,0,79.5,2,1,1,2,74.49
7.52,1,2,1,0,0,1,6.5,6.3,40.2,1,3,0,60.2,2,1,1,1,49.89
9.83,3,2,1,1,0,0,78.4,8.1,80.9,1,5,1,80.9,2,1,1,2,75.93
7.28,3,3,1,0,0,0,92.7,6.9,90.5,1,5,0,69.5,1,1,2,3,40.93
7.32,4,3,1,1,0,0,56.5,4.6,90.1,2,4,0,77.8,2,1,0,0,92.48
9.1,4,2,0,0,0,0,77.4,5.4,83.7,0,5,3,44.3,0,0,0,3,0.0
7.41,1,1,0,1,1,0,87.4,7.1,48.7,1,3,2,65.2,2,1,1,3,62.4
9.95,3,1,0,0,1,0,20.1,7.5,49.7,3,5,2,83.7,1,1,2,3,50.83
8.41,5,2,1,0,0,0,85.2,8.2,77.3,1,3,0,55.3,1,1,2,3,48.33
5.54,5,3,1,0,0,1,23.3,4.2,87.6,1,4,0,65.2,2,1,1,3,51.56
8.84,5,1,0,1,0,0,72.3,6.4,53.0,2,2,0,58.0,1,1,2,0,48.47
5.19,1,3,1,1,0,0,54.0,8.2,80.7,1,3,0,65.2,2,1,0,2,77.67
6.57,0,1,1,1,1,1,26.7,4.7,41.0,0,6,1,85.8,4,1,1,0,59.64
8.72,4,3,1,0,1,0,71.8,9.5,60.8,0,4,0,63.8,2,1,0,2,84.0
6.96,5,3,1,0,0,0,34.2,9.8,87.9,1,4,2,71.3,1,0,0,3,0.0
8.07,1,3,1,1,0,1,61.9,8.9,50.7,1,6,0,101.3,3,1,0,3,87.15
6.72,2,2,1,1,1,1,38.2,9.5,56.6,0,1,1,76.4,4,1,0,2,73.75
7.8,0,1,0,0,1,0,45.2,4.8,88.2,1,3,0,49.2,1,1,2,0,36.43
7.31,4,3,1,0,0,0,3.3,5.7,71.8,1,1,0,38.7,1,0,0,3,0.0
6.15,1,3,0,1,0,0,49.5,4.5,99.1,1,1,0,34.3,1,1,2,1,48.53
6.71,3,2,0,0,0,0,45.9,9.4,50.1,0,1,0,37.1,0,0,0,3,0.0
6.91,3,2,0,0,0,0,41.7,4.8,49.8,0,3,0,32.9,0,0,0,3,0.0
6.38,1,3,1,1,1,0,7.2,6.0,54.0,0,2,0,54.4,3,0,0,3,0.0
8.13,1,3,0,0,1,0,2.9,6.0,75.1,0,6,0,58.8,1,1,2,1,45.53
9.64,2,1,0,0,0,1,15.5,9.2,59.8,1,3,0,66.5,1,1,2,3,41.32
6.85,0,2,0,0,1,0,27.4,7.5,48.5,0,6,0,57.7,1,1,2,3,44.39
5.87,0,1,0,0,0,1,8.4,5.3,44.8,3,1,0,63.8,1,1,2,1,41.06
6.81,2,2,1,1,0,1,88.4,4.0,96.0,1,2,1,61.7,3,1,0,0,72.24
9.35,3,1,1,1,0,0,98.0,5.9,84.7,1,3,0,62.8,2,1,1,3,54.78
7.84,2,2,1,1,1,1,22.6,8.4,71.8,0,2,0,78.2,4,1,1,2,65.27
6.46,3,3,1,0,0,1,62.2,4.2,89.2,0,2,0,37.7,2,1,1,3,58.01
6.28,2,1,0,1,0,0,87.1,8.6,89.3,3,2,0,74.7,1,1,2,0,51.23
9.32,0,3,1,1,1,0,56.7,8.6,85.5,1,2,1,79.2,3,1,0,2,96.63
5.12,0,2,1,0,0,0,5.3,8.1,44.4,0,4,0,52.0,1,0,0,3,0.0
9.82,1,1,1,1,0,0,7.6,8.7,44.2,1,2,0,70.0,2,1,0,1,68.79
8.55,1,1,1,1,1,1,54.2,6.0,82.1,1,3,0,82.7,4,1,1,1,53.48
5.09,5,1,1,0,0,1,4.6,5.0,63.9,0,4,0,54.7,2,1,0,0,75.45
6.58,5,2,1,1,0,1,22.7,8.2,73.2,1,1,2,69.0,3,1,1,3,67.45
6.03,4,2,1,0,0,1,11.2,6.7,51.5,2,2,0,66.4,2,1,1,1,50.94
9.83,4,3,0,0,1,1,15.2,6.4,43.4,1,2,0,59.6,2,1,1,3,56.47
9.17,3,1,1,1,0,1,5.0,7.9,91.1,3,1,0,90.8,3,1,1,1,56.38
7.31,3,3,0,1,1,1,26.8,4.7,62.9,2,2,0,69.6,3,1,1,3,72.42
8.55,3,1,0,1,1,1,77.0,5.4,98.5,3,2,0,83.8,3,1,3,1,110.06
6.22,4,2,1,0,0,1,12.3,7.0,97.1,1,6,0,77.8,2,1,0,2,84.44
7.36,5,1,1,1,1,1,33.4,9.0,57.5,0,6,2,96.5,4,1,0,1,83.41
6.0,2,2,1,0,0,1,69.1,4.3,60.3,1,2,1,51.5,2,1,0,1,70.72
8.74,3,1,0,1,0,1,60.3,6.5,62.4,1,3,0,62.9,2,1,1,0,71.94
8.95,1,2,0,0,0,0,63.5,5.7,87.5,2,5,0,63.4,0,1,2,0,52.78
8.54,5,2,0,1,1,1,23.1,9.4,45.8,0,3,0,71.3,3,1,0,3,64.24
9.41,5,1,0,0,0,0,79.7,9.2,90.8,0,6,0,55.8,0,1,2,0,42.59
9.75,2,2,1,0,0,1,37.4,8.7,66.8,2,5,2,88.0,2,1,1,1,74.61
9.85,1,3,0,0,0,0,0.1,8.4,85.1,2,6,3,74.9,0,0,0,3,0.0
5.89,2,3,0,0,0,0,89.0,6.6,58.7,3,2,0,58.3,0,1,2,2,42.95
9.29,1,1,1,0,0,1,25.4,6.6,43.4,1,3,0,64.0,2,1,0,0,68.56
7.65,0,1,1,0,0,0,51.6,9.2,52.3,0,4,0,59.0,1,1,2,0,41.39
7.38,0,1,0,0,1,0,90.9,6.5,63.2,2,6,0,79.0,1,1,2,0,51.43
6.0,1,1,1,1,0,1,70.8,8.7,73.8,1,1,2,73.7,3,1,1,3,73.67
7.05,3,3,0,1,0,0,53.7,9.1,64.4,2,2,1,64.9,1,0,0,3,0.0
8.31,4,3,1,1,0,0,39.5,5.5,49.4,1,4,2,69.8,2,1,1,3,59.46
5.79,3,1,0,1,0,1,67.5,8.5,54.7,1,4,1,76.4,2,1,0,3,90.59
7.91,1,3,1,1,1,0,8.3,8.6,50.1,0,3,0,74.7,3,1,1,1,57.37
6.5,5,1,0,0,1,0,50.5,5.3,44.5,1,2,0,44.1,1,0,0,3,0.0
7.16,3,2,0,0,0,1,30.2,8.3,76.7,1,5,2,70.3,1,1,2,1,42.75
7.76,4,2,1,0,0,0,62.3,5.6,74.9,0,1,0,28.6,1,1,2,3,46.66
7.77,5,1,1,0,0,0,96.1,8.5,77.9,0,6,1,66.3,1,1,2,0,52.33
6.97,0,2,1,0,0,0,98.5,6.2,71.6,2,5,0,73.8,1,1,2,1,43.35
9.59,4,2,1,0,0,0,51.1,5.2,92.1,0,2,0,39.6,1,1,2,3,43.97
9.98,3,3,0,0,0,1,74.4,4.6,98.9,2,1,0,49.0,1,1,2,3,48.48
6.12,3,3,1,0,0,0,85.3,7.8,78.4,3,4,0,82.8,1,1,2,3,40.33
8.13,3,1,1,1,0,1,68.4,9.8,52.9,1,1,0,71.3,3,1,1,2,63.21
7.89,5,1,0,0,0,0,69.7,8.0,55.3,2,3,0,57.5,0,1,2,1,41.67
9.32,2,1,0,1,0,0,2.2,9.7,65.0,2,1,0,62.6,1,1,2,0,46.02
9.23,4,3,1,1,1,1,35.9,4.8,59.5,0,5,0,80.5,4,1,0,0,85.1
7.59,4,2,0,1,1,1,74.9,7.1,77.1,1,2,1,69.8,3,1,0,3,96.93
8.07,5,3,1,1,0,0,39.5,9.6,77.6,0,2,0,57.7,2,1,1,2,64.13
8.27,5,1,1,0,0,0,19.5,4.9,43.5,2,1,0,46.8,1,1,2,0,41.89
8.04,5,2,1,0,0,0,19.6,8.4,88.1,1,6,2,79.5,1,0,0,3,0.0
6.16,5,1,0,0,0,0,62.1,8.6,84.1,2,6,0,78.8,0,1,2,3,44.54
9.5,5,1,0,1,0,0,77.8,5.2,87.6,1,3,0,46.5,1,1,2,3,49.71
5.02,0,3,1,1,1,0,37.3,8.5,69.4,0,5,3,77.0,3,0,0,3,0.0
7.39,1,1,1,1,0,0,75.4,5.9,87.3,1,5,0,76.3,2,1,1,0,67.1
6.92,0,2,1,1,0,0,38.8,6.6,44.4,1,4,0,70.8,2,1,0,0,85.97
8.42,2,1,0,0,0,0,28.1,5.7,44.6,0,6,0,49.1,0,1,2,3,45.11
9.84,0,1,1,1,1,0,68.2,8.1,94.4,1,1,0,68.4,3,1,0,1,89.02
5.5,1,3,1,1,1,0,7.8,4.7,86.4,0,2,0,49.4,3,1,1,0,57.14
7.96,1,3,1,0,1,1,85.0,8.9,84.7,1,5,1,93.3,3,1,0,3,93.41
8.49,4,3,1,1,1,1,3.4,9.0,57.1,1,6,1,111.8,4,1,1,1,65.05
5.23,4,1,1,0,0,0,80.7,7.4,96.2,2,1,0,54.5,1,1,2,2,47.25
8.72,5,2,1,1,0,1,56.0,5.5,53.8,1,4,1,77.7,3,1,1,0,65.26
8.1,5,3,1,0,0,0,28.3,9.9,55.8,1,3,0,68.7,1,0,0,3,0.0
9.76,4,2,1,1,0,0,48.8,6.7,59.9,3,6,0,103.0,2,1,0,0,95.29
8.44,2,3,1,0,0,0,16.4,5.7,84.6,1,4,0,54.0,1,1,2,0,42.15
9.86,5,3,1,1,0,1,61.8,8.9,76.0,3,2,0,98.1,3,1,1,2,64.92
6.01,4,2,1,1,0,1,74.0,8.0,89.6,1,4,0,86.4,3,1,0,2,91.19
9.69,2,3,0,1,0,1,9.9,7.9,87.5,1,2,0,65.0,2,1,0,1,67.63
8.1,1,1,0,1,0,0,8.8,9.1,79.1,3,4,0,87.9,1,1,2,1,46.78
5.03,4,3,0,1,0,1,30.0,8.9,65.5,0,4,0,68.0,2,1,0,0,81.53
6.94,4,3,1,1,0,0,10.9,7.6,88.1,1,2,0,66.1,2,1,1,3,61.62
6.2,3,1,1,1,1,1,38.0,5.1,85.6,0,3,0,66.2,4,1,0,0,79.64
9.65,1,2,1,1,0,0,2.2,9.9,73.5,0,4,0,73.6,2,1,1,3,60.81
9.79,3,1,1,1,0,0,61.5,5.9,74.2,0,5,1,63.1,2,1,0,2,69.46
8.1,3,3,1,1,0,0,52.5,8.9,42.7,3,3,2,89.7,2,1,1,0,69.34
6.67,1,2,0,1,1,1,35.3,4.5,85.2,2,3,0,74.4,3,1,0,3,78.25
7.78,3,2,1,0,0,0,0.2,4.7,85.0,0,4,1,43.9,1,0,0,3,0.0
5.74,5,1,0,0,1,1,22.3,7.7,54.6,3,1,0,73.6,2,1,0,2,89.38
5.56,1,2,1,1,0,0,30.4,4.2,42.2,3,3,0,82.6,2,1,1,0,57.89
8.08,0,3,1,0,0,1,58.9,9.5,93.9,3,2,0,87.1,2,1,0,3,84.75
6.95,4,2,1,1,1,1,69.9,6.2,68.8,0,6,0,86.7,4,1,0,1,81.88
5.0,3,2,0,0,1,0,45.7,4.9,64.3,0,2,0,38.6,1,1,2,0,34.59
7.74,2,2,1,1,0,1,87.8,6.7,47.3,1,1,0,60.9,3,1,0,1,74.26
8.07,5,2,1,0,0,1,59.6,9.8,48.2,1,3,0,78.4,2,1,1,0,72.17
5.46,1,1,0,0,0,1,55.7,7.2,55.2,0,6,0,61.7,1,1,2,2,37.95
9.1,0,3,1,0,0,0,33.5,7.4,86.9,0,2,1,44.7,1,0,0,3,0.0
6.95,3,1,1,0,1,0,29.2,7.3,59.2,1,3,1,67.8,2,1,0,2,71.24
9.8,4,2,1,1,0,0,26.7,5.6,69.2,1,4,0,69.0,2,1,0,3,84.41
9.42,0,2,1,1,1,1,60.2,8.5,66.0,1,2,0,88.8,4,1,0,1,91.32
6.41,1,1,1,1,1,0,50.9,8.4,69.9,1,3,0,76.7,3,1,1,0,54.63
9.33,4,2,1,1,0,0,49.1,5.1,60.9,2,4,0,77.8,2,1,0,2,68.91
8.09,1,2,1,0,0,0,36.6,6.6,74.1,1,2,1,52.0,1,1,2,0,38.22
6.97,0,2,0,0,1,1,56.5,5.4,95.1,0,3,0,46.6,2,1,0,1,78.9
6.84,0,2,1,0,1,1,34.2,4.7,45.5,0,4,1,66.7,3,1,0,0,73.0
8.11,1,3,1,1,0,1,86.5,9.3,87.0,1,6,0,97.3,3,1,0,1,90.24
7.25,3,3,1,1,0,0,14.4,9.3,64.6,1,5,0,81.8,2,1,0,2,74.16
9.93,1,1,1,1,0,0,87.2,8.4,59.0,1,2,0,70.1,2,1,1,2,76.91
5.17,4,2,0,1,0,1,43.9,9.6,72.1,1,2,0,68.6,2,1,1,2,63.64
7.1,4,3,0,0,0,0,79.6,7.3,96.2,0,5,0,45.8,0,0,0,3,0.0
6.15,4,3,1,0,0,1,42.2,4.1,99.1,1,5,0,65.4,2,1,0,3,64.03
6.56,0,1,1,0,1,1,87.4,7.0,59.9,3,2,0,91.3,3,1,0,0,95.32
9.61,0,2,0,0,0,0,60.5,6.9,96.1,0,2,1,33.8,0,0,0,3,0.0
7.97,1,1,1,1,0,0,10.2,9.4,77.8,0,4,0,72.6,2,1,0,3,86.09
7.81,0,1,1,0,1,0,55.5,8.3,94.2,2,2,1,77.0,2,1,1,3,65.91
7.47,0,3,1,1,0,0,60.2,4.8,75.0,0,6,1,67.3,2,1,1,2,59.23
5.54,0,2,1,1,1,0,35.5,4.9,81.4,3,1,1,83.3,3,1,0,0,73.0
5.2,2,1,1,1,1,1,5.3,7.7,47.5,0,2,0,68.7,4,1,1,3,57.84
5.53,4,3,1,0,0,1,55.9,6.2,78.5,0,1,1,43.6,2,0,0,3,0.0
9.2,1,1,0,0,1,1,84.9,5.0,82.4,0,2,0,43.9,2,1,0,2,76.07
5.23,5,3,1,1,0,1,36.9,6.5,73.8,3,2,0,90.6,3,1,1,2,62.32
8.22,5,3,1,1,1,1,49.7,6.8,78.4,1,2,0,76.3,4,1,1,1,57.25
5.74,3,2,0,0,0,0,87.7,4.1,43.7,2,1,0,40.7,0,0,0,3,0.0
8.55,1,1,0,1,0,1,49.1,6.7,98.4,3,1,0,75.2,2,1,0,1,81.78
8.56,3,3,1,0,0,0,68.2,4.5,77.6,0,2,0,31.0,1,0,0,3,0.0
9.43,1,2,1,1,0,0,18.3,4.7,43.6,0,6,0,59.7,2,1,0,1,81.7
9.37,0,1,1,0,0,1,41.7,9.8,84.1,0,1,0,51.4,2,1,0,1,86.97
7.17,0,3,0,1,1,0,9.5,4.8,87.6,1,5,1,73.7,2,0,0,3,0.0
5.72,1,2,1,1,0,0,18.0,6.9,79.5,1,6,1,81.4,2,1,1,0,64.9
5.97,3,2,0,1,1,1,72.4,5.6,72.5,3,5,0,101.0,3,1,0,1,90.93
5.6,4,2,0,1,1,0,59.5,5.0,58.7,0,6,0,69.2,2,1,0,2,73.39
6.15,4,3,1,1,0,0,33.9,7.2,80.0,1,3,0,64.0,2,1,0,0,77.73
6.39,1,1,1,1,0,1,91.0,4.2,66.9,1,2,0,63.1,3,1,3,0,87.97
8.28,4,3,1,0,0,1,80.9,9.4,88.8,3,3,0,89.4,2,1,1,1,73.5
9.09,1,2,0,1,0,0,71.4,5.3,50.6,1,5,0,63.3,1,1,2,0,41.71
7.15,1,1,0,1,0,0,54.6,6.3,74.4,3,3,3,71.4,1,1,2,1,43.87
9.21,3,2,1,1,0,0,9.0,10.0,73.1,2,6,0,104.4,2,1,1,2,73.13
8.47,4,2,1,1,0,0,67.5,6.4,68.6,0,4,1,60.0,2,1,0,2,77.37
6.46,5,1,1,1,0,0,53.4,5.9,71.6,2,6,0,88.9,2,1,0,0,91.68
9.62,2,1,1,1,1,0,61.5,8.3,92.9,0,5,2,78.8,3,1,0,3,79.54
5.09,5,2,1,1,0,0,37.0,8.9,56.2,2,1,1,74.4,2,1,0,0,74.14
5.31,5,3,1,0,1,0,52.8,4.2,43.5,1,4,2,66.4,2,0,0,3,0.0
6.86,4,2,1,1,0,0,40.7,7.4,65.7,0,4,0,65.3,2,1,0,2,79.44
9.62,0,3,0,0,0,0,21.8,4.3,69.5,1,1,0,32.4,0,0,0,3,0.0
6.53,0,1,0,0,0,0,45.2,4.9,80.9,2,2,0,40.5,0,1,2,0,37.44
5.76,4,1,0,0,0,0,39.4,7.6,62.1,2,2,1,54.0,0,1,2,2,46.25
9.11,3,3,1,0,0,1,87.6,5.6,60.5,3,2,0,76.7,2,1,0,0,83.21
6.27,1,3,0,1,0,1,30.5,4.6,54.9,0,5,0,62.7,2,1,1,3,63.51
7.54,3,3,1,1,0,1,95.0,6.8,82.1,2,2,0,83.3,3,1,1,3,79.9
5.42,0,3,0,1,1,1,57.3,6.9,46.4,2,4,0,94.6,3,1,0,1,78.12
9.46,2,1,1,1,0,1,20.3,8.0,79.0,3,5,0,108.2,3,1,1,0,55.09
9.6,0,3,1,1,0,0,49.9,9.6,49.0,1,3,0,76.5,2,1,1,1,73.88
9.23,4,3,1,1,0,0,30.3,5.9,69.5,0,2,0,43.1,2,0,0,3,0.0
8.11,2,2,0,0,0,0,50.6,4.5,42.8,1,2,0,36.6,0,0,0,3,0.0
9.29,5,3,1,0,0,1,0.1,9.9,64.4,1,2,0,72.8,2,1,1,2,64.06
7.18,2,3,0,0,0,1,98.5,4.6,60.1,0,5,0,44.3,1,1,2,3,45.99
8.15,1,1,1,1,1,0,16.6,5.9,65.9,2,1,1,74.7,3,1,1,2,64.85
8.38,4,1,1,1,1,0,59.0,4.8,44.0,1,6,0,88.2,3,1,0,3,78.77
6.65,0,2,1,0,0,0,28.6,4.7,43.9,2,4,0,60.4,1,1,2,2,40.14
9.87,2,3,1,1,0,0,97.1,4.8,46.7,1,6,1,69.8,2,1,0,1,88.6
8.93,0,1,0,0,0,0,68.9,6.0,76.8,0,4,0,34.5,0,1,2,1,38.93
7.0,1,1,0,1,0,0,35.0,5.3,87.7,3,4,0,71.9,1,1,2,1,41.04
5.74,3,2,0,1,0,0,9.7,5.7,79.6,0,4,0,44.2,1,0,0,3,0.0
5.34,5,3,1,1,1,0,14.5,5.8,86.0,0,5,0,68.2,3,1,0,0,80.68
7.57,4,2,0,1,0,0,62.9,8.7,81.1,1,1,0,48.5,1,1,2,1,49.23
7.56,1,2,0,0,0,0,82.1,7.5,53.4,0,5,0,46.2,0,1,2,2,48.13
5.3,0,2,1,0,1,1,18.8,5.0,92.2,1,1,0,63.9,3,1,1,3,52.96
6.62,2,3,0,0,1,0,65.0,8.6,59.4,2,3,0,73.6,1,1,2,2,42.38
7.99,2,3,0,0,0,1,50.1,6.2,65.9,1,3,1,50.7,1,0,0,3,0.0
7.72,5,3,1,1,1,1,50.5,9.1,85.1,2,4,0,106.7,4,1,0,2,81.13
8.44,3,2,1,1,0,0,48.2,8.0,69.7,3,5,0,95.7,2,1,0,0,80.66
8.24,0,2,1,1,1,0,98.9,9.0,75.3,1,5,0,92.2,3,1,1,1,65.31
6.02,2,1,1,0,0,0,92.2,7.2,81.8,0,6,0,60.4,1,1,2,0,46.27
8.99,0,3,1,1,0,0,5.1,9.3,90.5,0,4,0,63.7,2,1,0,2,79.58
5.14,4,3,0,0,1,1,61.6,9.3,54.8,3,3,0,91.6,2,1,0,2,95.84
5.01,0,1,1,1,0,0,60.7,6.7,86.7,1,1,3,52.5,2,1,0,1,71.38
5.96,0,2,1,0,0,1,6.2,9.2,51.1,0,3,2,60.9,2,0,0,3,0.0
9.3,2,2,1,1,0,0,92.0,9.8,57.1,0,1,0,57.8,2,1,0,1,93.45
7.83,4,1,0,1,0,0,99.1,9.3,85.0,1,2,1,55.9,1,1,2,3,43.05
9.99,4,2,1,0,0,0,6.5,6.4,80.0,3,3,1,76.6,1,1,2,1,41.81
9.91,3,3,0,1,0,0,80.1,6.9,88.3,1,2,1,49.7,1,1,2,0,42.4
6.66,2,1,1,1,0,1,22.9,5.1,71.1,1,1,3,56.7,3,0,0,3,0.0
9.67,5,2,0,1,1,1,28.2,5.9,94.2,0,4,1,65.4,3,1,1,2,48.25
5.95,5,3,0,1,0,0,91.1,7.3,55.9,3,3,2,79.7,1,1,2,2,42.11
5.69,4,1,1,1,1,1,50.7,4.9,59.8,0,5,0,77.5,4,1,0,2,82.97
8.28,3,1,1,0,0,0,48.0,5.6,62.9,1,3,0,48.4,1,1,2,3,43.63
8.69,2,2,1,0,0,1,27.9,6.0,72.8,0,4,0,58.0,2,1,0,0,72.49
7.85,0,3,1,1,0,0,46.4,8.4,45.6,3,6,0,106.3,2,1,0,3,85.55
8.66,0,2,0,0,1,1,91.5,5.8,84.5,2,2,0,69.9,2,1,0,1,87.38
5.14,2,3,0,0,1,1,3.0,6.2,53.4,2,6,1,90.9,2,0,0,3,0.0
7.17,2,3,1,0,0,0,54.2,9.1,71.5,0,1,0,42.7,1,1,2,1,52.0
9.83,3,2,0,1,0,1,21.6,7.0,98.0,3,5,1,94.8,2,1,0,3,96.46
9.95,4,3,0,0,1,1,2.9,4.0,55.4,2,1,0,52.0,2,1,0,1,81.85
8.39,4,1,1,1,0,1,26.5,9.3,44.3,2,3,0,97.6,3,1,0,3,89.23
5.08,0,1,0,1,1,1,98.2,8.8,40.6,0,5,0,83.9,3,1,3,0,116.59
7.22,1,3,1,0,1,0,64.1,8.7,68.1,2,4,0,91.1,2,1,1,2,51.13
5.84,2,1,1,0,0,0,13.4,8.6,53.0,0,5,0,62.4,1,0,0,3,0.0
6.21,1,2,1,0,1,1,62.6,6.0,82.0,2,6,1,100.5,3,1,0,0,87.71
8.9,0,1,1,1,0,0,10.0,8.5,93.2,1,1,0,57.0,2,1,1,1,50.39
5.44,3,2,1,0,0,0,25.5,5.7,78.7,0,2,0,34.6,1,1,2,2,42.76
5.28,4,3,1,1,1,0,7.1,7.0,45.1,0,6,0,85.3,3,1,1,0,57.04
5.87,0,1,1,1,0,0,6.6,7.1,58.8,2,5,1,86.7,2,1,0,1,75.83
6.25,5,2,1,1,1,0,64.7,9.2,86.6,1,5,0,90.3,3,1,1,0,57.91
8.97,3,3,0,1,0,1,53.8,4.2,64.2,3,1,1,64.5,2,1,1,2,52.85
5.12,5,1,0,1,0,1,90.9,4.6,99.4,0,2,0,44.8,2,1,0,1,69.17
5.88,1,2,0,0,0,0,6.4,9.2,70.8,1,6,0,69.1,0,1,2,2,36.09
6.78,5,3,1,1,0,0,43.9,8.9,86.8,1,5,0,83.2,2,1,1,2,65.56
7.83,3,3,0,0,0,0,90.0,7.4,84.6,1,5,0,59.6,0,1,2,1,39.82
7.06,4,2,1,1,1,0,76.1,8.3,94.2,0,2,2,61.0,3,1,0,0,82.83
6.0,2,2,1,1,0,0,46.2,5.1,75.1,1,2,2,54.6,2,1,0,0,84.15
5.71,2,2,1,0,0,0,2.2,5.3,72.2,1,3,1,46.7,1,0,0,3,0.0
6.35,2,1,0,0,1,0,66.9,5.7,71.4,1,2,0,48.7,1,1,2,2,46.38
7.15,4,1,0,0,0,1,52.7,9.1,43.6,0,4,0,60.8,1,1,2,2,46.03
5.42,4,1,1,0,1,0,32.7,4.4,93.2,0,1,0,34.0,2,0,0,3,0.0
6.44,4,2,0,0,0,0,10.4,9.4,75.1,3,2,3,63.4,0,0,0,3,0.0
7.58,3,2,0,1,1,0,74.9,7.9,68.4,0,5,0,73.0,2,1,1,3,55.7
7.55,0,3,1,0,0,0,40.9,5.9,48.9,0,3,1,47.5,1,0,0,3,0.0
7.83,2,1,1,0,0,0,9.4,7.9,70.3,0,4,0,49.4,1,1,2,3,38.18
5.83,2,2,1,0,0,0,64.4,9.6,46.5,0,6,0,71.5,1,1,2,0,50.6
8.18,0,1,0,1,1,1,3.7,8.8,48.3,0,5,0,79.4,3,1,1,1,55.4
8.86,1,2,1,1,0,0,97.2,6.6,53.9,0,4,0,58.6,2,1,0,2,76.59
6.38,4,2,0,1,1,0,3.3,5.5,98.8,2,5,1,78.0,2,1,0,1,71.02
9.56,0,3,1,1,0,0,60.0,5.6,63.0,1,1,1,53.6,2,1,0,1,70.07
9.45,2,2,0,1,0,1,11.0,5.6,97.5,0,3,0,48.1,2,1,1,2,55.75
5.61,1,2,1,1,0,0,6.9,8.8,84.2,3,6,0,108.7,2,1,0,0,84.41
6.68,4,1,1,1,0,0,60.8,8.5,84.1,0,5,0,72.3,2,1,1,3,59.83
8.42,3,3,1,0,0,0,17.0,4.1,60.2,2,6,0,74.9,1,1,2,1,49.35
9.75,0,2,0,1,0,0,50.7,4.8,92.3,1,1,0,36.5,1,1,2,2,49.58
6.48,4,1,0,1,0,0,73.3,6.2,51.2,0,6,0,63.4,1,1,2,2,43.88
8.68,0,1,1,0,0,0,84.8,9.7,79.7,1,5,2,75.2,1,1,2,1,45.57
7.32,4,2,0,0,1,0,15.1,4.8,64.2,3,4,0,73.1,1,1,2,0,38.0
5.96,1,3,1,0,0,1,41.9,6.5,66.6,1,2,0,58.7,2,1,0,2,79.95
8.85,5,3,1,0,1,1,74.2,10.0,88.2,2,3,0,95.0,3,1,0,0,97.44
8.6,0,1,1,0,1,0,31.3,5.0,93.8,1,5,0,72.3,2,1,1,2,58.76
9.13,4,3,0,0,1,0,12.9,6.3,45.1,1,5,0,64.4,1,0,0,3,0.0
6.43,3,1,0,1,0,1,68.8,9.8,70.6,1,1,0,65.4,2,1,0,2,85.28
7.04,2,1,0,1,0,0,59.0,9.5,90.1,0,1,0,41.4,1,1,2,2,47.22
5.32,3,1,0,1,1,0,41.5,5.6,40.9,2,6,0,82.2,2,1,0,1,84.07
7.67,5,2,1,1,0,1,58.9,4.1,94.1,1,1,0,61.8,3,1,0,3,76.29
9.51,3,1,1,1,1,0,2.8,4.5,79.0,1,6,1,83.5,3,1,1,3,65.21
5.73,1,2,0,1,0,0,5.3,7.1,62.1,1,2,1,55.4,1,1,2,1,45.89
7.65,2,1,0,0,1,1,78.5,9.0,56.6,1,3,2,67.9,2,1,0,1,81.61
7.22,2,2,0,1,1,0,58.1,5.0,53.2,0,4,0,51.9,2,1,0,3,77.59
6.96,4,1,1,0,0,0,25.1,4.5,60.2,2,3,0,58.5,1,1,2,1,47.4
6.41,1,2,0,1,1,0,3.2,6.7,72.6,2,2,0,68.0,2,1,0,3,66.53
9.98,3,3,0,0,1,0,51.1,5.4,95.9,3,1,0,60.2,1,1,2,3,54.39
7.09,0,1,1,0,0,1,38.5,6.1,40.1,2,2,1,68.8,2,1,1,0,63.4
8.41,3,1,1,0,0,1,89.5,8.1,64.8,1,5,0,80.5,2,1,1,3,72.76
5.29,4,3,0,1,0,1,9.6,4.4,49.6,1,2,2,53.9,2,0,0,3,0.0
5.97,5,1,1,0,0,0,88.6,8.5,75.8,0,5,1,62.0,1,1,2,2,44.96
9.89,3,3,1,0,0,1,83.1,6.9,55.7,0,2,1,46.5,2,1,0,0,94.36
7.27,3,3,1,0,0,0,34.8,5.4,83.1,1,6,0,70.1,1,1,2,3,40.49
6.6,2,3,0,1,0,1,56.1,7.2,55.9,2,1,0,68.9,2,1,0,0,68.34
8.5,3,2,1,0,1,0,68.9,7.6,43.2,0,2,2,50.8,2,0,0,3,0.0
7.41,4,1,1,0,0,0,45.7,8.8,57.5,1,4,0,63.2,1,1,2,0,47.98
7.08,5,1,0,1,0,0,58.9,5.2,48.0,1,2,0,41.6,1,1,2,2,42.11
9.5,2,1,1,1,0,1,43.1,6.4,99.4,1,6,0,88.7,3,1,1,3,64.89
5.38,5,2,0,0,0,1,47.6,4.7,50.2,2,3,0,60.6,1,1,2,1,39.91
5.02,4,1,0,0,0,0,15.4,9.0,81.0,1,6,0,66.6,0,1,2,1,43.62
5.32,1,1,0,0,0,1,20.4,7.9,81.2,0,6,0,64.5,1,1,2,0,42.75
6.96,5,3,0,1,1,1,61.1,7.1,63.3,1,5,0,82.4,3,1,1,2,71.09
7.7,4,3,0,1,0,0,70.0,4.8,43.2,2,4,1,66.7,1,0,0,3,0.0
6.18,3,2,1,0,0,0,59.4,5.5,49.8,1,4,0,60.4,1,1,2,1,49.49
9.85,4,1,1,1,0,0,57.9,9.9,65.1,0,4,0,67.9,2,1,0,0,84.34
6.75,1,3,1,0,0,0,5.6,9.5,59.3,1,6,3,80.6,1,0,0,3,0.0
6.95,2,3,1,0,0,0,62.1,5.7,41.1,1,4,0,58.6,1,1,2,2,44.89
5.84,1,3,0,1,0,1,74.6,5.8,77.4,0,5,2,58.1,2,0,0,3,0.0
7.99,2,3,0,1,0,0,60.8,6.9,51.8,3,2,0,68.2,1,1,2,1,44.05
6.25,5,1,1,1,0,0,89.4,8.1,63.3,1,2,0,68.6,2,1,1,3,57.19
9.86,5,2,0,0,0,0,16.0,9.3,99.4,1,1,1,40.2,0,0,0,3,0.0
7.95,4,2,1,1,0,1,58.3,4.3,45.1,0,6,1,68.0,3,1,1,2,66.4
9.67,0,1,0,1,1,1,36.1,7.3,79.2,1,5,0,86.2,3,1,0,1,71.41
7.47,5,1,0,1,1,1,17.3,7.6,71.8,3,2,0,96.3,3,1,0,2,85.7
5.58,5,2,1,0,0,1,31.6,5.3,46.4,0,1,1,45.5,2,0,0,3,0.0
6.69,0,2,0,0,0,1,9.2,5.6,45.2,0,5,0,49.0,1,1,2,1,42.74
6.77,4,2,1,1,0,0,95.3,5.6,94.5,3,3,0,85.7,2,1,0,1,94.36
8.42,2,1,0,1,0,0,99.1,6.0,52.6,0,1,0,29.6,1,1,2,2,44.51
9.76,4,3,1,1,0,1,77.3,9.3,64.9,1,5,0,88.7,3,1,0,1,98.99
6.34,0,3,0,1,0,0,85.8,7.6,50.1,1,4,0,60.2,1,1,2,0,46.85
7.34,0,2,1,0,0,1,42.6,8.7,54.2,3,1,1,78.0,2,1,0,3,66.95
9.89,5,1,1,0,1,1,83.8,5.3,46.3,1,1,0,62.2,3,1,3,0,108.83
5.35,2,2,0,1,1,0,19.0,4.2,96.9,1,2,0,54.3,2,1,0,1,60.25
6.09,4,3,0,1,0,1,38.6,4.4,88.8,1,3,0,58.2,2,0,0,3,0.0
6.39,3,3,1,0,0,1,30.1,5.6,93.4,0,5,1,64.7,2,1,1,3,61.34
9.53,1,2,1,1,0,1,7.5,5.9,46.9,3,5,1,103.4,3,1,0,1,89.15
5.35,1,3,0,1,0,0,21.9,8.0,57.2,1,5,0,72.0,1,0,0,3,0.0
7.62,1,3,0,0,0,0,70.7,8.5,83.7,1,6,0,67.0,0,1,2,0,52.33
5.11,4,3,1,1,0,1,67.8,9.3,86.0,1,6,0,102.2,3,1,0,1,88.05
7.94,3,2,0,1,0,0,69.6,9.7,97.8,1,4,0,71.1,1,1,2,0,44.69
6.55,4,1,0,1,0,0,7.5,5.5,50.7,2,5,1,68.2,1,1,2,2,45.46
8.01,1,3,1,0,0,1,7.8,4.3,54.0,1,5,0,72.7,2,1,1,3,63.65
9.43,5,1,0,1,0,0,55.5,6.4,67.8,0,2,3,34.9,1,0,0,3,0.0
5.75,4,3,1,0,1,0,31.6,5.1,95.9,1,4,3,65.3,2,0,0,3,0.0
5.97,2,3,0,1,0,0,60.8,7.9,79.9,1,3,1,61.4,1,0,0,3,0.0
9.92,4,3,1,1,0,1,63.6,7.2,84.9,0,4,0,68.5,3,1,0,2,73.83
9.17,3,1,1,1,0,1,97.6,5.4,91.7,1,6,1,85.2,3,1,3,0,115.08
6.93,1,1,0,1,1,0,30.7,8.6,92.7,1,4,0,73.7,2,1,1,1,66.65
6.21,2,2,1,0,1,0,83.4,6.3,89.4,0,4,0,56.4,2,1,0,1,74.53
8.5,1,1,1,1,0,1,58.7,6.0,71.9,0,4,1,69.6,3,1,0,0,71.96
5.55,3,1,1,1,0,0,40.4,8.8,85.7,2,4,1,84.0,2,1,1,0,69.07
7.59,4,1,1,0,0,1,53.9,9.1,44.9,2,5,3,95.5,2,1,1,2,65.66
7.24,2,2,1,1,0,0,38.4,4.8,61.4,2,1,0,55.7,2,1,1,2,58.92
9.49,1,1,0,0,0,1,59.6,7.7,53.1,1,2,0,56.1,1,1,2,2,46.99
7.76,3,2,1,1,0,0,6.3,9.2,74.1,1,1,0,57.6,2,1,1,3,49.79
6.16,4,2,0,1,0,1,40.1,5.1,67.1,3,1,3,66.6,2,1,1,3,58.51
6.88,3,2,0,0,1,0,43.2,7.3,74.9,2,1,0,54.6,1,1,2,3,40.96
5.21,0,2,0,0,0,1,31.3,7.5,83.8,1,6,1,67.9,1,1,2,1,37.5
9.19,4,2,1,1,0,1,70.9,6.5,65.6,3,1,1,83.7,3,1,1,2,68.98
8.12,0,2,0,1,1,1,32.1,6.4,88.5,1,2,1,69.7,3,1,1,2,69.15
9.32,2,2,0,1,0,0,57.1,6.9,62.9,0,3,0,42.6,1,1,2,2,42.19
6.09,0,2,1,0,0,0,92.2,9.2,98.1,1,3,0,63.8,1,1,2,1,46.42
7.21,3,1,1,0,0,0,98.0,4.7,55.5,2,6,0,69.3,1,1,2,2,51.22
9.23,5,1,1,1,1,0,79.1,5.9,87.2,1,4,0,73.7,3,1,0,0,95.75
9.27,5,3,1,0,1,1,13.1,8.0,67.2,3,4,0,103.9,3,1,0,3,82.98
8.23,1,1,0,0,0,0,65.7,10.0,79.1,1,1,0,49.1,0,1,2,3,43.85
8.85,1,1,0,1,1,0,97.7,9.9,96.2,1,5,0,83.2,2,1,0,3,72.88
7.29,4,1,1,1,1,0,52.9,6.2,40.1,1,2,1,63.9,3,1,1,2,62.88
5.22,2,1,1,0,1,0,68.4,4.6,48.0,0,2,0,44.7,2,1,1,1,54.16
7.94,3,3,0,1,0,1,53.0,7.1,81.0,0,2,0,51.3,2,1,1,0,52.08
6.12,1,2,1,1,0,0,86.0,7.1,72.1,2,4,0,84.3,2,1,1,0,72.8
6.16,4,1,1,0,0,1,67.4,5.2,49.1,0,6,1,67.1,2,1,0,2,86.35
6.99,3,3,0,0,1,0,47.2,7.0,93.0,1,4,1,65.3,1,0,0,3,0.0
6.9,5,2,1,0,1,0,44.4,7.0,85.5,0,4,3,59.5,2,1,0,1,70.18
5.26,0,2,0,0,1,0,29.9,4.1,81.7,1,6,1,65.0,1,1,2,2,37.97
5.86,3,1,1,1,1,0,12.3,4.8,51.1,1,1,0,60.6,3,1,0,0,72.25
6.44,1,3,1,0,0,0,40.5,4.2,56.4,1,4,0,57.2,1,1,2,3,44.74
8.16,4,1,0,0,1,1,98.7,7.8,94.0,0,5,0,73.2,2,1,1,2,58.29
9.53,4,1,1,1,1,0,53.1,9.4,73.1,0,6,0,92.7,3,1,0,0,82.29
5.01,0,2,1,1,0,1,0.5,7.6,66.8,1,5,3,87.8,3,1,0,2,74.69
6.67,2,2,1,1,0,0,21.3,9.2,75.9,2,3,0,87.4,2,1,0,3,76.56
9.48,3,3,1,0,1,0,16.2,7.5,94.7,2,1,0,71.2,2,1,0,0,74.46
9.95,0,3,1,1,0,1,32.6,4.3,64.3,3,5,3,96.6,3,1,1,3,77.17
5.29,4,2,0,1,0,0,50.2,8.7,53.1,2,5,0,77.8,1,1,2,3,42.12
7.45,2,1,0,1,0,0,37.4,4.8,82.5,2,5,0,69.2,1,1,2,3,45.92
6.03,0,2,0,0,0,1,74.6,4.5,84.5,1,2,0,39.7,1,1,2,3,46.86
9.59,3,2,1,0,1,0,3.6,7.7,60.5,0,1,0,46.4,2,0,0,3,0.0
8.8,4,2,1,0,1,0,99.7,9.7,96.4,2,2,0,76.3,2,1,1,2,56.99
9.59,4,3,1,1,0,1,68.9,5.7,66.8,1,1,0,58.1,3,1,1,2,58.62
8.38,0,3,0,0,0,0,91.3,8.4,61.9,0,5,0,48.3,0,1,2,0,47.88
9.41,5,2,0,1,0,1,40.1,9.0,80.3,0,4,0,65.4,2,1,1,1,69.78
7.75,5,1,1,0,0,0,78.9,9.3,77.1,1,4,0,70.0,1,1,2,3,47.55
7.48,5,2,1,1,1,0,22.3,9.7,81.8,0,4,0,77.4,3,1,0,3,74.19
9.72,5,1,1,1,0,1,83.6,9.0,49.5,0,5,2,82.6,3,1,0,3,84.03
7.96,2,1,1,1,0,1,81.4,4.4,45.2,1,2,3,65.2,3,1,3,3,97.67
5.75,1,1,1,1,1,0,71.6,6.9,77.6,1,3,0,73.2,3,1,0,1,75.15
9.5,0,2,0,0,1,1,14.1,8.6,94.8,0,6,1,77.0,2,1,1,1,62.76
7.61,4,1,1,0,0,0,59.2,9.1,62.5,2,4,0,81.3,1,1,2,1,50.77
6.69,4,1,1,1,0,1,71.0,5.0,68.8,1,5,0,76.2,3,1,0,3,86.19
6.11,0,3,1,1,0,0,25.8,8.1,58.5,2,5,1,92.1,2,1,1,3,54.43
7.4,4,3,1,1,0,1,35.9,6.0,48.7,2,1,0,73.4,3,1,0,1,79.96
7.75,5,2,1,1,1,0,43.8,6.8,56.7,1,1,0,66.8,3,1,0,0,80.98
6.27,1,1,0,0,0,0,24.5,7.9,43.7,1,3,1,53.1,0,0,0,3,0.0
6.3,0,2,1,0,0,1,57.5,4.4,74.8,0,6,0,67.3,2,1,1,3,47.77
8.19,5,2,1,0,0,0,6.6,4.8,79.8,1,2,0,48.5,1,0,0,3,0.0
8.21,2,3,0,0,0,0,80.2,5.7,77.5,1,1,0,35.1,0,1,2,3,47.1
8.97,0,3,0,1,1,0,44.0,7.9,82.1,0,3,0,61.8,2,1,1,3,50.54
5.79,0,2,0,1,0,1,5.1,7.0,59.9,1,4,0,68.2,2,1,0,1,80.22
5.17,4,3,0,0,1,0,62.2,5.9,67.4,0,2,1,40.5,1,0,0,3,0.0
5.76,5,3,0,0,1,0,86.8,7.0,93.1,2,4,1,66.6,1,1,2,2,42.13
7.54,0,3,0,0,1,0,36.0,6.8,73.7,2,6,1,83.0,1,1,2,2,37.7
7.97,2,3,1,1,0,0,70.0,8.3,50.4,0,2,0,57.0,2,1,1,0,52.81
9.92,3,2,1,1,0,1,85.1,8.1,55.0,3,1,0,86.0,3,1,0,3,78.72
8.83,1,2,1,1,0,0,24.2,5.0,89.4,2,1,0,58.5,2,1,1,3,68.22
5.93,0,1,0,1,0,0,53.8,5.5,45.5,1,2,1,49.4,1,0,0,3,0.0
9.67,2,2,1,1,0,0,14.2,8.5,74.9,0,4,0,62.4,2,1,0,1,77.69
7.74,5,3,1,0,0,0,71.2,7.6,90.7,0,2,1,41.8,1,0,0,3,0.0
6.28,1,3,1,0,0,0,80.7,5.7,59.8,1,3,0,52.1,1,1,2,3,49.98
5.51,0,2,1,0,0,1,81.9,7.3,92.5,3,2,1,84.0,2,1,1,0,56.89
9.8,1,1,0,1,0,0,65.8,8.9,63.7,0,5,2,62.9,1,1,2,2,44.77
5.07,1,2,1,0,0,0,21.9,8.8,59.9,0,4,0,57.8,1,1,2,0,48.13
7.79,2,1,0,1,1,0,25.6,4.9,84.2,1,2,0,59.4,2,1,1,0,57.32
9.44,2,2,1,1,0,0,13.9,5.6,65.0,2,3,0,73.2,2,1,1,0,65.95
5.84,3,3,1,0,0,0,38.8,9.1,40.3,1,6,0,76.6,1,1,2,2,49.98
9.57,4,1,0,1,0,0,87.3,9.9,54.8,3,5,0,99.4,1,1,2,0,55.81
6.73,1,2,1,0,1,1,1.8,6.2,41.2,3,1,1,80.1,3,1,0,0,66.83
5.75,2,3,1,0,1,0,87.0,7.6,91.0,2,3,2,78.7,2,1,0,3,94.68
5.83,5,3,1,1,1,1,23.1,6.2,70.4,0,6,1,90.9,4,1,1,2,61.94
5.67,4,2,1,1,1,1,66.0,8.6,74.5,0,4,0,89.3,4,1,1,1,60.85
9.54,3,3,1,0,0,1,86.2,4.3,74.4,0,1,0,33.8,2,1,1,3,70.61
5.26,5,2,1,0,0,1,72.6,9.7,84.3,1,3,1,69.3,2,1,0,2,73.37
8.48,5,1,0,1,0,0,80.0,6.2,85.7,0,3,0,42.3,1,1,2,2,42.71
5.7,2,3,0,1,0,1,19.9,4.7,74.6,0,2,0,45.5,2,0,0,3,0.0
8.99,5,2,1,1,0,1,72.9,6.1,70.3,1,1,0,60.5,3,1,1,1,73.44
9.44,5,3,0,1,1,0,37.2,9.0,86.2,3,2,0,83.2,2,1,1,2,62.88
5.88,4,1,1,0,0,1,60.7,5.3,68.5,2,5,1,76.9,2,1,1,1,58.21
8.69,0,1,1,1,1,0,98.2,9.7,91.1,1,3,0,85.6,3,1,3,2,108.78
8.05,3,1,1,1,1,1,98.1,9.9,86.3,3,2,0,108.3,4,1,3,0,129.43
6.95,1,1,0,1,1,0,71.0,5.8,52.5,0,4,0,52.6,2,1,0,0,70.22
7.86,2,2,1,0,1,1,52.3,9.5,90.7,2,6,0,109.7,3,1,1,3,58.25
5.94,1,1,0,1,1,0,96.2,5.9,63.5,0,6,2,69.9,2,1,1,2,62.32
8.79,4,2,0,1,0,1,75.2,5.0,60.5,0,6,0,69.9,2,1,1,3,55.18
7.68,5,2,1,0,1,1,26.7,5.4,46.3,0,5,1,74.4,3,1,0,1,67.5
6.17,3,3,1,1,0,1,74.1,5.7,62.7,0,2,1,55.9,3,1,0,0,67.94
5.54,2,1,1,0,1,1,21.6,6.9,67.1,2,2,0,84.2,3,1,1,0,53.18
7.47,1,3,1,1,0,0,17.5,8.6,64.0,1,5,1,78.1,2,1,1,2,64.62
8.1,2,1,0,0,1,0,47.0,8.1,63.9,0,5,0,59.8,1,1,2,3,48.79
7.2,0,1,0,0,0,0,75.1,5.2,62.1,0,1,2,18.0,0,0,0,3,0.0
7.72,5,1,1,1,0,1,50.4,6.9,81.5,0,4,0,69.3,3,1,1,1,57.3
7.6,1,1,1,1,0,0,35.5,9.5,99.8,3,3,0,97.6,2,1,1,1,60.57
5.57,2,3,1,0,0,0,1.9,8.0,75.3,1,3,0,58.3,1,0,0,3,0.0
9.43,3,3,0,0,0,0,14.7,5.3,40.7,0,3,0,32.4,0,0,0,3,0.0
7.56,0,3,1,1,0,0,66.1,9.1,87.1,0,3,0,63.9,2,1,0,2,73.22
6.81,3,1,1,1,1,1,40.6,6.3,69.3,1,5,1,95.9,4,1,1,1,52.65
6.3,5,1,1,1,0,0,87.2,9.1,94.0,1,3,1,72.4,2,1,1,1,65.4
9.63,2,3,1,1,0,0,47.0,5.1,75.8,1,6,1,73.7,2,1,1,0,71.15
9.96,1,3,1,1,0,0,52.8,4.2,58.7,3,3,1,74.4,2,1,0,0,97.29
8.3,3,2,1,0,0,0,8.7,7.3,52.9,2,3,0,68.4,1,1,2,0,40.26
8.98,3,2,1,0,1,0,69.9,6.6,83.9,3,4,0,93.2,2,1,1,1,57.67
8.98,3,2,1,0,0,1,21.3,5.0,61.7,3,6,0,94.9,2,1,1,3,68.54
9.08,5,1,1,0,0,0,93.2,7.3,77.2,1,1,1,48.0,1,1,2,2,46.3
9.57,5,3,1,1,1,0,42.9,5.4,77.8,2,3,1,82.5,3,1,0,0,71.02
5.59,5,3,0,0,0,1,42.2,5.6,66.4,2,6,0,77.7,1,1,2,0,43.57
9.58,2,3,1,0,1,1,38.2,6.5,60.9,0,6,0,80.6,3,1,0,2,80.58
5.44,3,1,1,1,1,0,50.0,9.8,67.5,1,1,0,73.7,3,1,1,0,52.07
7.46,2,3,1,1,0,1,57.5,8.2,65.1,0,3,0,72.6,3,1,0,0,83.35
9.93,2,2,1,1,0,0,38.4,7.5,83.5,1,2,0,65.2,2,1,0,0,83.69
6.14,4,1,1,0,0,0,71.9,6.8,66.6,1,5,0,65.0,1,1,2,1,42.19
8.59,0,3,0,1,1,1,16.1,5.8,91.6,0,1,1,48.0,3,0,0,3,0.0
5.43,3,3,1,1,1,0,42.3,4.6,61.0,0,1,0,52.9,3,1,0,0,73.29
7.12,1,1,0,1,0,0,61.1,8.3,58.8,0,5,0,59.5,1,1,2,2,43.55
9.49,1,2,1,1,1,1,98.4,5.1,66.9,3,2,1,93.5,4,1,1,0,74.68
9.77,2,2,1,1,0,0,96.2,7.0,63.9,2,6,2,87.3,2,1,0,3,95.06
5.62,3,3,0,1,1,0,12.6,6.2,75.4,2,2,0,71.4,2,1,1,2,64.99
5.83,5,3,1,0,1,0,48.7,8.2,63.7,0,4,0,63.3,2,1,0,1,76.63
7.84,2,3,1,1,0,0,49.6,8.2,69.1,0,1,0,52.5,2,1,0,1,86.57
9.52,1,3,0,1,0,1,43.6,5.1,44.8,1,2,0,56.9,2,0,0,3,0.0
6.94,1,2,1,0,0,0,12.6,9.0,79.5,0,3,0,56.5,1,1,2,0,43.42
8.9,5,2,0,0,0,1,5.3,5.2,82.3,1,4,1,51.1,1,1,2,1,41.39
9.32,1,3,1,1,0,0,36.1,5.1,93.7,0,4,0,58.3,2,1,1,1,60.44
7.77,2,1,0,1,1,0,63.7,7.7,61.5,1,5,0,80.0,2,1,0,3,87.41
5.54,4,3,1,1,0,0,1.5,8.2,73.0,1,1,0,55.8,2,1,0,0,77.35
9.66,1,3,1,0,1,1,40.8,7.4,65.0,2,2,1,82.9,3,1,0,1,92.35
6.96,1,2,0,0,1,1,73.7,6.0,82.1,1,1,1,50.8,2,1,0,2,83.63
6.74,4,2,1,0,1,1,43.2,7.8,47.4,1,3,0,80.6,3,1,1,1,54.9
9.9,1,2,0,1,0,0,61.5,7.0,41.0,3,3,0,75.2,1,1,2,3,47.17
6.95,2,2,1,1,0,0,64.7,5.7,75.5,1,6,0,81.3,2,1,0,0,89.54
5.46,5,2,1,0,0,0,38.1,6.7,76.0,1,1,1,49.3,1,1,2,3,43.95
8.03,0,2,0,1,0,0,92.0,6.9,92.1,2,5,0,73.2,1,1,2,2,52.91
7.2,1,3,0,1,0,0,66.1,5.5,96.3,0,1,0,31.4,1,0,0,3,0.0
7.47,5,3,1,1,0,1,62.4,4.9,42.8,1,3,0,66.0,3,1,1,2,68.16
5.07,3,1,1,1,1,0,44.7,8.0,90.0,0,3,0,64.2,3,1,1,2,47.65
5.25,1,2,1,1,0,0,53.2,7.1,41.2,0,1,0,51.0,2,1,0,0,79.3
6.56,3,1,1,0,0,0,61.6,5.3,86.3,0,4,0,49.4,1,1,2,1,42.15
9.69,4,1,1,1,0,1,81.3,6.0,97.8,0,5,0,71.1,3,1,3,0,95.39
8.43,3,3,1,1,0,1,81.2,7.5,43.7,1,5,1,82.9,3,1,1,3,76.47
8.98,4,2,1,1,0,1,74.8,6.5,82.6,2,5,0,90.7,3,1,0,1,79.38
8.71,0,2,0,1,0,1,73.8,6.4,47.8,0,1,1,44.0,2,1,0,0,83.92
8.86,1,1,1,0,0,0,74.9,4.4,79.6,2,5,0,69.1,1,1,2,0,45.65
9.96,1,1,1,1,1,1,42.4,7.8,68.8,2,6,1,116.6,4,1,1,2,66.38
6.95,3,2,1,0,1,0,81.4,8.5,41.2,1,4,0,75.1,2,1,1,1,49.28
9.62,4,3,1,1,0,0,79.3,7.6,81.7,1,5,0,76.0,2,1,1,1,63.22
7.96,3,1,1,0,1,0,66.9,6.0,64.6,0,6,0,70.8,2,1,0,1,77.31
8.43,5,2,0,1,0,0,46.0,6.0,99.0,0,4,0,47.9,1,0,0,3,0.0
5.41,1,2,0,1,1,1,56.7,6.4,92.2,1,4,0,78.2,3,1,0,3,86.05
7.96,3,2,0,0,0,0,17.7,7.9,69.9,2,3,0,61.2,0,0,0,3,0.0
6.57,3,1,0,1,0,0,2.7,8.3,41.2,3,5,0,89.2,1,1,2,2,44.82
9.27,5,1,1,0,0,0,11.6,6.7,99.1,1,4,0,60.8,1,1,2,0,44.86
9.57,0,2,1,0,1,1,49.7,4.3,74.8,2,5,0,89.6,3,1,1,1,57.28
6.27,0,3,1,1,0,0,16.0,6.8,85.8,3,2,1,82.9,2,1,0,2,89.33
9.61,1,3,0,1,1,1,76.9,6.3,73.4,1,4,0,81.9,3,1,1,1,64.05
8.98,4,3,0,1,0,0,6.4,9.4,98.8,0,2,0,51.1,1,0,0,3,0.0
7.94,2,2,0,1,0,1,79.0,4.5,74.7,1,5,1,73.5,2,1,1,1,58.8
5.34,0,2,1,0,0,1,96.9,9.7,51.6,3,4,3,101.1,2,1,1,0,54.34
8.69,4,1,1,1,1,1,53.7,4.0,40.7,1,5,2,90.3,4,1,0,2,83.98
6.57,2,2,1,1,0,0,91.8,6.8,64.5,1,2,0,61.8,2,1,1,3,73.23
8.64,1,3,1,0,1,1,45.2,4.1,87.6,0,3,1,56.8,3,1,0,0,82.26
5.82,3,3,1,0,0,0,18.8,9.6,76.6,2,5,0,79.1,1,1,2,1,42.94
8.95,2,2,0,1,0,1,9.9,7.3,71.8,0,1,0,45.7,2,1,0,0,76.91
5.95,4,1,1,0,1,1,62.6,8.9,93.3,0,6,0,85.8,3,1,1,3,49.92
8.04,0,1,1,1,0,0,14.6,7.8,67.0,0,3,0,53.8,2,1,1,1,59.15
8.34,1,1,1,1,0,1,22.2,6.5,60.7,0,5,1,79.4,3,1,1,1,62.04
9.98,1,1,1,1,0,1,70.9,8.7,47.5,1,5,1,88.5,3,1,0,1,71.77
5.57,0,2,1,1,1,0,80.9,6.1,94.0,2,6,1,96.3,3,1,1,2,73.35
6.36,3,3,0,0,0,0,28.1,7.7,45.0,0,4,0,40.8,0,0,0,3,0.0
5.94,2,3,1,1,1,0,39.9,7.5,59.0,2,5,1,95.2,3,1,0,2,91.0
6.23,5,1,0,1,0,0,19.7,9.8,54.7,0,4,0,56.5,1,1,2,2,35.64
6.6,1,1,1,1,1,0,10.7,8.9,77.4,0,2,0,62.5,3,1,0,2,85.22
6.99,1,1,1,0,0,0,84.0,6.6,48.0,1,3,1,52.3,1,1,2,3,45.66
5.63,3,2,1,0,0,0,8.4,9.1,91.8,2,1,0,63.5,1,1,2,2,45.55
7.1,5,2,1,1,0,1,52.0,5.4,57.4,1,1,0,58.7,3,1,0,3,71.77
8.66,1,1,0,0,0,0,76.3,8.3,79.8,0,4,0,47.0,0,1,2,1,44.79
6.55,1,3,0,0,0,1,74.8,4.0,57.8,1,4,0,51.8,1,1,2,2,44.61
8.72,2,2,0,1,0,0,35.8,9.4,74.0,0,4,0,55.5,1,1,2,2,46.24
7.66,1,3,1,0,1,0,88.6,6.1,48.0,0,3,0,55.6,2,1,0,0,85.85
8.08,5,3,1,1,0,0,8.6,6.2,64.7,2,2,1,63.8,2,0,0,3,0.0
9.51,1,1,0,0,0,1,45.4,6.8,80.2,0,3,0,47.0,1,1,2,3,48.36
6.8,0,3,0,0,1,1,95.2,4.5,72.2,1,5,0,69.0,2,1,0,2,66.09
7.43,2,1,1,0,1,0,36.7,4.3,79.2,2,4,3,73.4,2,1,1,2,59.59
6.3,3,1,1,1,1,1,57.4,5.3,64.2,3,5,0,106.3,4,1,1,1,61.38
9.71,2,3,0,1,0,1,39.3,8.2,44.2,3,6,2,105.8,2,1,0,1,89.24
6.36,2,3,1,1,1,0,68.2,5.8,84.3,1,4,0,77.6,3,1,1,3,63.57
8.33,2,1,1,1,0,0,76.1,9.5,53.1,3,2,0,90.8,2,1,0,2,89.36
9.67,5,2,0,1,1,0,90.3,6.9,80.7,0,3,0,58.0,2,1,0,1,69.35
8.99,1,2,0,1,0,1,19.0,5.1,73.9,0,2,0,41.1,2,1,0,0,71.86
9.02,4,1,0,1,1,0,79.3,8.0,64.6,1,4,0,77.8,2,1,0,2,97.21
9.56,1,1,0,0,0,0,29.9,9.3,94.1,0,3,0,47.7,0,1,2,2,40.36
8.73,5,3,0,0,0,0,87.3,7.1,43.5,1,2,0,41.7,0,1,2,3,39.43
8.06,4,1,0,1,1,1,23.1,5.0,73.6,1,4,2,74.2,3,1,0,2,81.51
9.6,1,3,1,1,0,0,27.9,4.6,56.8,0,3,1,48.3,2,1,1,2,66.13
6.52,2,3,1,1,0,1,54.8,4.6,73.4,0,4,1,63.7,3,1,0,1,76.0
8.73,3,2,1,1,0,0,80.9,4.8,46.0,2,1,2,58.5,2,1,0,0,79.52
7.87,3,1,1,1,1,0,35.8,5.4,59.0,1,6,0,82.7,3,1,0,2,70.94
6.72,4,1,0,0,0,0,84.3,5.1,90.9,1,1,0,25.4,0,0,0,3,0.0
8.06,2,2,0,1,0,1,15.5,7.2,44.8,2,2,0,74.8,2,1,1,0,72.36
5.56,3,3,1,1,1,0,94.8,9.8,96.1,1,2,1,77.1,3,1,0,2,81.56
7.26,0,1,1,1,1,0,23.1,8.0,87.8,0,3,0,73.7,3,1,0,2,70.34
6.67,4,3,1,1,1,0,73.8,4.3,67.8,0,3,1,55.3,3,1,1,1,66.09
9.98,2,2,1,0,0,0,81.8,6.9,84.3,0,4,1,55.4,1,1,2,3,50.91
7.59,5,2,1,1,0,0,94.8,4.0,98.6,2,2,0,65.9,2,1,1,2,54.45
9.61,2,2,0,0,0,0,68.0,4.3,44.2,2,2,0,46.7,0,1,2,1,45.0
6.55,0,2,0,0,1,0,58.6,7.6,95.7,0,4,1,56.8,1,0,0,3,0.0
8.56,3,2,1,0,0,1,5.2,6.3,63.6,3,3,1,83.7,2,1,1,0,68.13
5.34,3,3,0,1,0,0,36.7,4.3,62.1,1,5,2,60.5,1,0,0,3,0.0
6.66,3,2,1,1,0,1,57.2,7.1,78.7,1,2,0,70.6,3,1,1,1,52.74
6.16,0,1,1,0,0,0,99.6,4.0,78.4,2,6,0,76.6,1,1,2,2,45.9
9.84,4,1,1,0,1,0,37.2,5.0,52.6,1,1,0,49.0,2,1,1,3,67.02
9.57,5,2,0,1,1,0,68.0,5.8,56.0,1,5,0,74.0,2,1,0,3,76.88
5.4,4,3,1,1,1,0,37.0,5.5,74.1,1,1,0,62.0,3,1,0,3,70.15
9.01,2,3,1,0,0,0,18.5,9.2,96.7,0,1,0,42.6,1,1,2,2,45.34
7.16,1,3,0,1,0,0,46.2,9.5,52.3,1,6,1,81.7,1,1,2,1,41.65
6.75,3,2,1,1,1,0,63.2,7.2,49.0,1,3,0,71.8,3,1,1,2,72.39
7.82,3,2,1,1,0,1,12.6,7.8,97.2,0,5,0,81.6,3,1,1,2,63.9
5.05,0,2,1,0,0,0,89.1,6.6,95.2,2,6,1,80.0,1,1,2,0,40.75
7.47,0,3,1,1,1,0,42.7,5.7,68.6,2,6,3,102.0,3,1,0,1,73.37
5.25,1,2,1,0,1,0,19.9,7.3,98.4,1,3,3,62.9,2,0,0,3,0.0
7.8,5,3,0,1,0,0,71.2,8.0,97.8,1,5,0,66.2,1,1,2,2,52.38
7.75,3,3,1,1,1,0,30.3,4.6,78.7,0,3,0,53.8,3,1,0,1,71.9
9.11,3,2,0,1,0,0,55.0,6.3,47.7,2,5,0,77.1,1,1,2,3,42.74
6.12,4,3,0,0,0,1,93.1,7.5,90.4,0,3,0,49.6,1,1,2,2,45.25
7.41,0,3,1,1,0,1,39.1,8.5,96.9,0,6,1,83.9,3,1,0,1,81.53
8.36,5,2,0,1,0,0,55.8,8.1,54.3,2,3,0,74.0,1,1,2,3,44.48
7.67,4,1,0,0,0,1,19.2,8.9,59.6,1,2,3,61.7,1,0,0,3,0.0
5.4,3,2,1,1,0,1,14.9,6.3,44.1,1,4,1,77.3,3,1,1,1,63.35
5.34,2,2,0,1,0,0,18.4,8.6,75.9,1,3,0,63.4,1,1,2,2,39.18
7.3,5,1,0,0,0,0,68.5,8.9,65.2,3,6,3,83.3,0,1,2,3,44.24
5.97,3,1,1,1,0,0,39.9,5.1,51.1,1,5,0,71.1,2,1,1,2,66.29
6.85,3,2,1,1,0,1,83.7,6.2,67.3,1,4,1,78.0,3,1,0,3,78.84
8.42,0,2,1,1,0,0,86.9,5.0,93.0,0,4,0,57.3,2,1,0,3,85.91
9.95,2,1,1,0,1,1,93.1,8.1,80.5,0,4,0,72.4,3,1,3,3,105.96
8.73,1,3,1,1,0,0,25.6,5.1,72.7,1,1,0,50.4,2,0,0,3,0.0
6.2,0,1,1,1,0,1,71.5,8.6,89.8,0,6,0,81.3,3,1,0,3,75.83
7.05,3,1,0,0,1,1,34.8,4.2,42.2,2,6,1,84.6,2,1,1,2,66.32
6.54,0,3,1,1,0,0,65.6,6.7,77.2,0,5,1,64.4,2,1,1,0,57.88
6.46,5,3,1,1,0,1,92.1,8.9,43.9,1,3,0,85.8,3,1,0,1,71.25
7.19,1,3,0,1,0,1,19.0,6.2,91.6,1,6,0,82.7,2,1,0,3,69.73
8.43,2,2,1,0,1,1,43.1,7.7,67.0,0,1,1,59.0,3,1,0,2,82.88
6.12,4,2,1,0,0,0,42.0,5.9,83.2,1,3,0,57.2,1,0,0,3,0.0
6.04,2,3,1,1,0,0,42.1,4.3,79.3,0,3,0,52.5,2,0,0,3,0.0
6.78,5,3,1,1,0,0,19.5,7.1,66.3,0,4,0,64.5,2,1,0,3,65.01
9.24,1,3,1,0,1,0,59.4,9.2,64.6,0,2,1,57.8,2,0,0,3,0.0
5.39,2,3,1,0,1,1,58.2,9.4,41.3,0,6,0,91.7,3,1,0,3,79.51
5.55,0,1,0,1,0,1,20.0,6.8,55.9,1,3,0,69.6,2,1,1,1,66.29
7.99,0,2,0,0,0,0,55.9,5.7,50.0,1,6,1,54.6,0,1,2,0,47.49
6.12,1,2,0,1,1,1,30.3,7.8,77.5,1,3,0,74.1,3,1,1,0,54.08
6.37,1,1,1,0,0,0,4.8,9.8,83.8,2,6,0,93.5,1,1,2,2,39.52
7.0,4,2,1,0,0,0,58.5,5.5,50.0,1,1,0,42.3,1,0,0,3,0.0
9.68,4,3,0,1,1,1,2.0,7.3,45.2,2,1,1,73.8,3,1,0,3,91.11
9.8,0,2,0,0,0,0,45.9,9.8,89.8,0,1,0,30.2,0,1,2,1,46.77
9.07,4,1,1,0,0,1,80.8,6.1,49.6,1,2,0,62.8,2,1,0,3,95.11
7.36,4,2,1,0,0,0,54.5,7.3,92.5,2,2,1,62.6,1,1,2,1,43.24
9.65,1,2,1,1,0,1,48.9,5.0,80.1,1,6,0,85.1,3,1,0,2,75.53
8.67,3,1,0,0,1,0,54.7,7.1,83.5,0,3,0,46.6,1,1,2,2,43.09
7.89,3,2,1,0,1,1,63.8,7.9,45.1,3,1,0,87.0,3,1,1,1,75.8
9.94,3,1,1,0,0,1,5.0,6.9,48.9,1,3,1,65.6,2,1,0,2,66.15
5.74,5,2,1,1,0,0,76.3,5.8,64.6,1,2,0,57.5,2,1,1,3,60.96
8.34,5,1,1,1,0,1,0.1,7.2,52.9,0,1,0,60.3,3,1,0,1,79.72
9.08,1,1,0,1,1,1,93.5,7.2,85.0,1,4,0,84.5,3,1,0,2,73.33
6.2,3,3,0,0,1,1,61.2,8.0,54.2,1,4,1,69.5,2,1,0,0,68.89
5.48,5,2,1,1,0,0,91.6,9.2,65.6,0,3,0,67.4,2,1,0,3,81.75
9.22,5,3,1,1,0,1,4.0,4.4,82.8,0,1,0,52.3,3,0,0,3,0.0
7.78,4,2,1,0,1,1,92.1,6.0,46.3,1,3,0,73.3,3,1,1,3,69.67
9.91,2,2,1,1,1,1,10.4,5.6,40.3,0,6,0,90.8,4,1,0,3,74.94
9.02,4,1,1,1,1,0,25.0,8.6,58.0,2,6,1,101.6,3,1,0,3,70.76
5.26,5,3,0,1,0,1,13.2,6.7,51.1,0,1,0,46.3,2,0,0,3,0.0
5.79,1,3,1,0,0,0,59.0,4.3,64.1,0,3,0,41.9,1,1,2,0,35.44
8.97,1,3,1,0,0,1,73.8,6.5,84.1,1,4,0,68.5,2,1,1,0,68.1
6.71,1,3,1,0,1,0,8.2,7.9,81.2,1,4,1,72.5,2,1,0,1,61.14
8.23,4,1,1,1,1,0,99.5,9.7,40.8,2,2,0,89.9,3,1,0,0,87.23
8.2,1,2,0,1,1,0,7.1,8.2,60.4,0,2,2,57.1,2,0,0,3,0.0
8.0,1,1,0,1,0,1,97.9,6.1,99.3,3,3,0,87.9,2,1,1,1,72.5
9.06,5,3,1,1,0,0,4.0,4.9,97.9,1,6,0,76.3,2,1,0,0,74.22
5.86,1,1,1,0,1,0,68.0,5.8,87.7,1,3,2,61.5,2,1,0,0,69.7
7.18,5,2,0,1,1,1,59.6,6.9,48.5,2,3,1,89.3,3,1,0,3,98.54
6.12,1,3,0,0,0,0,61.9,9.4,59.8,2,5,0,77.8,0,1,2,0,39.16
6.83,3,1,1,1,1,1,3.6,8.3,89.5,2,5,1,106.8,4,1,0,2,88.93
5.64,0,2,1,1,0,1,89.5,6.7,67.3,1,6,2,91.6,3,1,0,1,86.49
7.93,0,3,0,0,0,0,6.2,8.9,60.6,3,4,1,77.3,0,1,2,2,51.89
8.66,4,2,0,0,0,0,5.4,7.5,88.6,0,1,0,24.1,0,0,0,3,0.0
7.97,4,2,1,1,1,0,62.5,4.7,55.3,0,5,0,72.9,3,1,1,0,57.23
8.42,4,1,1,1,1,0,76.9,5.0,82.1,2,2,0,78.6,3,1,3,0,105.26
6.38,4,3,1,1,0,1,73.8,6.0,100.0,2,1,0,77.6,3,1,0,2,84.07
8.33,2,2,0,1,0,1,63.2,6.6,74.0,2,2,0,72.6,2,1,1,2,69.64
7.11,5,3,1,1,0,1,44.9,4.7,73.5,0,1,2,52.5,3,0,0,3,0.0
9.35,1,3,0,1,0,1,97.2,7.7,63.5,1,6,1,87.7,2,1,0,1,71.27
5.63,1,3,1,0,0,0,97.2,7.9,57.3,0,5,1,58.3,1,1,2,3,43.19
6.5,4,3,0,1,1,0,70.0,9.8,44.4,0,3,0,60.2,2,1,0,0,73.31
7.07,1,3,1,1,0,1,35.3,9.9,57.9,0,3,1,76.4,3,1,1,2,56.06
5.88,3,2,1,1,0,1,10.4,4.2,59.8,2,3,0,80.9,3,1,1,3,57.98
6.36,1,2,1,0,0,1,85.0,4.6,84.0,2,5,1,79.2,2,1,0,2,88.99
7.96,0,3,1,0,1,1,59.9,5.6,68.5,1,1,1,66.0,3,0,0,3,0.0
8.72,2,1,0,0,0,1,35.2,8.9,60.6,0,4,1,53.1,1,1,2,3,47.33
9.46,4,3,0,0,1,1,0.1,6.1,91.5,0,4,0,62.8,2,1,1,0,63.59
9.78,5,3,0,0,0,0,81.9,4.1,88.4,0,6,0,40.2,0,1,2,1,47.46
9.93,1,1,1,1,0,0,5.8,6.2,98.9,0,5,0,65.7,2,1,0,0,71.81
5.53,3,1,0,0,1,0,72.0,7.9,48.7,1,5,0,66.1,1,1,2,2,44.05
8.04,4,1,0,0,0,0,51.7,8.3,80.9,1,6,0,66.1,0,1,2,2,37.28
8.47,3,1,1,1,1,1,46.2,9.9,67.4,0,2,1,80.0,4,1,0,3,84.79
8.5,2,3,0,1,1,0,82.9,8.7,80.3,1,2,0,62.7,2,1,1,0,62.22
5.19,4,1,1,0,1,0,94.8,5.2,58.2,1,6,0,74.7,2,1,1,0,60.85
9.2,0,2,1,1,1,0,4.2,4.9,47.7,0,5,0,73.1,3,1,1,3,47.98
7.82,1,1,1,1,0,0,66.3,7.0,60.1,2,5,0,89.1,2,1,0,2,85.0
7.86,4,2,0,0,0,0,19.2,7.6,51.8,0,1,0,32.5,0,0,0,3,0.0
5.26,5,1,0,0,0,0,90.5,7.1,80.3,0,1,0,30.4,0,1,2,0,43.23
5.49,3,3,1,0,0,1,51.8,4.1,41.7,0,5,0,57.7,2,1,1,0,66.48
7.79,0,3,0,1,0,1,96.0,7.6,71.6,0,6,0,73.3,2,1,1,0,51.94
6.4,5,1,1,0,1,0,78.8,7.1,65.8,0,1,0,48.7,2,1,0,1,70.74
9.53,5,1,1,1,0,0,95.4,5.2,88.5,1,5,0,65.8,2,1,1,1,55.85
6.03,3,3,1,0,0,1,18.6,7.5,43.0,2,5,3,91.7,2,0,0,3,0.0
7.48,5,2,1,0,0,0,64.5,8.8,96.8,1,1,1,55.8,1,1,2,2,40.35
7.78,2,1,1,1,1,0,11.3,5.3,50.4,1,2,0,66.6,3,1,0,1,87.43
5.41,1,2,1,0,0,0,67.5,4.2,76.0,1,3,0,52.1,1,1,2,0,45.37
8.09,2,2,1,1,0,0,22.0,9.7,49.2,0,2,0,63.5,2,0,0,3,0.0
7.19,4,3,1,0,1,0,45.1,8.1,56.0,0,1,0,51.5,2,1,1,3,54.78
5.13,5,3,0,0,0,0,62.3,9.3,99.4,2,3,0,65.9,0,1,2,2,47.23
10.0,0,3,1,1,0,0,50.6,4.7,69.5,0,6,2,62.0,2,1,0,0,69.91
9.21,3,1,1,1,0,0,16.2,6.1,98.3,3,3,0,82.1,2,1,0,1,82.02
5.54,0,3,1,1,0,0,94.6,9.7,58.5,2,6,0,98.1,2,1,1,0,59.76
6.35,3,1,1,1,1,1,62.1,5.7,84.1,0,6,1,91.8,4,1,0,3,68.75
6.88,2,3,1,0,0,1,96.3,5.9,81.3,0,3,0,57.2,2,1,0,0,71.36
5.78,0,3,1,0,1,0,18.9,8.1,94.2,3,3,0,87.9,2,1,0,0,90.84
8.7,5,3,0,1,0,0,47.2,5.7,40.4,0,6,0,57.3,1,0,0,3,0.0
6.14,3,2,0,1,1,0,94.6,8.1,85.1,1,4,0,74.9,2,1,1,2,57.34
5.8,2,3,1,1,0,1,82.0,4.8,82.3,3,3,1,92.3,3,1,1,1,73.5
5.72,2,3,0,0,0,0,14.3,8.3,41.8,0,6,0,57.4,0,0,0,3,0.0
9.7,0,1,1,0,1,1,60.7,9.6,65.3,2,3,0,95.6,3,1,0,1,91.11
6.72,5,3,1,1,0,0,8.2,6.3,50.5,1,5,0,71.1,2,1,1,2,56.09
8.69,1,1,1,1,0,1,85.5,7.5,87.4,1,6,0,97.4,3,1,0,1,88.61
5.16,1,3,1,0,0,0,42.1,7.9,69.0,1,2,0,55.7,1,1,2,1,41.82
7.86,1,2,1,0,0,1,79.8,8.1,98.3,0,2,1,52.9,2,1,1,2,60.12
5.17,4,3,1,1,0,1,21.0,6.5,95.7,1,5,0,89.4,3,1,0,3,82.32
8.03,1,1,1,0,1,1,74.6,4.2,75.4,2,6,0,89.8,3,1,0,1,85.82
6.68,0,2,1,0,1,0,81.8,8.2,40.3,3,4,0,99.1,2,1,0,0,73.36
7.78,0,1,1,1,1,1,49.2,6.9,77.7,0,2,0,71.3,4,1,1,2,54.31
9.29,0,1,0,0,1,0,85.9,5.9,40.1,0,4,0,43.8,1,1,2,0,42.48
9.2,5,1,0,0,0,1,33.4,6.5,40.7,0,1,0,37.5,1,1,2,1,43.79
9.81,2,2,0,1,0,1,4.8,4.3,88.7,1,2,1,49.9,2,0,0,3,0.0
9.79,3,2,1,0,1,0,24.2,5.2,63.8,2,1,1,56.8,2,1,0,3,80.59
5.51,3,2,1,1,0,1,50.0,7.1,78.1,1,2,0,68.1,3,1,0,2,86.69
9.38,3,3,1,0,0,0,50.7,6.1,78.8,1,6,1,69.4,1,1,2,2,38.99
6.6,5,1,0,1,0,0,36.8,8.4,76.2,1,4,1,61.1,1,1,2,2,51.33
9.7,1,3,1,0,1,0,75.7,7.3,53.7,0,1,0,42.8,2,1,1,2,68.86
7.67,1,1,1,0,0,1,28.0,4.3,47.6,1,5,2,63.8,2,1,1,0,47.03
5.43,5,1,1,1,0,0,96.5,6.6,75.9,0,4,0,62.1,2,1,0,0,76.59
5.96,1,2,0,1,0,1,70.4,5.2,70.6,1,4,2,65.6,2,1,0,2,73.3
6.53,2,2,1,0,0,0,67.2,4.2,67.0,1,4,0,52.1,1,1,2,3,40.3
8.35,3,3,1,1,0,0,16.7,5.9,46.2,2,2,2,69.8,2,0,0,3,0.0
7.52,0,2,1,1,1,0,82.1,5.1,85.8,0,3,0,62.3,3,1,0,1,71.64
6.44,5,1,0,0,0,0,5.1,6.2,91.3,1,1,0,31.4,0,0,0,3,0.0
8.47,4,3,1,1,1,1,4.3,8.8,72.0,1,2,0,82.9,4,1,0,3,75.24
5.8,5,2,0,0,1,0,41.6,5.9,87.2,0,4,0,45.1,1,0,0,3,0.0
5.55,1,1,1,0,0,0,65.5,6.8,67.5,2,3,0,63.5,1,1,2,0,41.29
9.26,1,3,0,1,0,0,61.1,7.4,45.8,2,4,0,69.4,1,1,2,0,42.95
6.36,0,3,1,0,0,1,87.9,5.9,59.6,1,4,0,71.0,2,1,0,1,89.93
6.74,0,1,0,1,0,1,88.1,4.2,89.7,1,5,0,66.3,2,1,1,2,64.5
5.51,5,3,0,1,1,0,33.7,9.6,93.9,2,5,0,92.3,2,1,0,3,73.27
9.03,5,3,1,1,0,0,41.7,10.0,48.9,1,4,0,79.7,2,1,0,2,76.7
9.94,2,1,0,1,1,1,2.3,7.2,40.3,2,6,0,98.8,3,1,0,0,75.61
8.38,4,2,1,0,0,0,75.9,6.7,82.4,0,2,1,40.4,1,1,2,1,50.32
8.66,4,1,1,1,0,0,86.4,4.5,64.5,2,1,0,58.8,2,1,1,1,71.1
5.0,5,2,1,0,0,0,18.0,8.8,74.8,3,6,0,91.5,1,1,2,1,46.82
5.88,0,1,1,0,1,1,88.6,8.4,69.2,0,5,0,78.2,3,1,3,2,101.14
6.43,5,2,1,1,0,1,38.7,9.2,42.3,0,5,0,80.5,3,1,0,2,68.22
6.46,2,3,1,1,0,1,37.7,8.2,90.2,3,3,0,100.1,3,1,0,2,71.68
5.62,2,1,1,1,0,1,32.5,6.1,50.8,2,4,0,89.4,3,1,0,1,73.49
7.7,1,3,0,0,0,1,84.9,8.4,93.3,2,3,0,66.5,1,1,2,3,49.34
7.87,2,2,0,1,1,0,63.1,5.5,42.9,1,2,0,55.0,2,1,1,1,51.71
6.89,1,3,1,0,1,0,29.9,7.6,99.9,1,4,1,73.7,2,0,0,3,0.0
6.2,4,1,1,0,1,1,96.1,8.4,91.4,1,6,1,93.8,3,1,0,0,71.85
9.76,5,1,1,1,1,0,20.3,6.9,62.1,1,2,0,72.3,3,1,0,1,79.37
5.72,2,2,1,1,0,0,91.1,7.1,49.4,1,3,0,67.5,2,1,0,3,74.24
8.79,2,3,1,1,0,0,75.7,6.3,89.5,2,1,0,59.9,2,1,0,0,92.75
6.0,1,3,1,0,1,0,96.3,9.5,93.3,0,5,0,71.1,2,1,0,1,78.62
6.77,5,3,1,1,0,1,85.8,8.8,97.1,0,4,1,77.6,3,1,0,0,82.64
6.9,2,2,1,0,0,1,38.3,4.1,41.7,2,6,0,78.3,2,1,1,1,51.58
7.78,0,2,0,0,0,0,33.2,4.7,64.8,1,3,0,42.6,0,0,0,3,0.0
6.77,4,1,1,0,0,0,60.5,8.3,89.6,3,3,1,78.7,1,1,2,3,52.63
5.81,2,2,1,1,1,0,12.9,5.5,74.7,3,4,2,99.2,3,1,0,1,73.42
6.61,1,3,0,0,0,0,21.7,8.4,75.4,1,2,1,49.6,0,0,0,3,0.0
6.35,2,2,0,1,0,0,17.0,7.9,77.1,0,1,1,41.4,1,0,0,3,0.0
9.39,3,2,0,0,0,1,4.1,4.9,94.9,1,3,0,45.6,1,0,0,3,0.0
5.95,2,2,1,0,1,1,19.2,7.4,84.6,1,6,0,96.3,3,1,1,3,71.64
9.36,5,1,1,1,1,1,37.9,6.5,57.6,0,5,0,88.7,4,1,0,1,83.41
7.24,1,3,1,1,0,1,18.0,8.2,87.2,1,1,0,68.4,3,1,1,2,54.74
9.23,2,1,1,1,0,0,67.7,8.0,47.0,0,1,0,51.7,2,1,1,1,53.82
7.68,2,3,0,1,0,0,76.4,9.6,59.4,1,2,0,57.9,1,1,2,2,46.57
7.02,1,1,0,1,1,1,22.4,6.1,98.6,0,2,0,57.0,3,1,0,2,77.01
7.62,5,3,1,1,1,1,14.6,8.4,79.9,1,2,0,84.2,4,1,1,2,67.08
9.68,5,3,1,1,0,0,89.5,6.0,74.7,0,1,0,39.0,2,0,0,3,0.0
6.03,3,3,1,0,0,0,30.8,8.3,69.5,0,5,1,57.9,1,1,2,1,43.15
7.58,0,3,1,0,0,0,92.5,6.1,64.1,0,4,0,50.0,1,1,2,0,40.35
6.6,5,3,0,1,0,0,60.4,5.3,53.8,1,5,1,59.6,1,0,0,3,0.0
5.55,3,3,0,0,0,0,79.4,6.8,88.3,1,4,0,47.2,0,0,0,3,0.0
9.54,4,2,1,0,0,0,39.1,7.8,96.8,0,6,1,63.9,1,1,2,3,40.4
9.12,4,3,1,0,0,0,39.7,9.3,46.6,1,6,0,77.4,1,1,2,0,41.48
8.77,4,2,1,1,0,0,75.7,7.2,59.7,0,5,1,67.2,2,1,0,2,79.71
5.33,3,2,1,1,0,0,59.2,7.4,78.6,3,3,0,87.2,2,1,0,2,92.55
8.61,1,1,1,1,0,0,100.0,4.2,63.7,0,2,0,43.2,2,1,0,1,72.62
6.35,5,1,0,0,0,0,79.2,6.7,97.3,0,3,0,30.4,0,1,2,3,44.25
7.61,4,1,1,1,1,0,33.1,8.3,97.5,3,3,0,103.2,3,1,0,1,86.14
8.32,1,3,0,0,1,0,71.3,7.0,80.1,0,5,3,54.5,1,0,0,3,0.0
6.11,3,2,0,1,0,0,87.1,7.9,62.1,2,1,0,57.0,1,1,2,2,48.11
9.7,4,2,0,0,0,0,76.1,6.9,49.8,0,6,1,50.9,0,1,2,1,39.3
9.34,0,2,1,0,0,1,94.2,6.3,83.7,1,1,0,52.2,2,1,0,0,88.12
8.51,4,1,1,1,0,1,38.1,8.2,57.6,0,5,0,74.9,3,1,1,1,48.67
7.92,5,2,1,1,0,0,4.3,6.8,85.2,2,1,0,69.7,2,1,0,3,84.26
9.56,3,2,1,1,0,1,76.9,9.0,48.0,2,3,0,87.6,3,1,0,2,98.03
5.11,0,3,1,0,0,1,87.3,6.7,88.5,2,5,0,87.1,2,1,1,0,67.87
9.91,0,3,0,1,0,1,45.6,8.4,49.3,0,5,0,71.0,2,1,1,0,64.71
6.55,1,2,1,1,1,0,36.5,8.3,53.3,0,3,0,74.3,3,1,1,1,67.13
5.52,3,3,1,0,0,1,72.6,4.2,71.9,1,3,0,56.5,2,1,0,3,80.59
9.01,2,3,0,1,0,0,48.9,8.7,50.0,0,5,0,57.5,1,1,2,2,48.86
9.76,5,2,1,0,0,0,49.9,7.6,97.6,2,5,1,74.6,1,1,2,3,53.48
5.51,4,3,1,0,1,1,42.5,6.5,58.3,2,5,3,91.0,3,1,1,3,60.14
9.45,2,2,1,1,0,0,12.5,9.7,85.8,3,4,1,95.6,2,1,0,3,85.16
8.29,3,3,1,1,1,0,99.3,4.3,87.3,1,1,1,53.4,3,1,0,2,68.31
5.28,5,1,1,0,0,1,22.6,4.1,65.1,0,6,2,62.6,2,1,1,3,60.66
8.02,4,1,1,0,1,1,22.4,5.4,91.7,1,2,0,69.3,3,1,0,2,83.8
9.85,5,3,1,1,0,1,61.3,7.9,98.3,1,6,0,95.2,3,1,0,0,83.58
8.17,4,1,1,0,1,1,16.3,9.8,73.3,1,1,0,73.2,3,1,1,1,67.32
7.84,4,2,1,1,1,0,9.2,5.0,62.0,1,3,0,74.6,3,1,0,2,85.3
7.46,1,1,0,1,0,1,27.4,9.1,65.6,1,5,0,80.5,2,1,0,3,74.37
8.25,2,3,0,1,0,0,45.9,4.7,99.6,0,6,0,55.3,1,0,0,3,0.0
7.75,0,2,1,0,0,1,60.9,6.5,49.2,1,3,1,59.8,2,1,0,3,73.27
6.4,3,1,1,1,0,1,6.5,4.8,47.2,3,5,0,100.0,3,1,1,1,70.25
8.97,1,2,0,1,1,0,90.1,8.0,95.3,3,3,0,92.4,2,1,0,2,73.91
6.49,4,1,1,1,0,0,78.3,7.9,59.6,1,3,1,69.2,2,1,0,1,69.91
6.1,5,3,1,1,0,0,68.9,8.5,48.9,2,2,0,76.5,2,1,1,1,52.72
8.09,4,3,0,1,0,0,59.8,7.2,55.6,1,2,0,56.1,1,1,2,2,49.73
9.33,5,1,0,1,0,1,44.7,8.1,54.4,1,2,0,67.1,2,1,0,2,81.14
7.88,4,2,1,1,1,0,81.5,6.4,73.5,0,3,0,62.2,3,1,0,1,75.96
6.32,5,2,1,1,0,0,3.6,4.5,82.3,2,4,0,77.1,2,1,0,2,66.68
6.14,1,3,0,1,0,0,10.7,4.0,81.8,1,4,1,54.7,1,0,0,3,0.0
5.16,1,2,0,0,0,1,53.3,9.0,50.6,1,3,1,59.0,1,0,0,3,0.0
8.81,0,1,0,1,0,1,70.6,8.2,97.9,0,6,0,72.5,2,1,1,3,54.29
8.23,5,2,0,1,1,1,3.1,9.1,83.9,1,5,0,93.3,3,1,0,3,76.05
8.93,4,1,1,0,0,1,6.6,5.6,49.2,3,5,0,91.7,2,1,1,3,60.01
9.81,5,1,0,1,0,1,29.4,6.0,41.6,3,1,0,77.3,2,1,1,1,52.46
6.72,5,3,0,1,0,0,8.5,4.9,54.8,3,6,0,86.4,1,1,2,0,45.0
6.97,4,3,1,1,0,0,39.7,4.4,84.9,0,5,1,56.6,2,1,0,0,62.45
7.19,3,3,0,1,1,1,73.9,8.5,84.7,0,5,1,78.2,3,1,1,2,52.89
5.12,4,2,1,0,0,0,78.1,9.5,73.8,0,6,0,72.9,1,1,2,3,50.02
8.75,4,1,0,1,0,0,83.4,6.8,43.6,0,2,1,41.9,1,1,2,2,45.78
8.77,4,3,1,1,1,1,66.9,9.6,64.3,2,6,2,122.1,4,1,0,3,84.61
6.16,4,3,1,1,0,1,66.1,8.7,74.9,2,1,0,78.6,3,1,1,2,56.71
6.43,4,2,1,1,1,1,66.7,4.9,43.3,1,6,0,96.0,4,1,0,2,84.15
8.99,5,3,1,1,1,0,39.5,8.0,58.3,0,3,1,71.0,3,0,0,3,0.0
7.6,0,1,0,1,0,0,19.7,4.8,76.1,1,1,0,35.2,1,1,2,3,47.17
5.29,1,1,1,0,0,0,91.5,6.7,93.9,0,2,2,41.0,1,0,0,3,0.0
6.1,5,3,1,0,0,1,20.0,5.9,43.7,2,2,0,68.8,2,1,0,2,79.24
5.35,1,3,0,1,1,0,83.7,7.9,59.9,1,4,3,73.2,2,0,0,3,0.0
8.64,3,3,1,1,0,0,85.8,9.2,41.5,1,4,0,73.9,2,1,0,3,94.53
7.48,2,1,0,0,1,0,96.4,4.8,76.3,3,1,0,61.0,1,1,2,3,52.22
9.02,4,2,0,1,0,0,43.4,6.9,57.1,0,2,1,41.7,1,0,0,3,0.0
5.86,3,2,1,1,0,0,21.4,8.1,99.3,0,5,0,67.5,2,1,1,2,62.28
9.77,3,1,1,1,1,0,6.7,4.1,86.4,0,3,0,60.5,3,1,1,0,54.2
8.53,3,1,1,1,0,0,64.1,9.7,68.0,3,4,2,103.2,2,1,1,2,68.51
5.66,2,3,0,0,0,1,66.4,5.9,87.6,1,3,1,51.1,1,1,2,3,40.88
9.08,2,1,0,1,0,0,91.6,9.7,53.9,0,5,3,68.7,1,1,2,2,42.81
6.55,1,3,0,1,1,1,6.8,5.7,55.3,1,3,1,74.4,3,0,0,3,0.0
8.75,0,3,1,0,0,1,38.4,4.9,42.7,0,1,1,38.5,2,0,0,3,0.0
8.69,5,1,0,1,1,1,74.9,8.6,93.9,2,1,0,84.2,3,1,1,2,69.87
6.18,3,3,1,0,0,1,44.1,5.4,65.8,2,1,0,61.7,2,1,1,1,65.33
8.75,1,2,1,0,1,1,13.6,4.2,54.6,1,3,0,66.0,3,1,0,3,79.87
8.92,2,1,0,1,0,0,96.5,5.0,72.5,0,3,0,35.9,1,1,2,1,47.89
5.45,3,3,0,1,0,1,5.9,6.0,90.8,2,2,0,73.0,2,1,1,0,66.86
5.83,2,3,1,0,1,1,92.6,9.7,76.9,1,4,0,92.0,3,1,0,3,82.02
6.59,5,2,0,0,1,1,18.8,4.7,79.7,1,3,0,62.6,2,1,1,0,63.55
9.88,1,2,0,1,0,1,21.8,4.1,64.9,0,4,0,53.1,2,1,0,1,76.54
9.4,3,3,0,0,0,1,41.2,6.1,98.9,3,4,0,73.7,1,1,2,3,50.56
8.13,4,2,1,0,0,0,59.9,8.3,89.6,0,1,0,37.5,1,1,2,3,38.43
7.03,2,2,1,0,0,0,95.4,7.6,77.6,1,5,0,68.8,1,1,2,0,46.69
5.74,1,2,1,0,0,0,71.8,8.3,68.8,1,3,0,64.1,1,1,2,1,45.16
9.79,1,1,1,0,0,0,3.2,6.6,86.4,1,6,0,65.2,1,1,2,1,46.47
6.91,3,3,0,1,0,0,87.7,7.1,42.1,0,5,0,60.6,1,1,2,1,45.6
7.85,0,1,0,0,1,0,38.4,7.1,98.7,1,6,2,74.9,1,1,2,3,39.52
8.18,2,3,1,1,0,1,96.1,6.4,53.5,0,3,0,66.6,3,1,0,2,73.15
9.36,4,2,1,1,0,1,79.2,8.9,58.6,1,5,0,89.5,3,1,1,2,54.14
7.85,0,1,0,0,1,0,27.6,4.9,47.7,3,4,0,77.0,1,1,2,3,43.71
9.31,5,2,1,0,1,0,11.7,5.5,63.2,0,1,1,41.6,2,0,0,3,0.0
7.2,0,1,1,0,0,0,19.5,9.6,74.9,0,2,0,45.1,1,1,2,0,41.36
6.36,4,2,0,0,0,1,71.6,7.9,95.0,0,3,0,50.1,1,1,2,2,40.64
6.73,5,1,1,0,0,1,35.0,4.2,41.5,0,1,1,35.5,2,0,0,3,0.0
5.21,1,2,0,0,0,0,61.8,8.0,48.9,2,2,1,53.9,0,0,0,3,0.0
8.49,3,3,1,0,0,1,14.4,6.1,75.2,0,6,0,70.1,2,1,1,0,60.61
7.04,1,3,1,0,0,1,11.6,6.1,72.7,0,2,1,44.9,2,0,0,3,0.0
8.38,0,1,0,1,0,0,90.7,7.4,92.8,2,2,0,65.9,1,1,2,3,47.02
7.48,3,1,0,0,0,0,24.7,5.3,40.3,2,1,0,42.3,0,0,0,3,0.0
6.73,4,3,0,1,0,0,32.1,4.0,43.8,1,1,0,40.3,1,0,0,3,0.0
6.92,5,2,0,1,0,0,64.9,6.6,88.7,3,1,0,63.6,1,1,2,1,45.0
5.3,0,3,1,0,0,0,61.3,7.5,87.9,1,2,1,48.8,1,0,0,3,0.0
5.13,5,3,1,1,1,0,78.1,5.6,49.2,2,5,1,88.5,3,1,1,1,67.72
6.65,5,1,0,0,0,0,87.6,4.5,94.9,3,1,0,45.3,0,1,2,2,41.72
9.53,2,1,1,1,0,0,68.2,4.8,88.1,3,6,0,90.3,2,1,0,2,87.1
9.57,4,1,1,1,1,1,7.1,6.6,55.7,1,4,0,86.0,4,1,1,0,70.55
7.19,3,2,0,0,0,0,92.9,4.7,71.1,1,1,0,25.2,0,1,2,3,43.96
9.83,3,3,0,1,0,0,74.0,9.4,50.8,0,5,0,63.2,1,1,2,1,47.62
6.7,5,1,0,0,0,0,63.4,9.3,67.3,2,2,1,62.7,0,1,2,2,40.58
5.51,0,3,0,1,0,0,57.0,8.5,64.0,1,2,0,50.7,1,0,0,3,0.0
7.91,2,3,1,1,1,1,4.4,9.4,93.4,1,3,0,90.1,4,1,1,0,59.86
9.56,2,2,0,1,0,0,60.1,8.2,63.7,0,5,1,57.3,1,1,2,1,38.39
7.61,5,1,1,0,1,0,58.0,5.6,65.5,0,2,1,50.7,2,1,0,3,83.56
7.43,3,3,1,1,0,1,25.0,7.7,82.8,2,2,0,81.2,3,1,1,2,61.18
6.52,2,1,0,1,0,1,45.7,8.9,58.7,1,2,1,69.7,2,1,0,3,85.91
9.07,5,1,0,1,0,0,14.8,5.1,66.9,1,3,0,47.5,1,1,2,2,39.89
7.05,5,2,1,0,0,1,43.0,9.9,71.5,2,1,0,77.7,2,1,1,0,68.19
5.81,0,3,1,1,1,1,26.4,9.2,93.3,1,1,2,77.8,4,1,0,0,87.37
5.05,5,3,0,0,0,1,24.0,6.8,54.8,1,1,0,46.4,1,0,0,3,0.0
5.47,2,3,1,0,0,0,22.6,8.9,42.6,0,6,0,63.5,1,1,2,3,46.09
6.53,3,3,1,1,0,1,32.8,8.3,79.2,1,1,0,71.4,3,1,1,3,54.15
9.2,4,2,1,0,0,1,12.2,4.9,72.6,0,1,1,40.4,2,0,0,3,0.0
9.96,3,3,1,1,0,0,56.9,7.8,57.8,2,3,1,76.7,2,1,1,3,65.1
6.34,5,1,1,1,0,0,84.5,8.3,57.0,1,6,0,86.7,2,1,0,3,73.8
9.42,0,2,0,1,1,1,57.9,6.0,59.3,1,1,0,64.5,3,1,0,2,96.95
8.73,3,3,0,1,0,1,11.5,7.9,85.6,2,4,0,80.1,2,1,1,1,54.95
9.17,1,3,0,1,1,1,6.2,5.9,48.5,3,1,0,84.4,3,1,0,1,70.83
7.06,2,2,1,1,0,0,40.8,8.7,76.7,1,2,0,64.5,2,1,1,0,68.33
5.92,5,3,0,0,0,1,49.1,7.3,92.8,2,5,1,74.6,1,0,0,3,0.0
5.77,0,3,1,0,0,0,31.0,4.2,70.7,0,3,0,38.8,1,0,0,3,0.0
6.34,2,1,1,0,1,0,1.0,5.0,46.1,0,2,0,45.4,2,1,0,0,72.09
9.87,0,2,0,1,0,1,7.4,6.2,60.1,3,5,2,89.6,2,1,1,0,59.07
7.08,0,3,0,1,1,1,27.9,7.5,46.9,1,5,0,91.4,3,1,1,1,57.92
6.46,3,2,1,1,0,0,68.1,5.2,78.4,0,6,0,64.4,2,1,0,0,65.87
7.45,4,3,1,0,0,0,22.9,9.0,99.2,2,6,1,89.2,1,1,2,0,41.1
6.91,4,3,0,0,0,1,33.3,5.4,90.0,2,5,0,70.2,1,1,2,1,44.8
6.13,3,3,1,0,0,1,61.4,8.4,83.9,2,1,3,69.0,2,0,0,3,0.0
9.94,4,1,1,1,0,0,13.4,9.0,92.8,1,2,0,64.1,2,1,1,1,65.83
5.56,2,1,1,0,0,0,73.9,8.9,98.9,0,5,0,66.1,1,1,2,1,43.18
9.17,4,1,0,0,0,0,95.3,7.6,78.3,3,5,0,78.7,0,1,2,0,46.44
6.81,4,1,0,1,0,0,94.2,4.2,49.9,2,3,0,62.4,1,1,2,2,44.02
9.8,0,3,1,0,0,0,33.9,5.4,54.7,0,2,0,39.1,1,1,2,3,49.3
6.89,5,1,0,0,0,0,93.6,9.6,80.1,2,2,0,56.1,0,1,2,2,49.02
9.87,3,2,1,0,0,0,15.0,5.7,74.8,2,5,0,70.5,1,1,2,0,38.91
5.23,3,3,0,1,0,1,65.4,7.3,61.2,2,6,0,91.5,2,1,1,0,71.05
8.35,3,1,1,1,0,1,92.2,6.9,83.7,1,5,0,82.7,3,1,0,0,70.21
8.03,3,1,0,0,0,0,0.4,9.4,53.1,1,6,0,66.7,0,1,2,1,35.14
9.27,0,3,1,0,1,0,58.4,4.9,90.0,0,5,0,57.6,2,1,0,3,68.72
7.84,3,3,1,1,0,1,11.2,6.4,84.5,0,4,1,68.7,3,1,1,2,51.12
7.03,5,2,0,0,1,1,59.2,6.4,55.9,1,6,0,75.9,2,1,0,3,77.52
7.58,1,1,1,1,1,0,11.6,7.3,51.9,0,5,0,72.4,3,1,1,3,57.9
5.55,0,3,0,0,0,0,39.5,7.0,51.2,1,4,0,47.7,0,1,2,3,42.99
9.04,2,3,1,1,0,0,57.4,6.2,73.5,1,4,0,69.5,2,1,0,2,91.27
9.63,0,3,0,0,1,0,46.7,8.9,53.0,0,4,0,59.7,1,1,2,1,49.58
6.86,3,3,0,0,1,1,57.5,6.8,78.8,1,2,0,63.8,2,1,0,2,86.46
5.87,2,2,0,1,1,1,65.6,4.8,45.6,0,5,2,66.8,3,1,0,0,65.38
9.03,4,3,0,1,0,0,16.0,9.0,65.0,2,3,0,76.0,1,1,2,0,42.58
5.38,4,2,1,1,1,1,51.8,7.7,97.0,3,5,1,120.6,4,1,1,3,56.39
9.34,5,2,1,0,1,0,84.0,7.2,85.9,0,4,0,62.7,2,1,1,0,67.39
9.13,4,2,0,1,1,0,85.0,8.8,70.2,0,1,1,48.2,2,1,1,3,49.49
6.76,4,2,1,0,0,1,80.7,4.6,74.6,0,2,0,45.2,2,1,0,0,77.15
7.22,2,2,0,0,0,0,37.8,7.2,44.4,1,3,0,50.4,0,1,2,0,37.28
7.77,3,1,1,1,0,0,46.0,8.4,97.1,1,5,1,78.8,2,1,0,1,87.24
5.22,5,3,0,0,0,0,80.7,6.8,69.1,2,5,0,63.0,0,0,0,3,0.0
9.36,4,1,1,1,1,0,58.8,4.1,73.5,1,5,0,78.5,3,1,0,0,70.76
6.97,4,3,0,0,0,0,99.7,6.4,52.7,1,6,0,55.8,0,1,2,3,45.52
9.56,3,1,1,0,1,0,88.6,5.9,73.9,0,4,0,53.8,2,1,1,1,63.0
9.36,1,1,1,1,1,1,50.1,6.2,53.4,1,4,1,85.5,4,1,0,3,80.91
6.62,0,1,0,1,0,0,28.3,7.5,63.1,1,1,1,51.6,1,0,0,3,0.0
7.82,3,2,1,1,1,1,14.3,4.1,89.5,2,5,0,98.7,4,1,0,1,80.2
6.17,1,3,1,0,0,0,92.4,4.6,53.2,2,4,0,63.8,1,1,2,0,39.0
9.05,3,2,1,0,0,1,19.9,9.0,80.6,1,4,0,75.0,2,1,1,0,62.05
8.08,5,3,1,0,1,0,7.8,7.9,98.6,0,4,0,61.9,2,1,1,2,56.94
9.14,3,1,1,1,0,0,13.0,8.3,76.0,1,4,0,75.1,2,1,1,1,70.41
8.93,0,1,0,1,0,1,19.7,6.6,85.0,1,1,0,52.0,2,1,1,0,65.43
8.86,3,3,1,1,1,1,67.4,5.0,50.9,0,1,0,58.9,4,1,0,2,90.22
7.31,3,3,0,0,0,1,44.8,7.6,72.8,2,1,0,57.1,1,1,2,0,50.66
8.64,2,2,0,1,0,1,50.6,4.9,41.5,3,4,0,80.8,2,1,1,0,65.17
7.86,5,3,1,0,0,1,60.0,8.2,67.8,2,2,1,73.3,2,1,0,0,89.0
5.42,2,1,1,1,0,1,93.0,7.9,78.8,2,5,0,101.3,3,1,0,3,69.32
5.35,0,2,1,1,1,0,6.8,5.3,40.5,2,6,3,95.0,3,0,0,3,0.0
6.17,1,3,1,1,0,0,70.2,8.0,55.0,2,2,3,70.2,2,1,1,1,54.32
5.07,5,3,1,1,0,0,56.1,8.1,92.3,2,3,0,80.1,2,1,0,1,71.37
6.61,2,2,0,1,1,0,87.3,8.1,60.7,1,1,2,57.6,2,1,1,0,58.93
8.42,1,3,1,0,0,1,4.2,6.7,78.2,0,2,0,47.4,2,1,0,3,63.31
8.42,1,2,1,1,0,0,3.0,5.9,88.4,1,4,0,67.4,2,1,0,2,71.84
8.67,3,3,1,1,0,1,86.6,5.9,72.9,1,2,0,70.1,3,1,0,0,85.98
6.67,3,3,0,0,1,0,32.9,6.8,90.8,3,2,0,75.1,1,1,2,1,41.45
7.64,4,3,0,1,1,1,68.9,7.3,60.8,2,6,0,100.9,3,1,1,0,58.16
6.79,3,3,1,1,0,0,32.7,8.7,82.7,0,2,1,53.8,2,1,0,3,74.72
5.35,0,1,1,1,0,1,41.7,5.6,87.3,3,3,0,95.2,3,1,1,1,72.58
9.63,2,1,1,1,1,0,41.9,7.2,41.1,1,2,2,67.5,3,1,1,0,73.34
7.95,2,3,0,0,0,1,32.4,8.0,61.5,1,1,1,48.5,1,0,0,3,0.0
6.13,2,3,0,1,0,0,80.9,4.7,67.7,0,4,0,43.8,1,1,2,0,42.5
8.17,5,3,1,1,1,0,14.7,9.2,52.7,0,3,0,72.9,3,1,1,3,68.46
5.46,2,2,0,1,0,0,75.9,6.5,51.8,1,2,0,47.6,1,1,2,0,38.41
5.28,1,3,1,0,0,0,35.1,7.2,84.9,0,6,0,60.3,1,1,2,3,41.16
8.57,3,1,0,0,0,0,50.3,8.4,56.4,2,4,0,69.1,0,1,2,1,40.84
8.16,0,1,1,1,0,0,94.9,9.8,41.7,2,1,1,74.7,2,1,0,1,100.51
6.37,1,2,1,1,0,1,7.8,9.4,63.5,1,6,0,99.2,3,1,0,2,83.05
9.68,4,1,0,1,0,0,25.8,9.6,40.8,1,4,0,70.0,1,1,2,3,49.58
8.3,0,1,1,0,0,0,37.9,5.6,61.7,1,3,0,49.2,1,1,2,2,46.29
7.54,3,3,1,1,0,1,2.8,6.2,72.0,0,6,0,81.2,3,1,1,2,59.64
6.25,0,2,1,1,0,1,35.8,6.3,57.2,2,4,0,88.3,3,1,1,2,74.96
9.95,0,2,0,1,0,1,20.1,8.9,45.0,0,6,1,73.8,2,1,0,1,87.83
5.29,0,3,1,1,0,0,6.0,9.8,46.6,0,5,0,70.4,2,1,1,3,51.57
5.21,2,1,1,0,0,1,13.0,9.2,79.9,2,4,0,90.0,2,1,0,1,77.93
10.0,1,2,1,1,0,1,34.2,5.9,87.1,0,5,0,72.8,3,1,0,3,93.6
7.66,1,1,1,0,1,0,45.3,4.0,61.0,0,6,1,59.6,2,1,1,1,58.27
6.63,5,1,1,0,0,0,14.7,8.1,48.5,1,2,0,50.8,1,1,2,2,40.9
6.03,0,3,1,1,0,0,31.9,6.3,66.4,1,2,0,58.2,2,1,1,0,54.6
8.86,2,2,0,1,1,0,44.9,4.1,88.2,2,2,0,64.1,2,1,0,3,67.96
6.69,5,2,0,1,0,0,2.5,8.8,40.1,0,3,0,52.3,1,1,2,3,41.03
5.3,4,3,0,1,1,0,48.7,4.9,96.9,0,1,0,43.2,2,1,0,1,65.61
7.09,5,3,0,0,0,0,80.6,4.9,68.9,2,3,0,46.0,0,0,0,3,0.0
5.12,3,3,0,0,0,0,85.8,5.1,56.0,3,5,0,73.8,0,1,2,3,47.16
9.28,5,3,1,0,0,1,55.5,9.6,88.8,1,1,0,63.1,2,1,1,0,59.33
7.47,2,2,0,0,1,0,28.7,6.1,52.9,1,3,0,56.1,1,0,0,3,0.0
5.08,5,1,1,1,0,0,13.3,5.7,54.4,0,6,0,64.6,2,1,0,2,59.82
8.65,3,2,0,1,0,0,98.8,7.0,96.9,3,1,0,61.7,1,1,2,0,55.07
7.97,3,2,0,0,1,0,30.5,6.3,98.0,0,6,0,55.5,1,1,2,1,36.79
7.88,2,1,0,1,0,0,29.3,8.6,85.3,1,2,0,56.9,1,1,2,2,47.26
7.55,5,1,1,1,0,0,27.0,7.3,61.6,1,5,1,81.1,2,1,1,0,71.23
9.54,2,2,1,1,0,1,83.0,6.4,78.3,2,5,0,90.7,3,1,1,2,60.39
7.06,1,2,1,0,0,0,25.8,6.9,96.8,1,5,0,61.2,1,1,2,3,39.53
8.77,2,1,1,1,0,1,82.3,8.9,57.1,0,6,0,89.7,3,1,0,3,82.72
7.02,2,3,1,0,1,0,54.6,5.4,49.1,1,3,0,62.0,2,1,0,1,85.51
7.55,0,3,1,1,0,1,72.1,5.6,75.0,2,6,1,92.6,3,1,0,0,75.48
7.32,4,2,1,1,0,1,31.2,5.6,69.7,3,1,0,86.2,3,1,0,3,72.59
7.59,3,1,0,0,0,0,87.4,8.8,87.1,0,2,0,41.3,0,1,2,1,40.12
8.37,1,3,1,0,0,1,49.4,8.0,89.0,1,3,2,73.3,2,1,0,3,73.36
7.07,3,1,0,1,0,1,66.4,8.0,71.2,1,5,0,83.4,2,1,1,0,68.28
8.32,0,2,1,1,1,0,11.0,4.4,62.4,1,6,0,84.0,3,1,0,1,76.99
8.62,5,3,0,1,0,0,83.4,6.3,44.4,1,1,2,41.9,1,0,0,3,0.0
7.37,1,3,1,1,1,0,66.8,8.4,84.5,1,4,0,88.6,3,1,1,0,74.19
5.12,2,3,0,0,0,0,7.5,5.5,97.4,0,2,0,23.9,0,0,0,3,0.0
8.39,1,3,0,0,0,0,52.7,5.7,82.0,1,1,0,31.3,0,0,0,3,0.0
9.64,2,2,0,1,1,0,18.4,5.9,73.6,0,4,0,53.4,2,1,0,1,61.45
6.32,0,1,1,0,0,0,26.2,4.4,59.6,0,2,0,29.5,1,0,0,3,0.0
7.0,4,2,0,0,0,1,10.7,8.6,82.8,0,4,1,53.3,1,0,0,3,0.0
6.8,0,3,1,0,1,1,87.3,6.4,97.8,1,5,0,82.2,3,1,0,3,89.81
9.53,5,2,1,1,1,0,77.4,5.5,56.8,1,6,0,88.0,3,1,0,0,92.23
5.88,1,3,1,0,0,0,18.1,8.0,74.8,1,5,0,68.6,1,1,2,3,40.7
5.71,4,2,1,0,0,1,1.2,7.6,86.3,0,2,0,57.3,2,1,1,2,43.59
9.56,4,1,1,0,0,1,57.8,9.1,89.6,3,5,0,100.9,2,1,1,2,69.56
10.0,4,1,0,0,0,0,35.5,8.2,51.0,1,5,0,60.3,0,1,2,0,37.48
9.26,2,1,0,0,0,1,25.5,10.0,61.3,1,1,0,58.4,1,1,2,3,48.63
7.31,1,1,1,1,0,0,99.6,8.5,76.9,2,5,1,87.1,2,1,0,1,98.31
5.1,0,1,1,0,0,0,96.4,5.3,75.3,2,1,0,46.6,1,1,2,2,47.9
8.43,3,1,0,0,0,0,93.9,8.0,55.3,0,1,0,28.3,0,1,2,0,47.17
6.07,3,2,1,0,0,1,9.0,9.8,77.9,3,1,0,81.0,2,1,1,3,67.25
9.0,2,2,1,1,1,0,82.7,8.5,80.7,0,1,3,61.3,3,1,0,2,90.33
5.27,2,1,1,1,0,0,69.3,4.4,89.0,0,3,0,49.5,2,1,0,1,64.01
9.18,0,2,1,0,0,0,40.1,6.0,88.2,3,2,1,72.8,1,1,2,3,41.37
7.48,0,3,1,1,1,1,54.7,8.3,97.9,1,5,0,103.6,4,1,0,3,73.66
5.25,4,1,1,0,0,0,48.3,5.0,42.6,0,6,1,55.0,1,0,0,3,0.0
6.84,2,2,0,0,0,1,84.5,9.5,67.8,0,6,1,71.2,1,1,2,2,48.36
5.62,0,3,0,1,0,1,27.3,9.4,94.2,3,5,1,107.7,2,1,0,1,86.28
8.77,3,2,0,1,0,0,25.9,9.0,51.6,2,6,1,84.5,1,1,2,1,44.56
9.79,1,1,0,0,0,1,42.9,6.7,49.4,1,2,1,54.5,1,1,2,1,42.71
6.67,3,3,0,1,0,0,9.6,8.8,50.5,0,5,0,60.9,1,1,2,2,43.61
7.39,5,3,1,0,1,1,88.0,6.7,74.8,2,6,1,104.2,3,1,1,1,70.66
5.2,3,2,1,1,0,1,82.5,5.7,64.3,1,1,0,58.1,3,1,0,0,74.11
7.86,2,1,1,0,0,0,85.0,8.2,92.2,0,1,0,35.9,1,1,2,2,39.54
6.27,1,3,0,1,0,0,48.3,7.1,76.3,3,2,1,75.2,1,1,2,2,42.33
7.44,2,2,0,1,0,1,60.9,7.4,66.4,1,1,2,60.5,2,0,0,3,0.0
6.49,1,2,0,1,0,1,23.4,9.6,56.5,0,5,0,69.0,2,1,0,1,75.8
6.21,2,1,0,1,0,0,68.0,4.9,73.6,0,4,0,48.0,1,1,2,1,39.26
9.58,0,1,1,1,0,1,41.5,6.7,89.8,0,1,0,53.7,3,1,0,3,70.21
7.6,2,1,1,1,0,0,14.0,8.2,59.3,2,6,0,98.9,2,1,1,1,62.57
6.33,2,3,1,1,1,0,29.7,6.2,59.6,0,6,0,74.4,3,1,0,2,77.07
9.45,3,1,1,1,0,0,35.5,7.1,71.8,1,5,0,72.7,2,1,1,2,55.87
7.41,0,3,0,0,0,0,3.2,4.3,72.3,0,5,0,40.5,0,0,0,3,0.0
9.09,1,2,1,0,1,0,47.1,8.3,52.8,2,1,0,67.4,2,1,0,1,66.26
6.42,2,1,0,1,1,1,70.6,7.9,95.4,3,6,0,117.0,3,1,0,1,91.72
9.65,4,2,1,0,0,1,8.5,5.3,53.8,1,5,0,70.3,2,1,0,2,84.23
5.59,1,3,1,1,0,1,81.6,8.8,44.4,2,3,0,96.0,3,1,1,0,52.39
8.92,1,1,0,0,1,1,21.8,8.7,42.9,0,5,0,75.3,2,1,1,2,51.67
8.8,2,3,1,0,1,0,71.5,7.3,49.4,0,1,2,47.2,2,0,0,3,0.0
7.88,4,3,1,0,0,1,70.5,7.2,59.6,0,1,2,47.1,2,0,0,3,0.0
6.62,5,1,0,1,1,1,50.2,5.0,81.0,2,6,0,94.6,3,1,1,1,54.67
8.87,3,1,1,0,1,1,94.2,4.8,54.1,1,4,0,73.2,3,1,0,0,88.37
9.79,5,3,1,0,0,0,62.4,7.7,56.6,1,4,0,60.2,1,1,2,0,49.31
6.79,3,3,1,1,0,0,89.0,6.1,88.1,0,2,0,49.4,2,1,1,1,60.41
7.51,0,3,1,0,0,0,63.8,5.3,95.9,1,4,0,54.8,1,1,2,3,50.98
6.71,2,3,0,1,0,1,46.5,6.7,84.9,0,6,1,66.7,2,1,0,1,65.08
9.04,2,1,0,0,1,0,59.2,8.5,85.7,2,2,0,65.8,1,1,2,3,39.33
9.07,1,2,1,0,1,1,96.8,9.6,68.9,2,4,1,98.8,3,1,1,0,56.04
9.95,5,3,1,1,0,1,87.0,6.6,69.2,0,3,0,60.4,3,1,1,3,67.3
5.62,4,3,1,0,0,1,98.1,8.0,77.5,0,6,3,76.9,2,0,0,3,0.0
8.57,4,3,1,1,0,0,31.2,9.4,87.8,2,2,0,74.4,2,1,0,0,93.55
5.75,2,3,0,0,1,0,67.3,7.7,78.8,0,2,0,46.6,1,0,0,3,0.0
6.97,3,2,0,1,0,0,59.5,6.2,50.0,2,5,0,78.1,1,1,2,1,53.23
8.4,0,3,1,0,0,0,24.5,5.9,74.5,0,3,0,47.6,1,0,0,3,0.0
7.13,4,2,1,1,0,1,41.8,5.9,98.4,3,4,0,100.2,3,1,0,0,73.87
8.72,2,3,0,1,0,0,64.4,9.1,97.2,2,4,2,82.1,1,1,2,0,49.56
8.86,3,1,1,1,0,1,78.6,5.2,89.1,3,1,2,83.2,3,1,3,3,105.49
9.1,1,1,0,1,0,0,54.9,5.3,44.7,2,3,1,58.6,1,1,2,2,53.25
5.8,5,2,1,0,0,0,99.9,8.6,54.5,1,4,1,61.9,1,1,2,1,44.2
7.85,2,3,1,1,1,1,47.6,4.5,97.3,0,1,0,61.1,4,1,0,2,70.93
7.46,1,3,0,1,0,0,46.1,7.3,48.5,2,1,0,53.7,1,1,2,3,38.82
8.1,4,3,0,0,1,0,90.3,5.1,89.1,1,4,0,57.9,1,1,2,3,41.66
9.75,5,1,1,0,0,0,37.2,7.8,50.5,1,3,1,59.4,1,1,2,0,48.63
6.31,2,2,1,0,1,1,68.3,5.4,52.9,1,3,0,69.3,3,1,0,0,85.88
6.77,0,1,0,1,0,1,24.8,8.9,58.7,0,2,0,55.8,2,1,0,2,78.59
9.57,0,1,0,1,0,0,40.4,6.9,40.0,2,4,0,68.0,1,1,2,1,48.44
5.21,0,1,0,0,0,0,45.0,8.2,42.9,2,6,0,70.9,0,1,2,2,42.31
8.71,3,1,1,0,0,0,90.3,8.6,69.6,3,4,0,81.8,1,1,2,2,56.28
8.02,0,3,1,1,1,0,47.6,8.1,92.6,2,1,1,78.4,3,1,0,3,69.77
7.31,1,2,0,1,0,0,89.4,10.0,73.0,1,1,1,55.5,1,1,2,0,49.05
6.6,0,2,1,1,1,0,77.0,8.5,79.4,3,5,1,113.5,3,1,0,1,97.52
6.68,5,3,1,0,1,0,25.8,8.9,56.7,1,3,0,76.6,2,1,0,2,77.72
9.7,0,1,0,1,0,1,64.8,9.6,77.5,1,1,1,67.5,2,1,1,3,51.04
9.06,0,2,0,0,0,0,77.5,5.6,66.9,0,1,1,17.7,0,0,0,3,0.0
9.49,1,1,1,0,0,0,6.7,8.3,85.8,2,5,0,79.0,1,1,2,0,43.9
9.05,5,3,1,1,1,1,43.8,7.1,95.9,1,4,1,92.7,4,1,0,3,78.79
7.49,2,3,1,0,0,0,3.4,7.9,76.4,0,5,0,59.6,1,0,0,3,0.0
7.67,0,3,1,1,1,0,29.9,5.7,74.6,0,1,0,56.2,3,1,1,0,56.58
7.73,5,1,1,1,0,1,23.1,9.8,79.6,0,3,0,71.9,3,1,0,2,77.19
6.93,2,1,0,0,0,1,25.5,6.8,66.9,0,4,2,49.7,1,0,0,3,0.0
9.72,4,3,1,0,1,0,59.5,6.3,64.1,0,4,0,61.1,2,1,1,2,62.12
6.01,0,3,1,1,1,0,68.6,7.7,78.3,2,3,0,91.0,3,1,0,1,90.89
9.9,5,2,1,1,0,0,80.2,6.9,94.3,1,2,0,58.0,2,1,0,1,90.74
8.85,4,3,1,1,0,0,22.4,8.3,93.8,0,4,1,69.8,2,1,1,1,62.41
5.19,5,3,0,1,0,1,21.4,10.0,81.9,2,6,0,101.8,2,1,1,1,68.19
8.69,5,3,0,1,1,0,10.7,8.0,41.8,1,3,0,68.0,2,0,0,3,0.0
9.74,5,2,1,1,1,1,58.8,4.6,59.4,1,5,0,87.6,4,1,1,2,61.98
8.42,1,3,1,0,0,0,49.5,8.6,83.6,0,2,1,43.2,1,0,0,3,0.0
6.71,2,3,1,1,0,1,67.7,5.3,62.3,0,4,0,68.8,3,1,1,3,57.1
8.27,1,3,0,1,1,0,84.3,5.6,65.0,0,2,0,42.1,2,1,1,3,67.38
6.95,0,1,1,1,0,0,34.7,8.6,72.1,0,1,0,49.3,2,1,1,1,57.12
8.01,5,2,0,1,0,0,30.0,6.0,45.6,1,1,1,42.7,1,0,0,3,0.0
9.49,5,2,0,0,1,1,69.3,4.2,71.7,1,1,0,52.1,2,1,0,1,75.5
8.69,5,3,1,0,1,0,21.0,7.7,52.7,1,4,0,71.0,2,1,0,3,75.76
5.84,2,2,1,1,1,1,15.9,4.8,76.9,2,6,1,101.5,4,1,0,0,73.03
9.32,2,2,1,1,0,0,7.6,4.6,63.0,0,3,1,48.3,2,0,0,3,0.0
8.82,1,2,1,0,0,1,37.6,6.8,89.4,0,1,0,49.9,2,1,1,0,61.7
5.34,5,1,0,0,0,0,85.5,7.5,62.1,0,5,2,46.7,0,0,0,3,0.0
9.39,5,3,1,1,0,0,95.2,5.5,56.0,1,6,0,72.3,2,1,0,1,75.46
6.66,3,3,0,1,1,1,72.4,8.2,81.7,2,3,0,92.0,3,1,1,0,64.75
8.88,2,2,0,1,1,1,11.4,5.6,70.9,2,2,0,72.5,3,1,1,3,49.53
8.47,3,1,1,1,1,0,39.7,9.9,99.3,1,2,2,79.2,3,1,1,2,75.43
9.02,2,3,1,0,0,1,49.3,4.1,97.3,1,4,0,64.6,2,1,1,2,69.95
8.17,5,1,1,1,1,0,7.2,8.8,73.3,1,3,0,83.3,3,1,1,0,59.89
9.03,0,2,0,1,0,0,49.3,4.3,42.2,1,5,1,61.7,1,0,0,3,0.0
8.27,4,1,1,1,0,0,52.1,6.7,87.5,3,1,1,79.2,2,1,1,0,67.02
9.6,0,3,1,0,0,1,44.2,8.5,70.6,0,1,1,51.1,2,1,1,0,58.92
8.01,5,3,1,1,1,0,33.4,8.1,54.8,1,6,0,98.8,3,1,1,1,63.22
7.6,0,1,0,1,0,0,62.4,7.1,41.3,0,5,2,54.0,1,0,0,3,0.0
8.76,3,2,1,1,0,0,37.8,6.5,91.0,3,1,1,73.1,2,1,0,1,79.56
7.37,4,2,0,1,0,0,58.0,8.2,64.6,2,3,2,73.2,1,1,2,0,41.81
7.94,5,1,1,1,0,1,52.8,9.8,89.0,2,1,0,79.6,3,1,0,1,95.44
5.71,2,2,1,1,1,0,95.7,5.3,98.2,1,4,0,76.2,3,1,0,2,75.68
6.33,5,2,0,0,1,1,15.2,5.5,79.1,3,6,0,100.2,2,1,0,1,66.08
7.62,1,1,1,1,0,0,55.7,9.6,63.3,0,6,0,76.4,2,1,1,0,62.43
5.94,3,1,1,1,0,0,73.4,9.0,78.1,0,6,0,79.7,2,1,1,3,57.38
7.03,1,3,1,1,0,0,43.9,5.3,41.7,1,5,0,73.5,2,1,1,2,59.21
6.09,5,3,1,0,0,1,79.3,8.2,93.2,0,5,1,67.8,2,1,1,0,56.23
8.4,0,3,1,0,0,0,26.0,5.0,51.3,2,5,0,73.8,1,1,2,3,45.88
8.18,0,1,1,0,0,0,34.3,4.7,65.6,0,6,1,58.1,1,1,2,0,43.71
6.25,2,2,0,0,0,0,40.5,5.9,70.9,1,4,0,49.5,0,0,0,3,0.0
6.23,3,1,1,0,0,0,22.8,8.1,51.7,2,1,0,63.0,1,1,2,1,47.82
7.81,1,3,1,1,0,0,59.0,5.6,60.4,0,3,3,47.1,2,0,0,3,0.0
6.93,5,1,0,0,1,0,77.5,5.5,63.0,1,1,0,37.6,1,1,2,3,46.35
8.71,0,2,0,1,0,0,98.6,5.1,74.1,1,3,0,46.4,1,1,2,2,41.03
9.1,2,3,1,0,0,1,46.9,9.5,86.1,2,3,0,87.0,2,1,0,1,76.97
9.07,2,3,0,0,1,0,33.0,9.2,95.0,3,1,0,69.8,1,1,2,1,43.72
8.07,4,1,1,0,0,1,69.0,9.3,64.2,1,4,0,79.5,2,1,1,3,58.73
5.88,3,3,1,1,0,0,98.9,4.9,83.1,1,5,0,66.5,2,1,1,2,58.46
9.42,4,2,1,0,0,0,52.6,7.6,68.0,2,2,0,62.7,1,1,2,0,49.98
8.13,3,1,1,0,1,1,17.2,5.6,72.6,0,1,1,49.8,3,0,0,3,0.0
9.94,4,2,0,0,0,1,79.3,6.9,58.3,1,1,1,41.7,1,1,2,2,44.76
9.9,3,3,0,0,1,0,2.5,7.0,47.8,3,5,2,83.2,1,1,2,2,49.67
7.07,5,2,1,0,1,0,10.0,6.7,59.6,0,1,0,42.4,2,0,0,3,0.0
9.45,2,1,1,0,0,0,77.0,4.1,68.7,1,1,0,38.6,1,1,2,3,45.92
5.38,5,2,1,1,0,0,22.4,4.0,40.1,1,6,2,76.4,2,0,0,3,0.0
8.22,1,1,0,0,1,1,18.9,7.4,96.1,0,4,0,61.1,2,1,0,1,78.54
6.05,3,3,1,1,0,0,60.4,6.9,65.7,2,1,0,62.3,2,1,0,1,81.77
9.75,3,2,1,0,0,1,21.5,6.7,98.6,2,2,0,72.5,2,1,1,1,56.93
6.41,5,3,0,1,0,0,55.9,7.3,47.4,1,4,1,66.6,1,0,0,3,0.0
5.34,1,3,1,1,0,0,77.5,5.4,60.1,0,4,1,60.0,2,1,0,1,82.36
5.51,4,1,1,1,0,0,9.4,7.6,91.3,2,4,3,84.4,2,1,1,0,71.32
7.6,3,2,1,1,0,1,34.3,6.6,73.5,2,2,0,78.3,3,1,0,2,77.92
7.92,0,3,0,1,0,0,70.1,8.2,41.1,1,2,0,56.7,1,1,2,3,50.18
9.99,3,2,0,0,0,0,78.2,4.3,84.9,0,5,0,41.1,0,1,2,0,45.95
6.57,4,2,1,0,1,0,51.9,7.2,86.2,1,4,0,70.7,2,1,0,0,85.34
9.2,5,3,1,1,0,1,25.8,6.6,52.6,0,3,0,67.3,3,1,0,2,69.75
6.71,2,1,0,1,0,0,86.0,5.6,40.8,0,6,2,54.7,1,1,2,0,44.66
5.36,5,2,1,1,1,1,38.0,6.5,61.1,1,1,0,75.0,4,1,1,1,66.38
5.95,3,1,0,0,1,0,79.6,6.3,44.8,1,5,0,59.5,1,1,2,1,42.76
6.72,4,3,0,0,0,1,17.5,9.5,88.0,0,2,0,47.0,1,1,2,0,36.5
7.14,4,3,1,1,0,0,61.8,5.0,44.5,1,6,2,79.0,2,0,0,3,0.0
7.78,0,1,1,1,0,0,66.0,7.7,71.9,1,6,1,84.0,2,1,0,2,84.17
7.03,4,3,0,0,0,0,45.5,9.4,69.4,1,2,0,47.4,0,0,0,3,0.0
9.76,4,2,1,0,1,0,81.6,4.3,59.9,0,4,0,55.6,2,1,0,2,72.53
8.41,2,3,0,0,0,0,31.1,8.2,55.6,1,5,0,58.2,0,0,0,3,0.0
7.27,0,2,1,0,0,1,3.0,5.8,88.7,3,2,0,82.2,2,1,1,3,51.01
9.81,3,1,1,1,1,0,42.5,5.8,63.7,2,3,3,83.8,3,1,1,0,68.18
7.58,4,3,0,0,0,1,23.1,6.7,64.3,0,2,0,37.2,1,0,0,3,0.0
5.54,5,1,0,1,1,1,47.5,4.3,97.5,0,4,0,61.1,3,1,0,1,82.13
9.5,5,3,0,1,1,1,35.1,7.8,81.3,1,3,0,74.3,3,1,0,0,74.25
8.06,5,2,1,1,0,1,96.8,5.3,52.9,0,3,0,57.0,3,1,0,1,78.74
8.42,1,3,0,0,0,1,46.9,10.0,84.0,1,1,0,57.5,1,1,2,2,51.44
6.94,3,3,1,1,0,1,91.0,5.1,58.8,1,5,3,79.2,3,1,0,2,93.51
9.51,2,1,0,0,0,0,49.5,5.5,83.4,0,4,0,39.0,0,1,2,2,39.85
5.66,2,1,0,1,0,0,29.5,9.4,50.5,2,1,0,61.5,1,1,2,0,36.77
6.01,0,2,0,0,0,0,90.8,5.1,76.2,3,6,1,72.0,0,1,2,2,48.36
5.75,0,2,1,1,1,0,8.0,5.5,54.0,0,6,0,80.3,3,1,0,0,83.81
5.33,1,3,1,0,0,1,61.5,6.4,91.8,1,5,0,73.8,2,1,0,0,88.6
9.91,0,1,0,1,0,1,79.0,8.8,45.7,2,6,0,98.1,2,1,1,0,71.41
6.76,1,2,0,0,1,0,32.7,8.1,55.2,3,6,1,99.0,1,1,2,1,49.19
7.67,3,3,1,1,0,0,99.2,7.8,92.4,2,1,0,66.5,2,1,0,2,84.82
5.65,2,2,1,0,0,1,7.8,7.8,95.0,0,2,1,50.1,2,0,0,3,0.0
8.01,5,3,1,0,1,0,44.6,5.0,91.9,0,6,1,67.7,2,0,0,3,0.0
8.81,0,1,0,0,0,0,81.6,8.1,49.2,0,4,1,43.4,0,0,0,3,0.0
5.31,4,3,1,1,0,0,97.9,7.3,68.6,2,6,0,96.3,2,1,1,3,64.77
5.36,5,3,0,1,1,0,35.3,4.4,80.9,0,2,1,40.8,2,0,0,3,0.0
7.77,0,1,1,0,0,0,62.2,5.3,47.7,3,1,0,56.1,1,1,2,1,45.72
8.14,5,2,1,1,0,0,39.0,4.7,86.8,2,1,0,57.2,2,1,0,0,86.36
9.54,3,2,1,0,0,1,3.0,8.6,94.4,2,3,0,76.8,2,1,0,1,78.5
8.48,0,2,1,0,1,0,82.5,6.1,60.3,0,4,2,62.6,2,1,0,0,83.57
5.34,2,3,1,1,0,0,72.4,9.1,64.3,0,2,1,60.0,2,0,0,3,0.0
5.09,2,1,0,0,0,0,58.5,8.6,62.6,0,5,2,49.6,0,0,0,3,0.0
6.41,5,2,0,1,0,0,48.1,9.2,90.7,3,5,2,94.6,1,1,2,2,48.78
7.86,1,2,0,0,1,0,70.6,6.2,71.9,3,1,0,59.8,1,1,2,3,52.6
5.79,0,3,0,1,0,1,28.6,9.6,94.9,0,4,2,68.2,2,0,0,3,0.0
8.15,2,1,1,0,0,1,22.0,7.5,77.5,0,1,1,45.4,2,1,0,1,81.92
7.92,2,2,0,0,1,0,59.4,9.6,68.0,1,3,3,66.0,1,0,0,3,0.0
5.96,1,1,0,1,0,0,38.0,7.6,80.3,1,5,0,66.6,1,1,2,2,45.83
5.14,1,2,1,1,0,0,64.6,7.9,96.4,0,4,0,64.3,2,1,1,1,58.19
7.99,3,1,1,1,1,0,15.0,6.7,53.7,0,5,0,73.6,3,1,0,1,82.34
5.75,3,2,1,1,1,0,39.1,9.6,47.4,0,5,1,82.9,3,1,0,0,76.03
6.98,3,3,1,0,0,0,14.8,8.2,57.4,0,3,0,47.0,1,0,0,3,0.0
7.88,4,1,1,1,1,0,34.5,9.0,54.3,1,4,0,83.6,3,1,1,1,53.46
9.89,5,3,1,0,0,0,49.2,4.3,70.2,0,4,0,41.0,1,0,0,3,0.0
7.37,1,1,1,1,0,1,75.6,4.5,49.2,0,1,0,50.1,3,1,0,1,89.33
9.64,2,3,1,0,1,0,64.1,6.2,78.2,2,2,0,72.4,2,1,1,1,59.35
8.87,3,1,0,0,0,0,37.9,6.4,65.2,1,4,0,50.3,0,1,2,1,45.66
7.77,2,1,1,0,0,0,42.2,6.7,56.3,0,2,0,36.7,1,1,2,2,41.8
5.68,4,2,1,0,1,0,61.3,6.8,55.4,1,4,0,67.3,2,1,1,1,56.09
9.39,1,1,1,0,1,0,65.4,4.7,94.3,0,3,0,49.6,2,1,1,0,49.23
6.34,3,2,1,1,1,0,38.3,7.9,51.7,0,4,0,70.0,3,1,0,0,75.51
5.3,3,3,1,0,1,0,70.2,5.1,79.3,2,5,0,78.0,2,1,1,0,59.29
6.53,4,1,0,1,0,1,82.0,8.0,99.3,0,1,1,45.3,2,1,0,2,92.34
6.6,4,1,1,1,0,0,66.0,6.0,79.2,1,6,0,80.4,2,1,0,2,86.31
7.89,5,3,1,0,0,0,34.8,4.1,87.9,1,1,0,36.9,1,1,2,0,38.52
9.81,5,3,1,0,1,1,59.1,9.2,70.9,2,5,0,103.7,3,1,1,1,72.22
8.67,5,1,1,1,1,0,44.2,8.9,96.0,0,5,1,84.2,3,1,0,1,88.25
8.61,1,1,1,0,1,1,57.9,9.6,94.5,2,6,0,106.0,3,1,0,0,78.74
5.33,0,3,1,1,0,1,37.3,5.8,91.7,1,4,0,77.7,3,1,0,3,79.38
7.16,4,3,0,0,0,0,12.5,8.0,52.5,1,4,0,55.5,0,0,0,3,0.0
9.53,5,2,1,1,1,0,24.4,8.7,66.5,1,6,0,95.3,3,1,0,0,78.46
9.32,4,2,0,1,0,0,64.8,8.6,67.7,0,6,0,64.6,1,1,2,3,51.65
8.88,3,1,1,1,0,0,24.0,4.2,62.8,1,1,1,48.1,2,1,0,1,80.02
9.51,4,1,0,0,0,1,74.9,5.3,48.7,0,3,0,40.9,1,1,2,2,52.07
8.27,3,1,1,1,1,0,60.8,9.1,95.1,0,3,0,71.8,3,1,0,0,72.09
8.53,3,1,1,0,0,0,53.2,7.7,64.2,2,3,0,67.8,1,1,2,1,50.29
9.67,4,1,1,0,1,0,76.6,4.5,97.3,1,2,0,53.8,2,1,1,1,53.24
7.69,3,3,0,1,1,0,26.9,4.7,75.8,0,6,2,65.3,2,0,0,3,0.0
6.38,3,3,1,0,1,0,72.5,5.4,70.2,0,1,0,40.2,2,0,0,3,0.0
9.69,2,2,1,1,1,1,73.6,5.7,81.2,1,4,0,84.7,4,1,0,1,81.72
5.69,3,2,0,1,1,0,32.3,7.4,61.4,3,6,1,105.5,2,1,1,2,53.21
5.16,5,3,1,0,1,0,29.9,7.7,71.5,0,2,0,56.1,2,0,0,3,0.0
6.18,3,3,0,0,0,0,99.3,7.5,74.0,0,4,2,44.7,0,0,0,3,0.0
8.12,2,2,1,1,0,0,57.5,8.3,64.4,0,5,0,74.0,2,1,0,2,88.85
8.54,5,1,1,0,0,1,70.3,8.8,95.1,1,3,0,73.1,2,1,1,3,53.99
7.54,3,1,1,0,1,0,17.2,4.5,82.6,1,5,0,68.5,2,1,0,1,73.13
6.16,5,3,1,0,0,0,37.1,6.0,62.5,0,1,0,29.4,1,0,0,3,0.0
6.28,3,3,1,0,1,1,34.3,8.2,79.4,0,4,0,77.0,3,1,0,2,78.21
5.7,5,2,0,0,0,1,76.0,9.1,84.6,3,3,0,83.5,1,1,2,2,43.06
5.58,4,2,1,1,0,0,39.3,7.7,85.8,1,3,0,66.8,2,1,0,3,66.1
8.03,3,2,1,0,0,0,72.2,8.5,83.4,0,6,1,63.7,1,1,2,0,41.01
8.3,3,1,0,0,0,0,58.5,10.0,73.6,1,2,0,50.1,0,1,2,3,48.63
7.72,2,3,1,1,0,1,2.5,9.7,44.2,1,6,0,96.9,3,1,1,2,55.26
6.52,1,3,1,1,0,1,32.3,9.8,67.5,0,4,0,82.6,3,1,0,1,81.91
5.06,3,3,0,1,0,1,67.6,4.2,44.7,2,1,1,57.9,2,1,0,3,87.85
9.03,0,3,0,0,0,0,99.1,6.4,80.2,0,2,0,26.8,0,1,2,2,45.68
8.22,4,3,1,1,1,0,31.5,9.1,93.9,0,2,0,64.9,3,1,1,1,64.09
7.68,3,2,1,1,0,0,13.7,9.9,41.0,3,1,0,82.9,2,1,1,0,61.33
8.48,3,1,0,1,0,0,93.5,7.8,69.0,1,5,1,73.0,1,1,2,1,51.61
6.87,3,3,1,1,0,1,52.2,4.7,87.8,1,2,0,65.9,3,1,0,1,80.0
5.71,3,1,1,0,0,1,16.0,9.4,73.6,0,4,0,72.0,2,1,0,0,64.34
5.67,2,3,1,1,0,1,98.1,4.7,41.1,2,3,0,77.3,3,1,0,1,81.25
9.3,1,3,1,0,0,0,94.9,4.5,82.6,0,6,0,51.4,1,1,2,2,47.28
5.5,0,1,1,0,1,1,70.0,6.8,94.5,1,5,1,85.7,3,1,1,3,70.85
5.98,1,2,1,1,1,0,71.5,9.9,67.8,2,4,0,100.4,3,1,0,2,92.06
8.54,5,3,1,0,1,0,28.2,9.6,41.6,0,1,1,56.7,2,1,1,3,62.58
6.33,1,3,1,0,0,0,50.5,5.8,43.2,1,2,0,45.7,1,0,0,3,0.0
6.73,5,1,1,0,0,1,63.8,7.4,74.2,1,2,0,59.5,2,1,1,3,54.02
9.72,5,2,1,0,0,1,34.4,5.9,55.7,0,4,1,53.5,2,1,1,2,56.37
7.6,4,2,0,0,0,0,19.3,4.2,74.0,1,4,2,46.5,0,0,0,3,0.0
5.43,5,3,0,0,0,1,25.8,9.2,53.5,1,4,0,67.1,1,1,2,1,42.1
7.38,4,1,1,0,0,0,20.2,5.7,40.2,1,1,3,40.4,1,0,0,3,0.0
6.15,4,3,1,0,0,0,37.5,6.5,73.5,3,3,2,70.1,1,1,2,2,40.55
5.96,3,2,1,1,0,1,64.0,8.7,54.4,1,6,0,92.6,3,1,1,0,53.14
5.06,1,2,1,1,0,0,42.8,8.6,50.9,0,2,0,57.3,2,1,0,0,77.51
5.5,1,1,1,1,1,0,2.5,4.6,75.2,0,5,1,71.3,3,1,0,2,65.81
8.61,4,1,1,1,1,0,31.1,7.4,78.3,0,3,0,65.3,3,1,0,2,75.08
5.81,5,2,1,1,1,0,53.5,9.5,88.1,2,4,0,99.4,3,1,0,2,72.87
5.79,3,2,1,1,1,0,96.5,4.0,59.5,1,1,0,56.4,3,1,0,3,71.72
7.94,5,1,1,1,0,0,68.0,9.8,60.9,0,1,0,56.7,2,1,0,3,73.1
6.29,4,1,0,1,0,0,99.0,6.2,62.0,2,4,0,70.3,1,1,2,3,45.92
8.18,3,2,0,0,0,1,35.6,4.0,40.4,1,5,0,58.2,1,1,2,3,39.34
9.91,0,3,0,1,1,0,77.8,9.9,45.3,2,6,1,97.3,2,1,0,2,92.07
6.48,4,3,1,1,0,1,1.2,6.9,70.3,0,5,0,76.1,3,1,1,0,57.03
8.65,5,3,1,1,1,0,6.8,7.4,61.3,1,6,0,93.9,3,1,0,1,72.02
7.04,0,1,1,0,0,0,50.1,5.6,64.5,0,1,0,32.6,1,1,2,1,36.24
8.54,0,3,1,0,0,0,10.6,7.9,98.1,1,2,0,49.7,1,1,2,0,38.11
6.64,0,1,0,0,0,0,0.0,8.8,58.9,1,4,2,58.7,0,0,0,3,0.0
6.05,0,3,0,1,0,0,92.0,6.3,72.6,2,4,0,72.8,1,1,2,0,51.64
6.99,2,1,0,1,0,0,1.0,7.6,79.5,0,3,0,45.9,1,1,2,2,39.44
9.92,0,2,1,1,1,0,53.6,5.4,67.9,0,3,2,59.9,3,0,0,3,0.0
9.54,4,1,0,1,1,0,83.0,6.0,87.7,0,2,0,50.2,2,1,1,0,66.87
9.73,5,3,1,1,1,0,32.3,8.0,45.2,3,5,0,113.2,3,1,1,1,65.77
7.25,3,3,1,0,0,0,33.6,7.7,63.2,2,5,0,74.2,1,1,2,0,44.23
5.91,0,1,0,1,0,0,5.4,6.6,43.6,0,3,0,45.0,1,0,0,3,0.0
5.67,2,2,0,0,1,1,11.6,5.3,45.4,2,6,0,88.2,2,1,0,0,65.04
5.55,3,1,1,0,0,0,90.7,6.8,48.6,0,5,1,53.6,1,1,2,3,47.6
7.68,5,1,1,1,0,1,81.4,5.4,83.0,0,1,0,53.4,3,1,3,0,113.81
5.86,3,1,1,0,0,0,38.1,5.7,95.0,0,6,0,60.9,1,1,2,2,43.49
6.99,1,2,0,0,0,0,9.2,7.4,63.0,0,6,1,50.9,0,0,0,3,0.0
5.83,2,3,1,1,0,0,1.9,8.0,97.4,0,3,3,62.5,2,0,0,3,0.0
6.64,3,3,0,1,1,0,76.5,7.5,46.6,1,4,2,68.3,2,1,1,1,52.09
6.81,1,1,0,1,0,1,67.6,6.5,79.0,2,6,0,90.2,2,1,0,2,87.25
6.65,0,3,0,1,0,0,97.3,7.0,91.4,0,2,0,38.0,1,1,2,2,39.92
7.61,3,3,1,0,0,1,70.7,6.2,40.8,1,4,1,71.7,2,0,0,3,0.0
8.04,1,3,1,1,0,0,89.7,4.9,81.2,0,2,0,43.9,2,1,0,0,74.56
8.16,3,3,1,0,1,0,34.3,6.7,53.0,0,3,1,52.5,2,1,0,0,73.59
7.82,2,3,1,0,0,0,49.3,5.3,76.9,0,2,0,36.8,1,0,0,3,0.0
5.51,5,3,1,1,1,0,57.2,4.7,52.0,0,2,0,50.4,3,1,1,0,50.33
9.69,4,3,0,1,0,1,30.7,9.2,60.8,2,1,0,69.2,2,1,0,3,95.78
8.47,5,3,1,0,1,0,37.0,5.9,97.5,0,5,0,60.7,2,1,1,3,57.72
6.22,3,1,1,1,0,0,36.5,4.3,94.0,3,6,0,88.0,2,1,1,1,66.53
7.62,1,2,1,0,1,1,14.2,7.0,41.5,0,6,1,81.7,3,1,0,1,76.61
6.89,0,1,0,0,0,0,39.4,6.3,57.2,3,1,0,50.6,0,1,2,2,48.45
9.12,3,3,0,0,0,0,39.7,6.2,64.7,2,1,0,41.2,0,0,0,3,0.0
6.4,0,3,1,0,1,1,13.6,8.9,95.7,0,1,0,60.2,3,0,0,3,0.0
7.42,4,3,0,1,0,0,6.9,8.5,75.1,2,1,1,55.8,1,0,0,3,0.0
9.24,3,2,1,0,1,0,36.4,7.9,88.6,0,6,0,73.9,2,1,0,2,65.28
7.62,2,2,0,1,1,0,51.8,8.3,50.3,1,4,0,74.8,2,1,0,1,74.44
8.21,0,3,0,1,1,0,34.3,9.1,87.1,3,4,0,101.3,2,1,0,1,91.76
8.14,1,2,1,1,1,0,28.1,5.6,46.0,1,1,0,58.8,3,1,0,0,71.05
7.3,0,2,1,0,0,1,74.6,9.3,66.4,0,3,0,66.0,2,1,1,0,64.2
7.53,5,3,1,0,0,0,17.5,5.4,64.5,1,6,0,61.8,1,0,0,3,0.0
5.06,2,1,0,1,0,1,2.0,9.1,81.8,1,3,1,74.2,2,1,0,2,71.23
8.61,1,2,1,1,0,0,2.9,4.2,44.8,0,3,0,49.8,2,0,0,3,0.0
9.64,2,2,0,0,1,1,67.1,4.2,96.3,2,2,0,63.2,2,1,0,2,90.99
8.49,4,1,0,0,0,1,73.7,4.1,43.6,3,4,0,72.2,1,1,2,0,43.19
7.38,2,3,1,0,0,0,84.1,8.1,92.8,2,2,1,61.1,1,1,2,3,43.21
5.56,3,1,0,1,0,1,10.4,7.5,99.9,0,4,0,60.2,2,1,1,1,60.07
6.41,3,1,0,1,0,0,52.4,8.1,53.1,1,2,3,55.8,1,0,0,3,0.0
6.24,1,2,0,0,1,1,94.2,6.5,76.1,1,2,0,59.3,2,1,0,0,94.46
7.13,3,2,1,1,0,0,31.4,7.6,74.8,3,6,0,105.7,2,1,0,2,83.23
5.27,5,2,1,1,0,1,69.5,5.3,87.8,1,6,1,88.2,3,1,1,0,58.9
8.17,5,3,0,0,1,0,17.4,6.9,45.5,2,1,1,57.9,1,0,0,3,0.0
6.9,0,1,0,0,0,1,88.9,6.9,95.7,0,5,0,51.1,1,1,2,0,49.73
6.45,2,1,0,0,0,1,86.6,8.5,78.8,2,4,1,80.4,1,1,2,1,44.25
5.22,2,1,0,1,1,0,36.6,5.9,48.9,1,3,0,66.8,2,1,1,0,61.32
5.58,3,3,1,0,0,0,13.1,7.7,81.3,2,3,0,68.2,1,1,2,1,40.94
7.03,5,3,1,1,1,0,92.4,6.1,77.3,0,4,0,70.0,3,1,1,3,62.79
6.96,4,3,1,0,1,1,32.7,6.9,82.4,2,2,1,78.4,3,1,1,2,75.32
5.12,2,3,1,0,1,0,94.3,9.6,90.4,0,4,2,72.4,2,1,1,0,70.24
8.97,1,1,0,1,0,0,72.1,5.0,49.5,1,5,2,63.6,1,1,2,0,40.34
9.05,3,1,0,1,0,0,85.3,9.3,99.8,3,1,0,68.5,1,1,2,3,43.76
7.53,4,2,1,0,0,0,1.6,4.5,70.3,0,5,0,44.5,1,0,0,3,0.0
6.79,3,2,0,0,0,0,80.0,9.1,51.6,0,4,1,47.7,0,0,0,3,0.0
9.49,4,3,1,1,0,0,44.6,5.1,63.8,0,5,1,62.7,2,1,0,0,62.95
7.34,4,1,1,0,0,0,16.5,7.7,66.4,2,4,0,77.2,1,1,2,0,45.65
5.78,0,1,1,0,0,1,5.6,8.3,60.0,3,4,0,95.8,2,1,0,2,86.4
5.89,3,3,1,0,0,0,47.2,5.8,55.6,2,4,1,71.1,1,0,0,3,0.0
9.06,0,2,0,1,0,0,9.6,5.9,41.9,1,2,1,43.2,1,0,0,3,0.0
7.04,5,1,1,0,1,0,72.1,5.3,92.7,1,4,0,61.0,2,1,0,1,67.08
8.92,2,2,0,1,0,1,3.7,7.5,40.2,0,6,0,74.3,2,1,0,0,66.67
5.76,2,1,0,0,0,0,63.5,5.5,60.3,2,3,3,53.8,0,0,0,3,0.0
9.15,0,3,1,1,0,0,24.7,7.2,57.5,0,5,0,61.6,2,1,1,1,54.76
7.28,4,3,1,1,1,1,1.0,5.1,65.4,2,6,0,107.5,4,1,0,2,89.63
9.13,3,2,0,1,0,0,43.4,7.3,48.1,1,1,3,43.9,1,0,0,3,0.0
5.22,1,3,0,1,1,1,11.2,5.4,96.7,0,6,0,75.0,3,1,1,2,65.77
6.95,0,2,0,0,0,0,87.4,9.9,89.0,2,6,1,81.5,0,1,2,2,44.11
5.29,1,3,1,1,0,0,58.2,6.9,56.4,0,1,0,50.5,2,1,1,2,68.72
5.99,2,2,1,0,0,0,62.3,6.8,77.7,1,2,0,53.4,1,1,2,2,40.88
5.98,0,3,0,1,0,0,94.2,4.1,60.0,0,1,0,29.6,1,1,2,0,42.23
8.66,0,3,0,1,1,0,67.5,8.3,65.9,2,5,0,87.1,2,1,0,0,90.36
5.43,1,1,0,1,1,1,49.1,4.7,57.6,0,4,0,60.5,3,1,1,0,56.44
5.34,4,1,1,1,0,1,36.7,4.4,84.3,3,4,1,96.9,3,1,0,0,92.24
6.11,2,3,1,0,0,0,16.9,7.5,62.4,1,2,0,54.1,1,1,2,0,41.79
7.42,3,3,1,0,0,0,39.1,4.3,93.8,1,6,0,66.3,1,1,2,2,41.72
7.95,2,1,0,1,0,0,76.3,5.3,48.6,1,6,0,61.0,1,1,2,1,44.94
6.32,2,1,0,1,0,1,20.4,7.7,78.6,1,6,1,78.7,2,1,0,2,68.2
9.1,5,3,1,0,1,0,26.0,6.9,43.7,0,5,2,69.8,2,0,0,3,0.0
5.71,5,1,0,0,0,0,67.4,7.5,57.5,2,6,1,76.4,0,1,2,1,38.73
8.24,5,2,1,1,0,1,1.2,6.7,55.1,1,1,0,64.4,3,1,1,0,53.64
8.87,2,1,0,1,1,0,90.9,7.6,75.5,0,2,0,52.7,2,1,0,0,72.67
5.71,5,1,0,1,0,0,55.3,5.6,60.6,0,2,1,32.8,1,0,0,3,0.0
5.68,4,1,1,1,0,0,61.5,5.4,68.8,0,5,0,64.9,2,1,1,0,52.54
5.38,5,2,1,0,0,0,74.2,4.4,66.9,2,2,2,51.3,1,0,0,3,0.0
8.67,5,2,0,1,0,1,37.7,5.2,93.9,2,5,0,84.6,2,1,1,2,68.23
5.32,4,1,0,1,0,1,78.3,5.4,81.9,0,1,1,38.5,2,1,1,3,63.87
6.06,1,1,0,0,0,0,88.6,7.8,54.5,2,1,0,47.0,0,1,2,2,48.52
5.72,3,1,1,0,1,1,26.4,5.3,47.9,0,1,1,51.3,3,1,0,2,83.16
6.76,3,2,0,1,0,0,92.7,6.9,85.9,1,4,1,56.5,1,1,2,1,45.41
7.08,1,3,1,1,0,1,48.6,9.8,87.8,1,3,1,89.3,3,1,0,3,76.94
8.28,5,2,0,1,0,1,27.2,9.7,76.7,2,6,0,99.8,2,1,0,0,90.55
5.77,2,1,0,1,0,0,40.3,9.0,41.6,0,1,0,38.5,1,0,0,3,0.0
9.77,1,3,1,1,0,0,8.9,10.0,85.3,1,3,0,72.1,2,1,0,2,90.23
7.13,3,3,1,0,0,1,62.5,5.8,78.6,3,2,0,75.6,2,1,0,1,77.39
7.02,0,3,1,0,1,0,62.4,5.7,63.6,1,6,1,80.0,2,1,0,3,80.02
6.08,0,2,0,0,0,0,76.2,6.6,97.1,0,2,0,24.9,0,0,0,3,0.0
6.1,2,3,1,1,1,0,5.6,5.2,93.9,1,1,0,56.9,3,0,0,3,0.0
9.29,1,3,0,1,0,0,19.5,7.8,42.6,3,3,0,82.8,1,1,2,3,51.62
6.57,3,1,1,1,1,0,10.2,4.6,57.6,0,2,2,56.5,3,0,0,3,0.0
7.51,4,1,1,0,1,0,10.7,4.9,42.8,0,6,0,64.5,2,1,0,0,73.31
7.35,2,2,1,1,0,1,19.2,7.2,40.5,0,4,0,66.6,3,1,1,1,67.13
9.58,1,3,1,0,1,0,18.8,8.8,65.0,3,1,0,80.2,2,1,1,0,66.59
6.73,2,2,0,0,0,0,70.3,7.3,73.3,1,4,0,52.5,0,1,2,3,41.48
8.08,0,1,1,1,1,1,38.2,5.4,44.3,0,3,0,72.3,4,1,0,3,84.92
8.67,0,2,0,0,0,0,82.8,6.1,86.0,0,6,0,45.9,0,1,2,3,44.25
8.6,3,1,1,1,0,0,62.3,7.5,60.3,0,2,1,54.3,2,1,1,0,62.44
9.1,2,3,1,1,0,0,90.6,5.9,87.8,3,3,2,84.3,2,1,0,1,79.18
8.76,5,1,0,1,0,0,97.0,4.8,93.3,2,6,0,78.7,1,1,2,3,45.11
8.2,1,1,0,0,1,0,14.1,8.2,89.3,0,3,0,51.9,1,0,0,3,0.0
6.39,2,3,1,1,1,0,53.1,5.2,78.4,0,3,1,56.7,3,1,1,2,64.94
7.24,2,3,0,1,0,1,3.2,5.4,60.7,1,5,0,67.9,2,1,0,3,67.29
7.06,3,3,1,1,0,1,29.9,6.4,63.8,1,6,0,92.1,3,1,0,3,83.12
6.25,4,3,0,1,1,0,93.8,6.2,96.5,1,2,3,55.7,2,0,0,3,0.0
9.88,4,3,1,0,0,1,44.7,7.8,70.6,0,4,0,67.0,2,1,1,1,66.67
8.64,3,2,1,0,0,0,39.1,5.8,75.9,1,2,0,51.7,1,1,2,2,40.72
6.11,2,1,1,0,0,0,79.5,5.3,68.2,0,1,0,26.9,1,1,2,3,45.62
6.23,3,3,1,0,0,1,50.9,4.0,53.1,3,3,0,80.7,2,1,0,0,92.39
5.46,5,3,1,0,1,0,47.3,8.5,55.5,0,4,0,69.8,2,1,0,1,76.21
7.53,4,3,1,1,0,0,74.9,5.5,88.0,2,4,2,73.1,2,1,0,2,74.76
9.82,1,3,1,1,1,0,26.6,6.6,90.2,2,3,0,83.3,3,1,0,3,75.01
7.73,0,3,0,1,1,0,46.6,4.4,75.8,1,1,1,52.2,2,0,0,3,0.0
8.54,5,2,1,0,0,0,93.0,9.3,95.2,3,5,0,91.9,1,1,2,0,48.76
6.19,5,1,0,0,1,1,12.9,5.3,84.8,0,5,0,57.8,2,1,0,3,64.21
8.84,4,2,0,0,0,1,34.1,5.5,74.8,2,1,0,48.7,1,1,2,3,45.82
7.6,0,3,0,0,0,1,80.2,4.8,42.8,0,5,1,47.6,1,0,0,3,0.0
6.98,0,3,0,1,0,0,17.4,6.7,85.7,0,3,0,47.1,1,0,0,3,0.0
9.84,5,2,1,0,0,1,73.4,9.8,55.2,0,3,3,67.2,2,1,1,0,61.5
6.31,3,3,1,0,0,0,96.0,4.4,70.1,3,6,0,82.2,1,1,2,2,48.96
8.23,0,1,1,1,1,0,60.1,4.8,47.0,1,1,0,60.8,3,1,1,1,54.52
8.91,5,3,1,1,0,0,81.7,10.0,78.0,1,5,0,82.7,2,1,0,2,74.08
6.36,4,3,0,0,0,1,59.1,8.9,42.5,3,4,0,86.2,1,1,2,1,44.34
5.5,3,3,1,0,0,0,28.1,4.4,57.6,0,1,0,27.5,1,0,0,3,0.0
5.03,2,2,1,0,0,0,98.4,5.9,76.3,0,2,1,39.0,1,0,0,3,0.0
8.71,5,3,0,1,1,1,15.0,9.4,60.5,1,1,0,72.5,3,1,1,3,68.1
8.09,4,1,1,0,1,0,3.2,5.2,58.2,0,2,3,41.0,2,0,0,3,0.0
5.49,1,2,0,1,0,1,51.4,5.3,69.6,0,5,0,65.5,2,1,1,0,64.0
9.3,5,3,1,0,0,0,80.9,4.8,42.4,2,1,0,46.7,1,1,2,0,40.59
9.64,3,3,0,1,1,0,13.2,4.3,78.6,1,3,0,58.9,2,1,0,0,70.95
7.62,0,3,0,0,0,0,37.1,5.8,49.4,1,4,0,49.9,0,1,2,2,46.48
5.03,5,3,0,1,1,1,37.4,4.9,49.2,1,3,2,66.5,3,0,0,3,0.0
9.71,3,1,1,0,0,0,70.0,5.2,80.4,2,6,2,78.7,1,1,2,0,48.83
6.71,0,2,1,1,0,1,47.1,6.5,94.3,3,1,0,81.6,3,1,0,2,86.05
7.9,0,3,0,1,0,0,31.7,7.6,79.5,1,6,0,71.4,1,1,2,0,45.51
8.87,0,2,1,0,1,1,87.8,4.6,55.1,0,2,0,58.5,3,1,0,2,90.64
7.82,4,2,1,0,1,0,70.2,7.1,49.9,0,6,0,75.6,2,1,0,3,70.49
5.78,1,2,1,0,0,0,74.6,9.4,75.1,2,5,0,87.8,1,1,2,3,42.03
6.86,3,2,1,1,0,1,35.7,7.8,88.8,0,4,0,76.2,3,1,0,3,64.7
8.44,5,1,1,0,0,0,1.5,4.4,49.8,1,3,0,49.2,1,0,0,3,0.0
5.06,1,1,1,1,0,1,14.5,4.4,40.7,3,1,0,76.9,3,1,0,3,69.88
8.2,4,1,1,1,1,0,10.5,5.7,64.2,1,3,0,72.7,3,1,1,3,64.68
6.34,2,2,1,0,0,1,74.6,6.5,96.2,0,6,0,66.4,2,1,1,1,51.37
6.44,2,3,1,0,1,0,52.2,6.0,65.6,1,2,0,57.1,2,1,0,1,70.3
6.33,4,1,1,0,0,0,50.1,7.1,53.5,1,6,0,73.2,1,1,2,2,36.98
8.82,1,1,0,0,0,0,76.8,9.8,56.0,0,3,1,42.4,0,1,2,1,41.82
9.48,1,2,1,1,0,0,69.5,8.9,79.6,3,1,0,86.2,2,1,1,3,63.08
5.6,4,1,1,1,0,1,20.3,6.4,58.1,1,6,0,92.1,3,1,1,1,62.61
9.59,1,2,0,0,0,0,23.7,7.4,87.0,1,6,1,66.1,0,1,2,3,37.41
9.42,1,3,1,1,0,0,96.8,9.5,47.6,0,2,0,63.4,2,1,0,3,86.88
8.24,5,1,0,1,1,1,80.2,8.6,55.5,0,2,2,69.1,3,1,0,3,94.82
6.11,5,2,1,1,1,0,69.5,6.5,90.0,2,1,0,74.3,3,1,1,3,62.51
6.73,3,2,1,1,1,1,10.9,10.0,49.7,1,4,0,95.1,4,1,1,1,65.48
5.55,4,2,1,1,0,1,12.1,5.0,68.7,3,4,0,96.2,3,1,0,2,85.55
5.77,5,2,0,1,1,1,65.3,6.9,78.7,0,5,0,79.9,3,1,0,1,73.44
5.71,1,3,1,1,1,0,82.3,8.9,63.3,0,1,0,66.5,3,1,0,0,76.14
6.27,3,3,0,1,0,0,63.5,6.2,64.1,0,2,0,36.4,1,0,0,3,0.0
7.95,5,2,0,1,0,0,21.5,7.0,59.7,1,3,0,58.9,1,0,0,3,0.0
5.76,0,1,1,0,1,0,32.5,9.4,65.3,1,4,1,75.1,2,1,0,3,66.94
7.97,1,2,1,0,0,1,39.2,8.2,85.6,0,6,1,73.4,2,1,0,2,88.84
7.8,5,2,0,1,0,0,49.4,8.4,53.3,3,5,0,86.0,1,1,2,2,43.53
9.53,4,3,0,0,1,1,47.8,5.1,56.3,1,3,0,56.6,2,1,0,0,79.07
8.3,3,3,1,0,1,0,68.1,9.3,41.5,2,1,0,72.0,2,1,0,2,90.29
5.19,5,3,0,0,0,0,42.1,5.1,91.3,2,1,3,44.5,0,0,0,3,0.0
8.3,0,1,1,0,0,1,57.7,8.9,70.8,0,6,0,76.3,2,1,0,3,67.42
6.32,1,3,0,0,1,1,32.7,5.8,90.6,1,3,0,63.2,2,0,0,3,0.0
9.51,1,3,0,1,0,0,93.0,4.9,47.2,0,4,0,42.1,1,1,2,2,46.85
7.24,1,3,0,0,1,0,81.3,8.2,43.5,1,3,0,59.5,1,1,2,0,43.2
8.3,5,1,1,0,1,0,43.2,8.6,48.9,3,5,0,100.0,2,1,1,0,61.86
6.58,5,1,1,0,1,1,77.0,7.1,89.7,2,3,0,86.4,3,1,3,3,112.2
5.32,3,3,0,1,1,0,3.1,8.1,91.3,2,6,0,97.7,2,1,0,3,91.01
5.03,5,3,1,0,0,0,44.6,8.4,41.6,3,5,0,91.2,1,1,2,0,53.18
8.42,3,2,1,0,0,0,68.3,4.3,70.9,1,3,2,45.5,1,0,0,3,0.0
9.76,2,2,1,1,0,1,18.8,9.9,50.5,1,5,1,90.1,3,1,1,1,69.37
8.87,0,3,0,1,0,0,72.2,9.7,55.8,2,3,0,74.9,1,1,2,0,40.81
8.58,1,3,0,1,0,1,88.9,8.1,55.7,0,3,0,63.2,2,1,1,0,58.6
8.63,0,3,0,1,0,0,71.3,5.9,82.9,1,1,1,45.5,1,1,2,3,52.65
5.17,5,1,0,0,0,0,50.2,4.2,68.4,2,1,0,36.6,0,0,0,3,0.0
8.25,5,1,1,0,0,0,51.1,5.1,61.7,2,5,1,72.3,1,1,2,0,48.48
9.39,1,3,1,1,1,0,94.5,7.3,70.2,0,2,0,58.3,3,1,0,2,73.76
7.9,2,2,1,0,1,0,33.8,8.5,79.6,0,3,0,61.5,2,1,1,2,57.72
5.71,4,3,1,0,0,0,74.0,4.6,52.4,3,2,1,62.9,1,0,0,3,0.0
6.4,0,2,1,1,1,1,35.1,8.2,60.2,1,4,0,98.4,4,1,1,0,64.26
7.88,4,3,0,0,0,1,58.8,8.8,50.1,1,6,1,75.4,1,1,2,0,39.02
8.63,2,2,0,0,1,1,98.9,4.8,61.4,0,3,0,53.3,2,1,0,2,71.92
8.58,1,1,1,0,1,1,20.2,9.1,98.4,0,6,0,90.5,3,1,0,1,74.99
8.51,5,3,1,1,0,1,13.5,7.1,76.8,0,1,0,52.9,3,1,0,1,74.45
9.8,1,2,0,1,0,0,94.1,4.4,59.1,1,3,0,48.1,1,1,2,0,47.76
5.44,4,2,1,1,0,1,20.0,8.5,94.7,1,5,0,88.0,3,1,1,1,48.53
8.61,3,1,1,0,0,1,7.5,6.5,83.8,1,6,0,79.5,2,1,0,2,63.69
6.39,2,1,0,0,0,0,29.3,6.4,84.7,3,6,3,80.9,0,1,2,1,49.68
6.27,5,1,0,1,0,0,38.7,5.0,66.5,0,1,1,29.0,1,0,0,3,0.0
6.35,3,2,1,1,0,0,12.9,5.0,72.0,1,6,0,75.0,2,1,1,3,63.22
6.16,4,3,1,1,1,1,63.7,5.5,87.0,0,2,0,63.7,4,1,1,3,68.62
6.55,1,3,1,0,0,1,13.9,6.7,58.7,0,6,0,71.2,2,1,1,1,59.0
8.09,4,3,0,1,0,0,39.2,4.1,98.1,1,5,0,56.8,1,1,2,0,38.6
5.9,0,3,0,0,0,1,90.3,9.0,53.8,2,2,0,65.8,1,1,2,0,44.18
9.83,0,1,0,0,0,0,39.8,4.6,72.9,1,4,3,45.0,0,0,0,3,0.0
5.44,4,2,1,1,0,0,75.0,7.4,75.1,0,2,0,49.3,2,1,0,3,72.63
6.63,3,2,1,1,1,0,87.7,6.3,58.5,1,2,2,66.8,3,1,0,3,83.65
6.28,1,3,1,1,0,0,72.1,5.8,92.8,0,4,0,59.2,2,1,1,1,52.24
6.24,3,3,1,1,1,0,87.5,7.5,94.9,0,5,0,74.8,3,1,0,3,73.74
9.42,3,2,1,0,1,1,36.7,7.6,83.8,0,1,0,62.7,3,1,0,1,80.64
6.78,5,2,1,1,0,1,1.4,9.6,89.8,3,5,0,111.2,3,1,0,2,83.12
9.18,2,2,1,0,0,1,80.6,6.1,70.9,2,2,0,71.4,2,1,0,3,90.77
9.31,1,2,0,0,0,0,26.4,8.3,68.5,2,1,0,53.0,0,1,2,2,46.78
5.28,0,3,0,0,0,1,43.5,4.5,91.2,3,3,0,64.3,1,1,2,0,44.97
8.3,3,3,1,0,0,0,86.0,4.9,66.3,0,5,0,44.7,1,1,2,0,43.82
6.08,2,2,1,0,0,1,23.1,4.8,91.4,0,3,0,51.3,2,1,0,0,59.93
6.22,0,2,0,0,0,0,50.4,8.8,56.1,1,4,3,60.4,0,0,0,3,0.0
8.39,1,3,1,0,0,0,28.0,8.2,92.3,0,5,1,60.4,1,0,0,3,0.0
6.88,3,2,1,1,0,1,73.3,4.1,45.4,0,4,0,65.3,3,1,0,1,80.17
6.75,1,3,1,0,0,1,50.1,8.6,91.8,0,2,1,55.9,2,0,0,3,0.0
6.72,5,1,1,1,0,1,34.0,8.0,72.8,0,2,0,59.5,3,1,0,0,72.47
5.54,1,3,1,1,0,0,16.4,4.4,92.8,0,3,0,47.1,2,1,0,1,73.55
9.5,2,3,1,1,1,1,38.5,9.6,43.3,2,6,0,120.5,4,1,0,2,97.84
9.22,1,1,1,1,0,0,31.3,9.8,88.1,1,4,1,82.2,2,1,0,2,85.35
5.17,0,2,1,0,0,0,91.7,5.5,74.1,1,4,1,59.9,1,1,2,2,39.54
7.34,5,1,1,1,1,0,46.3,5.2,55.1,1,4,2,78.0,3,1,0,3,81.09
7.3,2,1,1,1,1,1,33.5,5.5,44.7,2,5,0,106.2,4,1,1,0,70.71
6.89,2,1,0,0,0,1,63.3,8.0,46.2,1,4,0,67.1,1,1,2,2,51.21
6.79,0,3,1,1,0,0,0.2,8.4,74.0,0,1,0,47.1,2,0,0,3,0.0
5.66,0,1,0,1,1,1,29.3,9.2,83.4,2,3,0,88.7,3,1,1,1,59.31
7.75,5,3,1,0,0,0,76.9,5.6,40.1,3,1,2,62.8,1,1,2,2,55.43
7.79,1,1,1,1,1,1,84.6,7.6,68.6,0,6,1,90.6,4,1,0,2,73.82
5.01,5,1,1,1,0,1,89.6,6.6,81.5,3,6,0,105.3,3,1,3,3,113.35
6.85,1,3,1,1,0,1,35.0,6.4,86.9,0,2,0,61.7,3,0,0,3,0.0
6.38,5,1,1,1,0,1,9.0,7.7,60.5,0,2,0,58.4,3,1,1,2,62.92
5.69,1,1,1,0,1,1,41.1,4.9,94.6,2,4,0,84.2,3,1,0,0,85.04
9.6,2,2,1,0,0,0,24.4,7.8,56.9,0,2,0,38.5,1,1,2,2,41.96
5.79,1,2,1,1,0,1,90.5,4.3,47.2,0,5,0,70.3,3,1,1,0,70.95
9.22,3,3,0,0,1,1,54.8,6.2,92.0,0,2,0,44.0,2,1,1,0,56.9
9.78,2,1,1,1,0,0,83.6,7.0,64.4,1,3,0,62.5,2,1,0,2,79.36
6.69,2,1,1,1,0,0,49.4,8.7,78.7,0,4,0,64.8,2,1,1,3,59.1
6.51,3,2,1,0,0,1,34.3,4.3,60.6,1,6,0,76.5,2,1,1,2,49.53
5.64,2,2,1,1,0,1,16.9,9.9,83.0,0,3,0,70.3,3,1,0,1,71.6
9.13,3,1,0,0,0,1,29.5,7.6,86.6,0,3,1,51.2,1,1,2,3,49.4
7.91,4,3,1,0,1,0,82.9,7.3,99.2,0,4,0,61.0,2,1,0,3,74.8
7.9,4,3,1,1,1,0,69.8,9.2,90.4,2,2,1,90.7,3,1,1,3,61.98
6.28,0,1,1,1,0,1,26.3,9.7,40.8,3,6,1,117.5,3,1,1,3,63.13
9.38,4,3,0,1,0,0,68.3,4.5,92.2,1,2,0,48.1,1,1,2,2,50.44
7.63,3,3,0,1,0,1,99.7,9.9,54.2,0,3,0,66.8,2,1,1,0,59.01
7.25,0,1,1,0,0,0,55.6,5.5,84.2,2,4,1,70.2,1,1,2,2,45.09
7.88,0,3,0,0,0,1,58.4,5.3,55.8,2,3,0,58.6,1,0,0,3,0.0
5.14,1,2,1,0,1,0,79.4,5.9,53.4,3,6,0,95.5,2,1,0,3,88.61
5.75,0,2,0,1,0,0,50.0,4.5,54.5,2,4,0,64.1,1,1,2,1,47.6
9.66,1,3,1,0,0,0,58.3,8.2,52.6,2,2,0,67.6,1,1,2,2,41.53
7.01,0,3,0,1,0,0,23.0,9.0,54.9,0,3,0,54.1,1,0,0,3,0.0
9.83,3,2,0,0,0,1,72.3,4.9,66.3,1,6,0,63.9,1,1,2,1,44.44
5.02,1,2,1,1,0,0,98.9,7.9,47.6,1,4,1,76.7,2,1,0,3,70.82
6.53,5,1,0,0,0,0,78.7,7.0,62.4,0,2,0,26.3,0,1,2,3,40.33
5.92,3,2,1,0,0,0,14.0,5.1,90.9,0,4,1,45.7,1,0,0,3,0.0
6.32,3,3,1,0,0,0,26.2,9.7,74.5,3,5,0,96.7,1,1,2,2,42.2
7.41,5,1,0,0,0,0,25.5,6.3,74.8,2,3,0,51.3,0,1,2,2,41.28
9.18,3,3,1,0,1,1,72.0,5.3,94.3,1,6,1,85.0,3,1,1,3,71.73
9.79,0,3,1,1,0,1,1.4,4.8,65.5,0,2,1,51.8,3,0,0,3,0.0
8.6,5,2,1,0,1,1,59.0,8.9,54.7,0,4,0,75.1,3,1,0,0,76.84
6.43,1,2,1,0,1,0,54.5,9.8,80.0,2,1,0,75.2,2,1,0,3,88.18
8.67,0,3,1,0,0,0,64.1,7.3,42.4,2,5,1,74.8,1,1,2,2,39.71
6.08,2,3,0,1,0,0,94.4,7.5,45.0,0,6,0,62.1,1,1,2,0,37.77
6.6,0,2,0,0,1,0,11.1,9.7,77.3,0,2,0,50.1,1,0,0,3,0.0
5.98,2,3,1,1,0,0,86.2,9.9,91.3,0,3,0,60.2,2,1,0,1,83.86
6.99,4,3,1,0,0,0,43.6,8.7,48.5,3,5,2,91.6,1,1,2,2,46.34
8.39,3,3,1,0,0,1,29.8,5.3,52.9,0,1,1,38.1,2,0,0,3,0.0
7.94,4,2,0,1,0,0,22.6,4.2,50.4,0,5,0,43.0,1,0,0,3,0.0
7.43,1,2,1,1,0,1,91.7,5.9,77.0,1,6,0,92.3,3,1,0,2,92.55
8.66,1,3,1,1,0,0,46.7,6.4,77.2,1,1,1,49.7,2,0,0,3,0.0
9.81,2,2,0,1,0,0,71.7,7.9,64.9,3,1,0,69.8,1,1,2,2,47.25
8.32,1,2,1,0,0,1,47.6,5.8,89.9,2,4,0,78.5,2,1,1,1,68.0
5.87,4,1,0,1,0,0,38.6,5.0,70.5,1,6,1,66.8,1,1,2,1,46.15
7.46,0,3,1,1,0,0,52.2,4.2,83.4,0,4,2,55.3,2,0,0,3,0.0
6.2,5,1,1,1,0,0,24.3,7.5,64.0,2,2,1,70.3,2,1,0,3,87.11
7.24,3,1,1,1,0,0,8.8,4.6,91.1,0,2,0,41.0,2,1,0,0,65.72
6.14,3,3,1,0,0,1,43.0,9.2,77.9,3,3,0,88.2,2,1,1,3,60.08
5.1,0,1,1,1,0,0,42.1,8.2,91.6,0,4,1,60.0,2,1,0,0,83.9
7.96,0,2,1,0,0,1,69.1,9.0,71.2,0,2,0,55.4,2,1,0,2,63.93
8.76,3,1,1,0,0,0,79.8,9.0,73.6,0,6,0,66.8,1,1,2,1,42.05
7.85,1,3,1,0,1,0,11.3,4.8,53.3,1,2,1,54.7,2,0,0,3,0.0
8.64,5,2,0,0,0,0,90.9,6.9,55.5,1,3,2,41.9,0,1,2,1,46.46
8.9,1,3,0,1,0,0,10.5,4.8,76.9,0,5,0,53.4,1,0,0,3,0.0
9.93,4,1,0,1,0,1,38.6,7.7,58.6,0,1,0,44.5,2,1,1,2,52.65
6.36,1,1,1,1,0,0,65.3,5.8,70.8,1,2,0,61.6,2,1,1,3,60.0
6.8,1,1,1,1,0,1,36.4,4.5,88.5,0,1,0,49.4,3,1,1,3,62.77
9.72,5,1,1,1,0,0,57.3,5.9,99.1,0,5,0,61.0,2,1,1,1,55.62
5.7,1,3,1,1,1,0,45.7,5.3,50.1,0,6,2,77.0,3,0,0,3,0.0
7.82,4,1,1,1,0,1,98.1,5.4,93.7,2,6,0,100.8,3,1,3,1,100.25
8.01,1,1,1,0,0,0,51.9,5.5,48.7,0,4,0,42.8,1,1,2,0,35.32
9.18,0,2,1,0,0,1,98.9,4.3,73.2,0,6,0,58.9,2,1,1,1,70.52
6.44,5,1,0,0,0,1,71.2,9.4,61.3,1,2,0,55.4,1,1,2,2,48.03
5.59,0,2,0,0,0,0,51.6,6.4,86.4,2,1,0,48.9,0,0,0,3,0.0
9.22,5,3,1,1,0,0,41.2,7.6,92.1,2,1,2,71.6,2,0,0,3,0.0
7.45,4,1,0,1,0,0,29.2,9.9,76.9,1,5,0,77.8,1,1,2,1,47.11
6.7,3,2,1,1,0,0,20.3,6.1,93.1,2,4,0,77.5,2,1,0,3,84.11
5.32,2,1,1,0,0,0,20.5,8.9,84.5,3,5,1,95.0,1,1,2,1,44.23
6.01,2,1,0,1,0,0,0.9,5.7,40.8,1,2,0,45.9,1,1,2,2,37.69
5.05,5,1,1,0,0,0,7.2,6.4,58.9,2,1,0,53.6,1,0,0,3,0.0
7.38,2,1,1,0,0,1,15.8,6.6,97.9,2,3,3,72.2,2,0,0,3,0.0
9.89,0,2,0,1,0,1,39.7,7.0,42.6,0,4,0,63.5,2,1,0,1,82.73
8.4,3,1,0,0,0,0,99.2,6.5,95.7,0,2,0,28.0,0,1,2,0,44.24
7.16,5,1,1,0,1,1,39.7,5.7,76.8,3,1,0,86.3,3,1,0,3,79.49
9.52,4,3,1,0,0,1,15.8,7.3,75.3,2,3,0,74.2,2,1,1,2,71.4
6.54,4,1,1,1,1,0,27.0,8.2,95.7,2,3,0,90.6,3,1,0,3,81.09
7.6,4,1,1,1,1,1,44.0,8.5,70.8,3,3,0,109.0,4,1,0,3,74.24
5.38,0,1,1,0,1,0,5.9,5.8,77.0,0,2,2,45.9,2,0,0,3,0.0
9.1,0,1,0,0,0,1,93.3,5.3,73.2,0,2,0,40.2,1,1,2,2,40.25
7.21,1,3,1,0,1,0,85.8,5.0,85.4,3,1,0,67.3,2,1,1,0,56.88
9.8,3,3,0,0,1,0,53.5,8.5,52.6,3,3,0,76.1,1,1,2,3,45.42
6.01,1,1,0,1,0,0,43.6,6.8,86.7,0,3,0,50.3,1,1,2,1,40.36
9.78,4,3,1,0,0,0,67.6,7.4,91.0,2,6,0,84.6,1,1,2,0,54.77
6.18,5,2,1,1,0,0,9.8,5.0,43.7,1,1,0,45.6,2,0,0,3,0.0
5.4,3,1,0,0,0,0,28.5,4.9,66.4,1,5,0,47.0,0,1,2,1,37.7
6.94,5,3,1,1,1,0,93.9,7.4,99.6,1,5,1,90.4,3,1,1,2,67.01
9.1,5,1,0,0,1,1,31.8,7.8,86.2,0,3,0,58.7,2,1,1,3,67.13
7.17,5,1,0,1,0,1,78.0,4.9,76.1,1,4,0,69.5,2,1,1,0,60.22
9.66,2,2,1,0,0,1,98.7,5.5,83.3,1,6,1,74.1,2,1,0,2,92.13
6.18,5,1,1,0,0,1,38.3,6.8,91.3,0,1,0,44.5,2,1,1,1,63.67
6.51,0,3,0,1,0,0,80.3,7.1,47.2,1,2,0,53.5,1,1,2,2,44.28
9.94,5,2,0,0,1,0,65.1,6.6,62.6,0,2,0,43.1,1,1,2,1,43.74
7.52,3,3,1,0,0,1,21.7,6.3,71.9,3,2,0,77.2,2,1,0,1,83.46
5.97,2,1,1,0,0,0,92.7,10.0,78.9,1,5,1,76.8,1,1,2,1,52.38
9.57,0,1,0,1,1,0,32.7,6.5,87.7,1,6,0,76.4,2,1,0,3,76.48
5.37,3,1,1,1,0,0,26.0,6.9,79.6,0,1,1,47.7,2,0,0,3,0.0
8.92,4,3,1,1,1,1,59.5,9.4,76.0,1,5,0,101.9,4,1,0,2,84.2
9.77,0,3,1,0,1,1,55.3,5.1,42.4,1,5,1,75.3,3,1,1,0,64.53
5.84,2,1,1,0,0,0,47.4,7.7,90.3,1,1,1,47.0,1,1,2,3,44.68
7.33,2,2,1,1,0,1,6.7,4.4,66.3,1,5,0,81.7,3,1,0,3,77.93
5.61,0,1,0,0,0,0,11.5,9.6,91.3,3,1,0,59.4,0,1,2,2,44.92
9.98,5,1,1,1,0,1,9.8,9.6,60.9,0,2,1,64.2,3,1,0,1,93.91
6.55,0,2,1,0,1,0,14.8,8.5,67.5,0,2,0,55.4,2,1,0,2,78.23
8.07,0,1,1,1,0,0,33.6,8.2,65.5,1,3,0,71.4,2,1,0,3,72.59
6.67,5,3,1,0,0,0,79.6,7.8,51.4,0,5,1,56.1,1,0,0,3,0.0
8.62,2,2,1,0,1,0,38.5,5.5,72.6,2,6,0,90.8,2,1,0,1,68.6
6.42,1,3,0,0,1,1,11.4,9.3,81.0,0,2,2,56.3,2,0,0,3,0.0
8.24,2,1,0,1,0,1,28.8,5.7,43.5,0,6,0,65.2,2,1,1,2,61.24
6.96,2,1,1,1,1,0,82.3,4.3,57.1,1,4,0,75.4,3,1,3,2,117.96
6.22,4,3,1,1,0,1,95.6,7.1,96.4,1,6,0,95.6,3,1,0,3,78.39
9.32,4,2,1,1,0,0,22.6,5.8,46.1,1,6,1,74.0,2,1,0,1,86.51
5.63,0,2,0,0,0,0,41.6,6.8,48.7,1,5,0,59.6,0,1,2,3,40.75
5.41,0,2,1,1,0,1,57.9,8.2,95.5,1,2,2,74.1,3,1,1,1,64.15
8.69,4,3,1,1,0,1,95.2,6.5,81.9,1,3,0,72.7,3,1,1,3,75.75
5.31,4,2,1,0,0,0,59.2,4.3,66.6,1,3,1,44.5,1,0,0,3,0.0
5.78,2,1,0,1,0,1,42.8,7.8,95.7,2,6,1,98.3,2,1,1,3,67.8
8.05,1,1,1,1,1,1,42.2,4.2,46.8,3,6,0,112.1,4,1,1,0,72.81
5.45,2,1,1,0,0,0,78.1,5.0,58.7,0,5,0,52.7,1,1,2,0,38.89
7.97,4,1,1,0,1,0,61.0,4.6,52.3,2,6,0,85.8,2,1,0,2,91.15
8.82,2,1,1,0,0,0,28.8,4.2,41.0,1,6,0,66.8,1,1,2,2,41.77
9.42,3,2,0,0,0,0,28.9,5.5,56.1,0,6,0,48.7,0,1,2,3,47.59
7.42,4,2,1,1,0,0,96.5,6.6,40.1,2,6,0,88.0,2,1,1,1,73.87
6.66,2,3,1,0,0,0,58.2,9.1,91.8,1,5,3,77.0,1,1,2,1,41.81
7.2,1,3,1,0,0,0,80.2,8.1,61.2,1,6,0,70.0,1,1,2,1,43.37
8.57,5,3,1,1,0,0,19.7,7.4,66.8,1,2,0,59.7,2,1,1,1,60.45
7.99,0,2,1,0,0,1,61.1,4.5,80.0,1,3,1,55.1,2,1,0,3,79.36
7.38,4,3,1,1,1,1,7.7,7.6,76.8,1,6,0,107.7,4,1,1,3,64.23
6.33,3,2,1,0,0,0,55.8,4.6,83.1,3,3,1,64.2,1,1,2,2,48.49
8.59,1,2,1,0,0,1,39.9,6.9,76.3,3,4,1,92.2,2,1,1,1,56.36
7.54,4,2,1,1,1,0,44.9,6.8,59.5,2,1,1,75.7,3,1,1,3,61.85
5.08,5,1,1,0,0,1,65.8,4.2,96.9,1,5,0,69.1,2,1,1,1,48.14
6.54,5,1,1,1,0,0,54.2,7.9,70.8,1,1,0,55.6,2,1,1,3,49.84
8.83,0,1,0,0,1,0,37.1,8.2,89.0,2,1,0,63.8,1,1,2,3,42.4
7.32,1,3,0,0,0,1,37.9,5.8,45.4,0,4,2,50.3,1,0,0,3,0.0
9.3,0,2,1,0,0,0,38.2,7.9,64.1,1,2,0,56.7,1,1,2,3,50.33
9.01,3,3,1,1,0,1,84.6,6.4,53.7,3,5,0,108.7,3,1,1,2,74.79
7.14,3,2,1,1,0,0,55.3,7.4,93.9,2,6,0,87.4,2,1,1,1,56.83
7.33,0,3,0,0,0,0,12.4,4.1,91.6,0,4,0,33.9,0,0,0,3,0.0
6.91,0,3,0,0,0,1,27.1,5.1,53.2,2,1,0,51.0,1,0,0,3,0.0
8.99,1,2,1,1,0,0,82.3,9.2,48.3,1,3,1,72.5,2,1,0,1,72.1
6.45,4,2,1,1,0,1,14.4,8.4,57.6,0,5,3,83.0,3,1,0,0,82.03
7.93,4,3,1,1,0,0,3.7,4.2,79.5,3,3,2,80.6,2,0,0,3,0.0
7.77,0,1,1,1,0,0,10.6,5.5,70.8,3,5,0,89.0,2,1,1,3,51.96
5.09,1,2,1,1,0,0,85.2,8.0,86.9,0,4,0,60.5,2,1,0,1,82.31
6.83,1,2,1,1,1,1,68.8,9.5,82.9,3,3,0,116.5,4,1,0,2,85.94
8.91,3,2,1,1,1,1,56.9,9.3,49.5,0,1,0,76.5,4,1,0,1,83.88
5.07,1,2,0,1,1,1,26.1,7.1,98.5,1,5,0,91.0,3,1,1,1,54.22
6.78,2,3,0,1,0,0,93.2,5.2,84.7,1,5,0,59.5,1,1,2,3,47.85
5.97,1,3,1,1,0,1,13.3,5.9,54.3,0,6,1,78.3,3,1,1,2,51.31
8.17,1,1,1,1,1,1,58.2,9.4,62.6,1,6,0,104.4,4,1,1,3,58.39
9.69,1,2,1,0,1,0,46.3,8.2,89.2,0,4,0,66.1,2,1,0,2,89.96
6.28,2,2,1,0,0,0,24.2,6.3,95.7,0,2,1,36.9,1,0,0,3,0.0
7.16,2,3,0,1,0,0,35.6,6.7,80.8,1,6,0,68.8,1,1,2,1,49.64
5.36,1,1,1,0,0,0,70.4,4.5,97.2,0,6,0,57.2,1,1,2,0,44.87
5.5,1,1,1,0,1,0,23.5,5.8,71.0,2,6,0,92.1,2,1,0,0,83.74
8.98,0,1,1,0,0,0,47.6,6.1,74.7,2,1,0,51.4,1,1,2,3,44.06
9.39,2,2,1,0,0,0,29.7,4.9,92.4,1,6,0,68.1,1,1,2,2,40.8
9.76,2,2,0,1,0,1,48.2,9.6,88.0,0,2,0,56.5,2,1,1,1,52.72
6.82,1,3,1,1,1,1,59.9,4.9,44.4,1,6,1,92.9,4,1,0,2,96.48
5.17,5,3,1,1,0,0,59.5,7.2,79.4,1,4,1,73.2,2,1,1,1,51.56
6.87,4,2,1,1,0,1,90.5,6.8,68.3,0,2,0,59.3,3,1,0,1,70.38
7.31,5,1,1,0,0,0,29.6,7.8,55.4,2,2,2,62.1,1,0,0,3,0.0
8.79,1,2,1,1,1,0,41.1,5.2,91.6,0,5,0,75.5,3,1,0,1,68.63
5.48,1,1,0,1,1,1,74.4,6.3,91.9,2,6,0,102.2,3,1,0,0,90.31
7.58,2,2,1,1,1,0,34.8,9.9,54.6,2,2,0,87.1,3,1,0,3,93.2
6.37,2,1,1,1,0,1,7.1,4.1,96.3,0,6,0,69.7,3,1,0,2,79.63
6.02,2,2,1,0,0,1,63.6,6.7,55.0,2,6,0,94.5,2,1,0,3,96.41
9.43,3,3,1,1,0,0,54.6,9.2,45.8,1,6,2,84.0,2,1,0,2,79.11
6.73,3,3,0,0,0,0,87.5,4.1,81.6,2,1,2,38.9,0,0,0,3,0.0
6.89,5,3,0,1,0,0,2.8,9.7,87.1,0,4,0,60.9,1,0,0,3,0.0
8.88,5,2,0,1,0,0,3.6,9.5,76.3,1,2,0,58.6,1,1,2,3,39.84
6.93,5,2,0,0,1,1,64.3,5.5,54.4,0,3,1,51.4,2,1,0,2,68.16
9.49,4,2,1,1,0,0,32.9,4.8,86.4,3,5,0,89.8,2,1,0,2,68.22
6.76,0,2,1,0,1,0,9.5,8.1,85.3,3,6,0,107.8,2,1,0,1,81.34
5.34,2,1,0,1,0,0,33.2,8.9,98.1,0,2,0,47.0,1,1,2,2,42.96
6.16,4,2,1,1,0,1,41.5,7.2,62.4,1,4,0,79.6,3,1,0,2,73.84
6.78,1,1,0,0,1,1,68.2,7.0,95.3,1,6,0,83.9,2,1,0,3,77.5
6.77,4,1,0,1,0,1,77.3,7.5,49.3,1,5,0,80.8,2,1,0,2,87.57
7.97,2,2,1,0,1,1,46.5,6.7,70.1,2,1,0,76.1,3,1,0,1,66.63
7.59,3,2,0,0,0,1,54.2,5.1,41.0,1,4,0,53.3,1,1,2,3,44.67
8.75,3,3,1,1,0,0,42.7,9.8,92.9,1,3,0,75.6,2,1,1,2,52.93
9.58,2,1,1,0,1,0,49.0,6.5,83.5,0,1,0,46.7,2,1,0,2,71.16
5.3,0,1,1,0,0,1,48.8,7.6,83.9,1,5,0,80.8,2,1,1,0,66.6
9.89,3,3,1,1,0,0,1.1,4.3,80.3,3,2,2,75.3,2,0,0,3,0.0
7.08,2,3,1,1,0,0,47.2,9.8,98.3,0,2,0,55.0,2,1,1,0,47.79
9.85,3,3,0,0,1,1,97.9,6.9,45.2,2,3,1,80.3,2,1,0,3,70.26
8.38,3,2,1,0,1,0,30.8,7.1,66.5,3,5,0,97.0,2,1,0,1,76.86
5.24,2,1,1,0,0,0,88.6,4.8,96.3,2,6,0,72.0,1,1,2,0,44.32
7.04,4,2,0,1,0,1,19.6,8.9,64.9,0,4,0,64.0,2,1,1,0,67.29
7.58,2,1,1,1,0,0,25.0,10.0,84.9,0,4,2,68.3,2,1,1,1,65.06
7.8,2,2,1,1,0,0,1.8,6.6,56.4,2,2,0,65.4,2,1,0,3,77.61
6.87,4,3,0,0,1,1,55.6,5.4,94.7,3,5,0,89.3,2,1,1,1,66.61
7.29,1,3,0,1,0,1,39.2,4.8,56.3,0,3,0,51.2,2,0,0,3,0.0
7.82,2,1,1,1,1,0,54.1,4.7,90.5,2,1,0,67.2,3,1,1,1,73.46
9.22,1,3,1,0,0,0,11.2,8.4,44.2,1,3,0,58.3,1,1,2,1,44.72
9.73,4,1,1,0,0,1,20.0,4.5,58.7,2,2,0,66.3,2,1,1,2,53.26
8.69,0,2,1,1,1,1,98.6,7.9,45.5,0,5,0,89.3,4,1,0,1,96.16
6.37,3,2,0,1,1,1,83.1,8.9,95.9,1,3,0,79.3,3,1,0,0,96.05
5.54,4,1,1,0,0,1,88.6,8.2,96.0,3,2,0,89.6,2,1,0,2,72.84
6.52,1,2,0,1,0,0,94.3,8.1,93.6,0,5,0,63.0,1,1,2,0,46.12
9.55,4,2,0,1,0,0,75.0,5.0,85.8,0,4,0,41.5,1,1,2,3,42.62
9.04,5,1,1,0,1,0,85.9,7.0,52.5,1,3,0,66.0,2,1,0,0,85.5
5.59,0,1,1,0,0,0,74.3,5.0,81.4,2,4,0,67.7,1,1,2,3,47.79
8.07,3,1,0,1,1,0,78.1,9.5,54.6,1,4,2,79.4,2,1,0,3,93.16
5.85,2,1,1,1,0,0,16.6,7.9,54.3,1,3,0,65.2,2,1,1,2,57.38
9.23,1,3,1,0,0,1,7.2,9.7,66.0,1,3,0,71.6,2,1,0,0,80.52
5.13,1,3,1,0,0,0,38.2,6.5,94.2,2,1,0,56.4,1,1,2,0,50.15
9.05,3,2,0,1,1,1,92.5,7.1,79.3,0,5,0,77.3,3,1,0,1,78.58
9.01,5,3,1,1,0,1,72.5,4.2,47.1,0,6,3,75.1,3,0,0,3,0.0
9.73,3,2,1,0,0,1,91.8,6.1,67.7,2,4,0,78.6,2,1,0,2,77.82
5.69,1,2,0,1,0,1,80.9,9.4,58.3,1,5,0,81.5,2,1,0,2,76.73
5.68,4,3,1,1,0,0,3.5,5.6,51.4,1,3,0,57.9,2,0,0,3,0.0
5.8,5,1,1,1,1,0,30.9,5.5,86.9,1,6,0,83.8,3,1,0,0,86.62
8.52,0,2,1,0,1,0,58.3,6.7,44.9,1,1,0,55.7,2,1,0,1,86.4
8.97,3,2,1,1,1,0,41.0,7.2,72.5,2,4,0,94.0,3,1,1,2,67.99
6.01,2,1,0,1,1,0,25.0,6.3,51.0,1,5,1,78.9,2,1,1,1,68.48
8.34,5,3,0,1,0,0,89.3,9.2,58.7,1,6,0,79.8,1,1,2,1,39.4
6.07,2,1,1,0,0,1,9.0,9.7,91.4,2,4,0,91.4,2,1,1,2,50.47
8.88,0,3,1,1,0,1,1.9,8.2,95.0,1,3,0,83.9,3,1,1,3,71.73
7.54,1,3,0,0,1,0,91.8,8.0,65.3,1,6,1,73.8,1,1,2,2,46.44
7.07,5,2,1,0,1,1,54.1,6.4,84.5,1,2,0,72.5,3,1,0,1,91.53
6.26,3,2,0,0,0,1,99.6,4.3,86.7,0,3,0,41.6,1,1,2,2,39.83
9.53,1,2,0,0,1,0,93.3,9.6,67.7,1,2,0,54.8,1,1,2,3,43.0
5.93,4,3,0,1,0,0,75.1,4.3,52.2,0,4,0,45.8,1,0,0,3,0.0
9.87,3,2,0,1,0,0,51.9,6.0,59.5,1,4,0,55.8,1,1,2,3,46.11
8.05,2,1,0,0,1,1,51.1,6.3,69.0,0,6,0,68.8,2,1,0,0,73.29
9.11,2,2,1,1,0,1,53.8,7.5,93.8,3,3,0,101.7,3,1,0,0,80.27
9.07,3,3,1,1,0,1,12.3,4.6,75.0,0,5,0,67.9,3,1,0,2,77.25
5.76,4,3,1,0,0,0,57.4,4.9,85.3,1,2,0,41.2,1,1,2,3,42.53
6.78,1,2,0,0,0,0,89.7,8.8,41.7,2,4,0,68.9,0,1,2,3,41.5
7.43,2,1,0,1,0,0,0.2,8.9,69.6,1,2,0,55.2,1,1,2,3,42.57
5.58,1,2,1,1,0,0,26.1,7.9,96.7,1,1,0,59.6,2,1,1,1,50.07
5.87,5,3,1,1,1,1,10.4,5.8,70.4,0,1,1,64.9,4,0,0,3,0.0
8.83,0,1,1,0,0,0,21.8,5.5,96.5,1,6,0,66.1,1,1,2,1,40.74
7.37,2,2,1,1,0,1,93.1,7.5,58.0,2,1,0,74.0,3,1,0,0,86.01
8.3,0,3,1,0,1,0,27.8,7.9,86.2,3,5,0,98.7,2,1,0,3,97.86
6.46,0,1,1,0,0,0,90.3,6.8,65.1,1,1,0,41.6,1,1,2,3,47.88
9.39,1,2,1,0,0,0,2.8,6.4,87.1,1,4,0,60.3,1,1,2,3,43.52
6.74,4,3,0,0,0,0,77.8,5.3,96.8,1,5,2,50.5,0,0,0,3,0.0
5.93,3,3,0,1,0,0,69.4,4.0,90.3,0,6,0,47.7,1,1,2,1,37.95
6.53,4,1,1,1,0,0,29.6,8.0,73.0,3,6,0,100.2,2,1,0,3,75.63
5.27,2,3,1,1,0,0,87.1,9.8,72.9,0,4,1,68.5,2,1,0,3,80.71
9.53,0,2,1,0,1,0,0.7,8.6,50.7,0,2,0,57.6,2,1,0,0,83.5
7.31,3,3,1,0,0,1,85.3,4.8,95.8,0,6,0,61.3,2,1,1,3,68.62
7.7,4,1,1,0,0,0,75.3,8.9,57.0,2,1,0,66.1,1,1,2,2,49.44
8.81,4,2,1,0,0,1,84.7,6.7,79.9,2,3,0,79.7,2,1,1,0,62.78
6.47,1,3,0,1,0,0,85.2,6.7,96.9,0,2,2,35.5,1,0,0,3,0.0
6.87,3,1,0,1,0,1,99.5,5.9,70.5,1,2,0,62.7,2,1,1,0,55.39
6.88,3,1,0,1,1,0,9.0,4.2,53.1,2,4,0,75.0,2,1,0,3,84.25
9.46,1,3,1,1,0,1,84.0,5.9,49.8,1,4,2,75.4,3,1,1,1,53.36
7.2,0,1,1,0,0,0,57.4,6.4,91.0,1,3,0,55.7,1,1,2,0,40.26
6.64,3,1,0,1,0,1,64.0,8.3,45.5,0,4,0,66.4,2,1,0,0,72.37
5.33,5,2,1,0,0,0,89.8,7.7,87.3,1,4,1,60.0,1,1,2,3,50.55
5.63,2,3,1,1,0,0,58.9,6.2,95.5,0,3,0,49.4,2,1,1,3,51.77
9.19,1,1,0,1,0,0,13.1,4.6,65.9,0,4,0,47.6,1,0,0,3,0.0
7.53,2,3,0,1,0,1,13.9,5.0,68.2,3,4,0,89.6,2,1,1,2,59.41
8.22,2,1,0,0,0,0,54.9,6.7,47.3,1,4,0,52.1,0,1,2,2,39.0
8.21,4,2,0,1,1,0,85.9,6.1,69.4,0,6,1,68.3,2,1,0,3,81.65
6.87,1,1,0,1,0,1,20.6,6.6,50.8,1,2,0,62.0,2,1,1,0,59.2
9.44,4,1,1,0,0,1,50.9,4.9,95.3,0,1,1,43.1,2,1,0,0,81.7
6.75,2,2,0,0,0,0,77.9,4.8,48.0,0,3,0,30.3,0,0,0,3,0.0
9.84,1,2,1,0,0,1,17.6,9.6,44.6,1,1,2,64.9,2,0,0,3,0.0
7.56,0,2,1,1,1,1,32.0,6.8,93.1,2,4,0,96.1,4,1,0,0,83.43
9.73,5,3,1,1,0,0,93.1,5.6,92.2,1,1,1,51.7,2,1,0,2,95.5
6.87,5,1,1,1,1,1,61.7,9.2,64.2,0,3,1,78.3,4,1,1,1,54.67
5.54,0,3,0,1,0,0,60.6,9.6,84.2,0,5,0,62.5,1,1,2,1,49.51
9.94,5,2,0,1,0,0,89.0,4.7,56.2,1,5,0,63.6,1,1,2,0,41.71
6.23,1,2,1,0,0,0,30.1,8.7,66.3,0,2,0,44.1,1,1,2,0,44.89
5.84,1,3,0,0,0,0,92.9,4.1,61.9,2,3,1,43.4,0,0,0,3,0.0
7.02,1,2,1,1,0,1,6.1,5.7,81.6,0,4,0,69.3,3,1,1,2,56.58
7.23,5,3,1,0,0,1,81.9,5.8,75.8,1,6,0,78.0,2,1,1,0,55.82
5.63,4,1,1,1,0,1,8.3,8.6,69.4,0,4,0,77.5,3,1,1,1,67.35
7.46,5,2,1,1,1,1,97.9,5.5,51.0,1,1,0,73.6,4,1,1,0,67.59
5.83,3,2,1,1,1,1,6.1,7.8,56.5,2,2,1,92.3,4,1,0,0,81.02
7.31,4,1,1,1,1,0,88.4,6.4,81.7,0,4,0,70.7,3,1,3,1,116.48
7.31,4,3,0,0,0,0,25.7,6.0,76.6,3,2,0,56.3,0,1,2,1,39.71
5.07,4,3,0,1,0,0,66.1,5.4,56.8,1,3,1,50.3,1,0,0,3,0.0
9.3,5,3,1,0,0,0,87.1,9.3,59.3,1,4,0,71.4,1,1,2,2,41.29
8.56,3,2,1,0,0,0,26.1,5.9,71.2,2,2,0,57.2,1,1,2,2,52.09
7.16,0,1,1,1,0,0,88.3,6.3,56.7,0,3,0,52.4,2,1,0,2,83.08
7.42,3,2,1,0,1,0,63.2,9.5,88.6,1,1,0,62.2,2,1,0,0,83.36
8.79,1,2,1,0,1,1,36.4,7.5,81.3,2,2,0,84.9,3,1,0,1,83.46
8.89,3,3,0,0,1,1,17.9,6.5,89.5,0,5,1,68.6,2,0,0,3,0.0
5.06,5,2,1,1,1,1,39.8,7.2,72.4,0,6,0,94.3,4,1,0,1,94.32
5.56,1,2,1,1,1,1,85.9,6.4,78.2,1,2,0,79.3,4,1,1,2,62.96
9.05,1,1,1,0,0,1,70.3,7.0,58.4,1,1,0,60.2,2,1,0,1,76.17
5.21,4,3,0,1,0,1,32.1,9.5,79.7,1,5,0,86.5,2,1,1,1,62.21
6.74,1,1,1,0,1,0,63.0,7.0,71.2,2,1,1,68.1,2,1,0,0,75.21
8.95,4,1,0,1,1,0,1.0,7.3,94.8,0,2,0,49.0,2,1,1,1,66.46
7.37,0,2,0,1,0,0,25.6,9.7,83.8,0,2,1,51.8,1,1,2,2,43.4
6.93,0,1,0,0,0,0,55.9,4.4,75.3,0,2,0,22.3,0,1,2,3,39.45
5.34,3,1,1,0,0,1,12.9,9.8,41.4,0,2,0,62.2,2,1,0,1,83.57
6.43,0,1,0,0,0,0,46.2,5.2,54.2,3,1,0,46.0,0,1,2,2,46.87
8.0,3,1,0,1,1,0,7.9,5.2,66.3,1,4,0,70.1,2,1,0,0,82.65
8.31,0,1,0,1,0,0,77.4,9.6,45.2,2,4,0,75.3,1,1,2,0,46.28
8.97,1,1,1,0,0,0,27.5,9.9,72.6,2,3,2,77.2,1,1,2,2,48.95
5.6,0,3,0,1,0,0,22.9,7.9,93.3,0,3,0,51.5,1,0,0,3,0.0
8.95,4,3,1,1,0,0,87.5,7.1,51.4,3,1,0,80.2,2,1,1,1,65.59
7.91,4,3,1,1,1,1,77.6,8.5,79.0,2,1,1,95.2,4,1,0,0,73.59
6.55,0,1,0,1,0,1,5.1,5.7,61.3,2,3,1,76.6,2,1,0,1,70.28
8.81,1,2,0,0,1,0,75.9,6.2,79.8,0,3,0,43.0,1,1,2,0,45.51
8.15,2,1,1,0,0,0,40.5,5.7,70.5,0,3,1,45.1,1,1,2,1,43.88
5.72,5,3,1,0,0,1,63.7,9.3,57.8,2,6,0,101.0,2,1,0,2,71.5
7.15,0,3,0,1,1,0,60.6,5.0,49.7,1,5,1,67.6,2,1,1,2,52.89
5.73,5,1,0,0,1,1,0.2,9.2,44.7,1,6,0,90.6,2,1,0,1,75.72
8.86,2,1,1,1,0,0,38.2,4.2,51.8,0,1,0,38.2,2,1,0,2,71.28
8.25,1,1,1,0,0,1,86.9,8.5,81.8,0,4,0,67.6,2,1,1,1,71.52
7.22,5,3,1,0,0,1,67.3,7.6,66.8,1,2,0,63.9,2,1,0,3,67.49
8.45,2,3,0,1,0,1,19.7,4.8,71.5,3,6,0,96.3,2,1,0,1,91.52
7.55,3,3,1,1,1,1,23.5,5.6,98.9,0,3,0,67.4,4,1,1,2,62.96
8.12,4,2,1,1,0,0,16.7,5.5,51.3,0,5,0,62.6,2,1,0,3,68.2
6.24,3,1,1,1,0,0,73.2,8.2,97.9,0,4,1,67.3,2,1,0,1,86.71
9.82,3,1,0,0,1,0,9.4,7.0,51.4,1,3,0,53.3,1,1,2,0,40.22
5.89,0,2,1,1,0,0,24.3,5.2,79.5,2,4,0,71.7,2,1,1,2,59.61
6.42,5,1,1,1,0,0,31.2,5.0,88.2,0,2,1,48.8,2,1,1,3,61.88
9.97,2,3,1,1,1,1,94.4,6.5,87.0,0,5,1,86.7,4,1,0,0,84.35
5.73,5,3,1,1,0,0,34.4,8.3,76.6,0,6,0,76.6,2,1,1,2,49.9
7.71,0,2,0,0,0,1,4.1,8.2,79.3,0,2,2,42.6,1,0,0,3,0.0
8.41,3,1,0,1,0,1,44.8,10.0,63.1,0,5,3,73.6,2,0,0,3,0.0
6.74,3,2,1,0,0,0,92.2,9.6,87.1,0,3,0,51.2,1,1,2,3,48.07
6.83,5,3,1,0,0,1,64.8,6.0,85.7,1,4,2,65.0,2,1,0,0,86.55
9.67,1,2,1,0,0,1,39.9,8.4,48.3,0,1,0,45.4,2,1,0,1,91.8
8.04,5,2,1,1,1,1,2.9,9.7,91.7,3,6,0,131.1,4,1,1,0,66.56
8.33,3,1,1,0,0,1,19.6,7.9,43.0,3,3,0,93.2,2,1,0,2,75.33
7.62,3,3,0,0,0,1,36.4,4.9,69.8,0,6,0,56.6,1,1,2,0,39.62
9.75,4,1,1,0,1,1,21.3,6.7,74.7,0,5,0,71.5,3,1,0,3,69.91
6.54,1,1,1,1,0,0,94.2,9.7,65.1,1,5,0,80.6,2,1,1,3,68.51
9.4,3,3,1,1,1,1,13.3,7.1,78.2,2,1,1,89.3,4,1,0,2,87.11
7.77,0,1,1,1,0,0,8.9,8.4,85.8,1,4,0,72.0,2,1,0,3,71.16
9.02,3,3,1,1,1,1,33.1,7.7,72.6,1,5,0,99.8,4,1,0,2,86.08
6.84,1,1,0,0,0,0,59.3,7.0,59.1,0,3,0,37.5,0,1,2,2,47.38
8.23,2,1,0,0,0,0,43.6,9.4,84.6,3,5,2,87.6,0,1,2,0,47.12
7.44,4,3,1,1,0,0,43.0,5.4,63.5,0,5,0,65.0,2,1,1,3,59.49
9.12,0,1,1,0,0,1,23.6,9.5,80.0,1,5,0,79.9,2,1,0,3,90.56
8.71,1,2,0,0,0,0,44.3,5.8,69.9,1,5,0,49.5,0,1,2,0,34.83
8.79,1,3,1,1,1,1,48.0,6.0,77.9,1,5,0,89.9,4,1,0,0,84.98
6.41,1,2,1,1,1,0,73.5,9.5,65.4,0,6,0,87.4,3,1,0,0,96.54
7.99,3,3,0,1,1,0,47.6,9.9,67.2,3,5,0,101.5,2,1,0,3,69.89
5.48,3,3,0,1,0,1,10.3,9.6,45.2,1,3,0,72.5,2,1,0,0,61.94
6.53,4,2,1,0,0,0,94.4,6.6,42.9,2,5,1,76.3,1,1,2,2,50.32
8.96,0,2,0,1,0,0,31.8,4.7,78.8,1,1,0,39.5,1,0,0,3,0.0
9.65,3,2,0,0,0,0,79.1,5.7,54.7,3,3,0,63.1,0,1,2,1,50.61
5.01,1,1,1,1,0,0,99.4,9.2,48.0,1,1,1,60.4,2,1,0,2,80.0
7.06,0,3,1,1,0,1,86.4,4.9,49.7,1,2,0,64.4,3,1,0,2,96.05
5.96,0,2,0,0,1,1,55.2,8.2,84.9,0,5,0,65.5,2,1,1,2,56.55
9.41,4,2,1,1,0,0,45.5,5.8,96.0,3,5,0,88.4,2,1,0,0,68.45
5.64,4,2,1,1,0,1,35.7,8.3,94.3,1,6,2,96.0,3,1,1,2,64.59
8.76,0,3,1,1,1,1,71.2,9.7,98.0,2,2,0,102.0,4,1,1,3,64.88
8.36,3,1,0,0,0,0,18.7,7.9,83.5,0,1,2,27.2,0,0,0,3,0.0
6.52,2,3,0,0,0,1,51.7,6.3,73.7,2,1,0,50.5,1,0,0,3,0.0
7.59,3,2,1,0,0,0,94.1,5.3,75.5,1,4,0,55.5,1,1,2,0,51.06
5.0,5,2,1,1,0,1,33.3,7.7,83.3,0,4,0,76.5,3,1,1,2,62.87
9.68,0,2,1,1,0,1,13.5,9.4,42.5,1,3,0,86.9,3,1,0,2,95.04
7.5,3,2,0,1,0,0,24.6,7.2,42.7,2,6,0,83.4,1,1,2,0,44.85
7.24,3,2,1,0,0,0,69.3,9.8,87.4,0,1,1,41.0,1,1,2,3,52.1
5.13,0,1,1,0,1,0,38.6,4.6,60.6,3,6,1,89.4,2,1,1,1,64.58
9.33,5,3,0,0,0,1,80.5,5.1,56.8,2,3,1,58.3,1,1,2,0,50.75
7.06,1,1,1,0,0,0,88.4,9.4,83.4,0,5,0,59.0,1,1,2,3,45.59
7.9,3,1,1,1,0,1,30.5,6.6,63.6,0,4,0,69.9,3,1,0,0,89.85
9.45,1,2,1,0,1,1,47.1,5.5,53.4,2,6,3,98.7,3,1,1,3,64.95
8.79,0,3,1,1,1,1,67.6,9.2,81.4,0,1,0,69.7,4,1,0,3,76.18
5.76,1,3,0,1,1,0,89.9,7.5,53.6,2,1,0,72.4,2,1,1,3,62.76
6.29,3,3,1,0,0,0,48.0,8.0,71.0,2,6,0,81.1,1,1,2,1,43.22
5.43,5,1,1,0,1,0,97.4,7.9,64.4,1,3,0,65.2,2,1,0,3,67.92
9.63,2,2,1,1,0,0,12.1,9.5,90.2,1,1,0,67.7,2,1,0,3,79.27
8.88,5,3,1,1,0,0,27.3,5.8,84.4,0,6,0,66.2,2,1,0,0,70.19
8.7,2,2,1,1,1,1,20.2,10.0,68.5,2,4,0,105.6,4,1,0,2,82.12
9.6,0,3,1,0,0,1,57.4,9.8,94.5,1,4,0,75.1,2,1,0,2,91.07
7.49,4,2,1,0,0,1,6.8,6.2,74.3,1,1,0,50.7,2,1,1,0,58.74
6.15,1,3,1,0,0,0,18.6,5.6,77.6,0,6,0,55.0,1,0,0,3,0.0
8.15,0,3,0,0,0,1,39.9,6.5,68.1,2,3,0,61.6,1,1,2,0,42.92
6.42,3,1,1,0,1,0,97.9,9.8,88.0,3,1,0,81.6,2,1,1,3,76.13
6.49,2,2,0,0,1,0,45.2,7.4,93.6,0,2,1,38.0,1,0,0,3,0.0
6.65,3,2,1,0,0,1,13.2,4.8,42.1,2,5,0,82.2,2,1,0,2,82.3
7.77,1,1,0,0,0,0,86.9,6.1,65.0,0,1,0,22.8,0,1,2,1,40.66
6.79,4,3,1,0,0,0,17.4,5.5,93.4,1,3,1,55.5,1,0,0,3,0.0
9.64,2,3,1,0,1,0,97.4,8.9,66.4,1,5,0,76.8,2,1,0,2,78.53
8.12,1,1,0,1,0,1,78.0,6.3,94.6,0,6,0,66.1,2,1,0,0,69.89
5.84,0,2,0,1,1,1,10.1,9.4,95.4,0,1,0,60.9,3,1,0,1,63.81
8.94,0,3,1,1,0,0,69.7,5.1,45.5,0,5,1,58.7,2,0,0,3,0.0
7.16,2,1,1,0,1,1,2.4,6.3,81.3,0,1,0,51.6,3,1,1,3,58.2
6.08,1,2,1,1,1,1,40.2,4.7,77.8,1,1,0,73.5,4,1,0,3,84.16
9.59,2,1,1,0,0,1,50.0,8.4,56.2,0,1,0,48.6,2,1,1,3,65.69
9.65,5,1,1,0,0,0,33.3,8.5,91.0,1,4,0,66.5,1,1,2,0,42.12
7.13,3,3,1,0,1,0,67.9,8.0,94.6,0,1,0,49.6,2,1,1,3,52.73
7.74,2,3,0,1,0,0,32.5,10.0,91.3,2,4,0,75.7,1,1,2,2,51.48
9.94,3,1,1,0,0,1,37.1,4.9,56.7,1,1,0,49.3,2,1,0,1,72.21
7.44,2,2,0,0,0,1,69.5,9.2,80.1,0,1,0,43.8,1,1,2,0,50.14
6.0,4,3,0,1,0,1,53.4,6.5,66.4,3,5,0,99.2,2,1,1,0,68.15
9.87,2,2,0,1,0,0,90.4,6.1,45.2,0,6,3,54.2,1,0,0,3,0.0
8.5,4,2,1,1,0,0,33.8,5.4,91.0,0,4,0,56.7,2,1,0,2,70.16
8.71,5,1,1,1,0,1,91.9,7.9,89.2,1,4,0,78.9,3,1,3,0,96.25
6.73,2,1,1,1,0,1,30.0,9.1,52.7,2,5,0,98.9,3,1,0,0,81.87
8.9,5,2,0,1,0,1,35.3,7.0,62.3,1,3,2,67.6,2,1,0,1,76.54
6.88,5,3,1,1,0,0,42.7,7.8,88.4,2,2,0,71.3,2,1,1,2,69.6
5.84,1,3,1,0,0,0,23.9,8.4,94.3,3,4,0,81.5,1,1,2,2,44.83
8.42,5,2,0,0,0,0,82.9,9.0,47.0,2,6,0,76.4,0,1,2,0,46.9
7.03,0,3,1,1,0,1,87.9,8.8,81.5,2,5,2,98.5,3,1,0,3,75.52
5.91,3,1,1,1,0,0,10.3,8.9,62.8,0,2,0,52.4,2,1,1,0,51.52
7.49,0,3,1,0,0,1,56.0,9.4,88.9,3,6,1,103.7,2,1,1,0,71.9
7.4,5,2,0,0,1,0,43.5,9.3,48.9,0,2,0,44.4,1,0,0,3,0.0
7.5,3,3,1,0,0,0,82.3,4.2,92.1,0,6,0,48.2,1,1,2,0,42.88
7.4,4,2,1,1,0,0,70.4,6.0,51.6,1,5,0,68.6,2,1,1,3,66.9
6.45,2,3,1,1,1,0,60.7,8.3,53.6,1,6,0,96.2,3,1,0,3,86.72
7.49,1,3,1,0,0,0,53.7,4.3,40.7,0,4,0,38.3,1,0,0,3,0.0
7.35,4,1,0,1,0,1,15.9,6.3,65.0,2,6,0,93.6,2,1,0,1,68.08
7.98,5,2,1,1,0,1,62.3,6.1,42.2,2,3,0,87.1,3,1,1,1,60.81
7.91,1,3,1,1,0,1,54.4,6.7,62.3,0,3,1,68.0,3,1,0,3,86.02
6.88,2,3,0,1,0,1,3.4,4.1,67.1,1,3,1,55.3,2,0,0,3,0.0
6.94,5,3,0,1,1,0,69.5,5.8,79.4,2,5,3,86.6,2,0,0,3,0.0
7.75,3,3,1,0,0,0,2.9,8.7,67.4,1,3,0,61.0,1,1,2,2,48.35
5.8,5,1,1,1,0,0,6.4,9.9,78.5,1,1,2,62.8,2,1,1,0,50.51
5.16,3,1,0,1,0,0,24.8,6.5,44.6,2,3,0,60.4,1,1,2,1,41.02
6.67,4,3,1,0,0,0,79.4,9.7,48.9,1,1,3,58.3,1,0,0,3,0.0
6.1,1,2,1,1,0,1,79.6,5.3,64.3,3,3,0,93.8,3,1,1,3,67.4
7.58,3,2,1,0,1,1,7.7,4.7,93.4,2,2,1,70.9,3,1,1,2,53.44
5.41,1,1,0,1,0,0,55.7,5.2,54.1,0,2,0,32.7,1,0,0,3,0.0
7.92,3,2,1,1,1,1,15.3,6.8,74.9,0,4,0,84.1,4,1,0,0,88.96
9.86,1,1,0,1,0,1,98.0,7.2,81.1,0,4,0,64.2,2,1,0,0,74.67
6.73,1,3,1,1,0,0,80.7,7.9,58.0,1,4,0,75.4,2,1,0,1,89.98
6.45,3,1,0,1,0,1,48.0,9.5,78.5,0,3,1,63.3,2,1,1,2,64.7
6.16,4,1,0,1,0,1,95.9,8.9,75.9,0,5,0,76.2,2,1,0,2,75.07
7.39,4,2,0,0,1,1,55.9,7.8,53.3,2,1,2,72.5,2,1,1,3,55.67
9.37,3,3,0,0,1,0,55.1,7.4,85.8,2,1,1,61.3,1,1,2,3,47.28
8.36,3,3,1,1,0,0,72.0,7.7,85.2,1,4,0,68.9,2,1,0,2,66.78
6.5,4,1,0,1,1,1,25.3,8.6,96.2,3,3,0,105.1,3,1,1,0,57.63
7.03,4,1,1,1,0,0,1.1,8.1,91.2,1,1,0,58.2,2,1,0,0,67.82
9.91,2,3,1,1,1,0,56.3,8.4,70.8,1,6,0,93.1,3,1,0,1,77.02
7.44,1,1,1,1,0,1,9.1,9.2,80.8,3,6,0,117.2,3,1,0,3,83.94
6.06,0,1,0,1,0,0,45.2,5.0,66.8,0,6,1,59.9,1,1,2,2,44.28
7.0,2,3,1,0,0,0,78.4,9.9,43.9,2,3,1,76.3,1,1,2,0,43.79
9.67,0,2,1,1,0,0,10.4,9.3,48.2,0,3,0,61.9,2,1,1,0,53.1
6.2,1,3,1,0,0,0,25.0,9.9,65.7,1,2,3,57.9,1,0,0,3,0.0
6.73,0,2,0,1,0,0,67.5,9.3,85.4,2,1,0,67.8,1,1,2,1,41.39
5.2,4,1,0,1,1,0,40.2,6.1,78.7,0,6,2,66.3,2,1,1,2,60.3
9.64,5,3,1,0,1,0,46.2,8.6,98.2,0,3,0,56.2,2,1,1,0,66.0
8.0,3,1,0,0,1,0,34.9,5.2,75.7,2,5,0,74.0,1,1,2,1,43.21
9.68,5,1,1,1,0,0,14.8,8.3,69.6,1,3,0,66.4,2,1,0,0,76.51
7.92,2,3,1,0,1,0,69.1,6.4,62.6,1,3,2,66.2,2,1,0,3,78.52
5.33,1,3,1,1,0,1,99.4,5.0,84.9,1,6,0,82.6,3,1,1,1,68.12
6.28,3,1,1,1,0,1,17.2,9.4,78.5,0,1,0,65.8,3,1,0,1,66.33
7.55,0,1,0,0,0,0,45.8,6.9,75.0,1,5,0,54.9,0,1,2,1,44.24
7.92,2,2,1,1,1,0,31.8,5.9,79.4,1,5,0,80.0,3,1,0,3,67.92
7.86,2,3,1,0,0,1,96.1,4.2,80.6,0,2,2,39.6,2,0,0,3,0.0
8.5,0,2,1,1,0,0,36.4,4.5,58.7,0,2,0,44.7,2,0,0,3,0.0
9.19,5,2,0,0,0,1,81.3,7.4,51.4,0,6,0,60.1,1,1,2,2,50.12
6.97,2,3,1,0,0,0,55.7,4.2,79.3,2,4,0,58.6,1,1,2,3,47.05
7.68,3,3,1,0,1,0,90.0,5.2,40.6,0,5,0,64.2,2,1,0,1,83.68
6.33,2,1,1,1,0,0,55.4,6.9,96.7,0,1,0,45.8,2,1,0,0,74.43
8.67,3,3,1,0,0,1,11.6,9.5,54.7,2,6,0,98.7,2,1,0,0,76.33
7.4,2,1,1,0,0,1,75.3,4.1,88.7,3,1,0,67.7,2,1,0,2,87.28
8.37,1,3,0,1,0,1,13.2,4.1,48.2,0,5,1,56.1,2,0,0,3,0.0
6.36,0,3,1,0,1,1,41.3,7.5,96.0,1,4,2,83.9,3,1,1,1,58.5
6.15,2,3,1,0,0,0,31.0,4.7,89.4,1,6,2,62.3,1,0,0,3,0.0
5.55,3,2,0,1,0,1,92.8,4.4,42.8,0,4,0,48.5,2,1,1,0,55.46
9.28,1,1,0,0,0,1,75.8,8.3,42.6,1,6,0,70.6,1,1,2,1,42.07
9.65,3,2,0,0,0,0,60.0,5.6,41.6,3,2,0,56.4,0,1,2,2,37.73
8.78,3,2,1,1,0,1,7.8,7.8,61.6,0,1,0,62.9,3,1,0,0,87.72
7.01,0,1,1,1,0,1,30.6,8.6,47.5,0,4,3,71.2,3,1,0,0,64.71
6.22,4,1,1,0,0,1,74.8,9.1,88.3,1,6,1,84.4,2,1,0,3,68.63
8.38,1,2,1,0,0,0,97.5,8.9,85.7,0,4,1,53.1,1,1,2,3,42.36
6.64,0,2,0,1,0,0,85.9,9.1,53.0,1,5,0,76.7,1,1,2,2,44.29
7.47,3,2,1,1,0,0,9.0,4.3,66.3,0,2,1,38.3,2,0,0,3,0.0
9.31,1,2,1,1,0,0,11.0,4.8,50.7,2,3,1,72.9,2,0,0,3,0.0
6.05,2,3,0,1,0,0,95.7,9.6,66.4,0,1,0,46.0,1,0,0,3,0.0
8.78,3,1,0,0,0,1,85.0,5.3,45.7,2,1,0,46.2,1,1,2,1,49.62
8.83,1,2,1,0,1,0,35.2,9.1,74.5,0,1,0,57.3,2,1,0,2,73.16
9.63,2,2,1,0,1,1,22.8,7.7,55.3,2,3,0,85.5,3,1,0,0,80.72
9.98,3,3,1,0,0,0,1.9,6.8,79.6,1,6,0,67.2,1,1,2,2,42.83
8.31,0,3,1,0,0,1,17.7,6.2,47.4,1,3,0,67.5,2,1,0,1,70.15
7.13,1,2,0,0,0,1,7.2,6.1,73.4,2,5,0,73.3,1,1,2,1,40.17
5.56,0,2,1,0,0,0,20.1,4.1,49.1,2,1,1,47.9,1,0,0,3,0.0
7.92,4,3,1,0,0,0,62.5,6.7,48.8,0,6,0,64.5,1,1,2,0,43.53
7.65,2,3,1,1,1,0,18.5,6.8,70.3,1,4,0,84.6,3,1,1,2,64.39
5.89,0,1,1,1,0,0,48.1,5.4,55.0,0,2,0,48.1,2,1,1,1,48.22
5.14,5,3,0,1,1,1,11.6,7.2,44.6,0,4,0,75.5,3,0,0,3,0.0
8.15,1,1,1,0,1,0,90.5,9.7,96.9,2,5,0,97.6,2,1,0,3,78.49
5.04,2,2,1,0,0,1,24.8,6.4,72.6,0,2,2,45.3,2,0,0,3,0.0
9.41,3,3,1,0,0,1,2.3,6.7,60.0,1,4,0,73.4,2,1,0,1,83.58
9.22,2,1,1,1,0,1,56.9,9.8,62.6,0,3,0,72.8,3,1,1,0,57.25
9.46,2,1,1,0,1,0,93.6,8.4,69.7,2,1,0,73.4,2,1,1,2,56.99
9.05,3,2,0,0,0,0,98.0,6.7,91.7,2,3,1,52.6,0,1,2,1,42.82
6.75,3,2,1,0,0,1,32.7,7.1,87.7,1,6,0,83.5,2,1,1,1,62.36
5.6,0,1,1,1,0,1,86.5,8.4,79.9,2,1,0,75.6,3,1,0,1,76.77
8.46,0,2,1,1,0,0,91.7,4.1,43.2,1,4,0,64.3,2,1,0,1,77.74
9.88,2,3,1,1,0,0,20.4,5.8,55.1,0,5,0,63.6,2,1,0,1,76.59
9.27,0,2,1,1,0,0,85.1,6.3,50.8,0,5,0,66.0,2,1,1,3,53.91
7.62,5,2,1,1,0,1,44.3,7.1,83.3,0,2,1,57.5,3,1,1,1,68.52
6.57,0,2,1,0,0,0,14.6,6.4,83.4,1,2,0,46.8,1,0,0,3,0.0
9.7,4,3,0,0,1,0,84.4,9.0,99.5,2,1,1,59.2,1,1,2,2,46.0
9.0,0,3,1,0,0,0,9.1,7.6,92.0,1,6,1,71.4,1,1,2,3,42.61
6.09,3,3,1,0,0,0,60.1,6.6,58.4,0,3,0,41.0,1,1,2,3,41.65
9.62,0,1,0,1,0,0,96.4,9.3,53.3,2,5,0,81.9,1,1,2,1,48.33
6.83,4,2,1,0,0,0,80.7,5.0,78.0,1,4,0,50.4,1,1,2,0,43.9
9.23,1,2,0,1,0,0,88.8,6.9,58.9,3,5,0,86.4,1,1,2,3,49.02
5.27,4,2,0,1,1,1,60.3,6.5,77.8,0,1,0,51.7,3,1,1,1,63.03
9.59,5,1,1,1,0,0,17.6,8.7,92.0,2,5,0,88.2,2,1,1,0,66.32
5.95,1,3,1,1,0,0,13.6,6.2,55.5,1,4,0,71.3,2,0,0,3,0.0
9.6,4,2,1,1,1,0,42.2,4.5,67.4,1,3,0,63.8,3,1,0,1,87.56
6.63,3,1,0,0,0,1,32.6,8.8,92.0,0,6,0,71.0,1,1,2,2,42.03
6.22,2,2,1,0,0,0,97.2,5.1,64.5,1,1,0,43.0,1,1,2,1,44.35
9.29,5,2,0,0,0,0,44.7,7.1,42.1,0,4,1,39.6,0,1,2,1,42.92
7.82,2,3,1,1,0,0,59.7,7.7,85.9,3,3,0,88.0,2,1,1,3,74.45
7.48,0,1,0,0,0,0,39.7,6.2,56.7,0,5,0,43.5,0,1,2,3,40.77
5.57,4,2,1,1,0,1,35.0,6.4,90.3,0,2,0,54.2,3,1,1,3,63.15
6.36,1,1,0,0,0,0,81.0,6.9,52.2,2,4,1,61.3,0,1,2,3,44.67
6.39,1,2,1,1,0,1,29.9,6.2,80.1,1,5,0,79.3,3,1,1,0,60.59
6.67,0,1,0,0,0,1,26.2,9.4,69.1,1,1,0,48.7,1,1,2,2,37.6
8.23,0,2,1,0,1,0,22.8,8.1,51.8,1,5,0,78.0,2,1,0,1,84.21
5.35,3,2,1,0,1,1,9.7,5.4,60.9,3,4,3,99.6,3,1,1,2,63.56
5.77,0,2,1,1,1,1,5.8,6.1,68.6,0,6,0,91.4,4,1,0,3,66.36
7.54,2,2,1,0,0,0,97.1,9.4,97.0,0,3,0,54.2,1,1,2,0,50.42
7.86,4,3,1,1,0,1,95.7,7.6,77.8,3,2,0,95.7,3,1,0,2,76.19
7.95,5,1,0,1,0,1,90.0,5.8,45.0,1,4,1,70.8,2,1,0,0,69.39
8.03,4,3,1,1,0,0,10.1,8.6,56.5,1,3,1,66.3,2,0,0,3,0.0
8.94,3,2,1,1,0,1,77.3,9.3,60.5,0,3,0,71.7,3,1,0,3,82.84
9.54,4,1,1,1,0,0,73.8,8.5,76.3,2,1,0,67.2,2,1,0,0,75.49
9.61,1,3,1,1,1,1,65.9,6.0,49.4,0,5,0,85.9,4,1,1,3,71.1
7.75,4,2,1,1,0,1,5.0,9.8,60.4,1,5,0,91.4,3,1,0,2,90.43
5.95,2,1,1,1,0,1,41.5,6.5,94.6,1,2,0,64.8,3,1,1,1,59.35
7.46,3,2,0,1,0,1,19.9,5.8,69.1,2,2,1,64.8,2,1,0,0,85.48
9.68,3,2,1,1,0,1,44.4,7.0,86.9,0,5,0,72.6,3,1,0,0,71.85
8.7,5,2,0,1,0,1,55.3,4.9,57.2,0,6,1,60.3,2,1,1,0,68.56
6.86,3,1,1,0,0,0,60.7,6.0,95.6,0,1,0,30.5,1,1,2,0,38.17
8.61,1,2,1,1,0,0,6.7,9.2,52.4,3,1,0,81.2,2,1,1,1,53.48
6.18,5,3,1,1,0,1,99.2,7.6,67.4,0,6,0,84.5,3,1,1,3,63.78
6.36,0,1,1,1,0,1,28.1,6.0,70.5,0,3,1,65.7,3,1,0,1,71.21
9.25,0,1,1,1,0,0,78.2,8.3,99.3,1,1,0,64.1,2,1,1,1,72.9
6.67,0,2,1,0,0,0,53.7,7.8,89.6,0,1,0,38.4,1,1,2,0,46.82
5.76,4,3,1,1,1,1,92.3,9.1,66.3,0,4,0,87.3,4,1,0,3,74.73
9.34,3,1,1,1,0,1,55.2,7.8,43.9,2,4,0,93.1,3,1,0,3,91.53
9.92,0,2,1,1,0,0,34.6,7.7,66.9,0,6,0,70.1,2,1,1,0,57.56
7.6,1,3,1,0,0,0,98.7,8.4,76.2,0,2,1,47.6,1,1,2,3,42.55
7.69,3,2,0,0,0,0,76.1,8.5,73.1,2,3,0,56.1,0,1,2,2,48.27
6.94,1,1,0,1,1,1,91.5,4.7,47.7,2,3,0,76.6,3,1,3,2,113.74
5.02,2,1,0,1,0,1,90.5,4.1,79.6,0,6,0,65.5,2,1,0,1,63.79
9.49,2,1,1,1,1,1,28.7,5.6,73.6,1,5,3,87.7,4,1,0,1,81.75
9.87,1,3,1,1,0,0,57.3,8.3,68.9,0,5,0,66.2,2,1,1,0,53.73
8.47,5,3,0,1,0,1,10.3,5.0,79.4,0,3,0,48.6,2,1,0,1,63.39
5.49,5,1,1,1,0,0,49.1,4.4,90.4,1,3,0,56.2,2,1,1,1,68.35
5.32,3,1,1,0,1,0,53.3,8.3,92.8,1,6,0,87.8,2,1,1,1,60.57
8.06,3,3,1,1,0,1,96.1,8.9,92.9,1,1,0,73.6,3,1,0,2,94.78
9.1,2,1,1,1,0,0,52.3,4.7,68.7,1,4,0,61.6,2,1,1,0,58.84
8.38,1,3,1,0,0,0,4.2,6.5,41.1,0,5,0,56.8,1,0,0,3,0.0
8.51,0,2,0,1,0,0,10.4,6.8,52.8,0,1,0,36.6,1,1,2,0,33.37
7.77,5,1,1,0,0,0,36.2,4.3,63.3,1,5,0,55.4,1,1,2,0,47.56
8.0,4,1,1,1,0,0,89.5,8.3,59.2,2,1,2,73.5,2,1,1,2,54.51
9.25,3,3,0,1,0,0,91.3,7.2,45.6,3,5,1,91.3,1,1,2,3,53.2
8.5,3,3,1,0,0,1,62.6,7.5,79.2,2,5,0,88.1,2,1,0,0,68.13
8.54,5,3,0,0,1,0,22.6,7.3,88.1,1,4,0,60.0,1,1,2,2,40.33
8.97,2,1,1,0,0,1,78.0,5.5,57.8,1,1,1,51.5,2,1,0,3,89.22
5.25,2,3,1,1,0,0,97.0,4.7,70.6,1,5,0,66.2,2,1,0,1,89.66
5.08,4,1,1,1,0,1,66.4,6.9,46.4,3,5,0,103.2,3,1,1,0,72.65
7.84,2,1,1,0,0,0,94.5,6.6,75.2,3,2,0,66.4,1,1,2,2,46.04
8.28,5,3,1,0,0,1,19.2,8.6,48.3,0,5,0,75.4,2,1,1,3,60.46
7.59,0,2,1,0,1,1,72.4,8.2,90.9,0,5,0,81.0,3,1,0,0,70.18
9.82,4,1,1,1,0,0,12.3,9.6,69.4,1,3,1,69.0,2,1,1,3,59.89
5.31,0,1,1,0,0,1,7.8,6.1,71.1,2,2,1,68.1,2,1,1,1,50.51
8.21,4,2,0,1,1,0,8.8,4.1,62.2,0,5,2,52.7,2,0,0,3,0.0
8.51,3,2,1,1,0,0,47.3,4.6,54.7,1,2,0,56.6,2,1,0,1,68.3
8.61,0,2,1,0,0,0,45.0,5.3,85.6,1,3,0,51.9,1,1,2,3,43.73
7.88,3,3,1,0,1,0,17.1,7.1,95.9,1,5,1,75.5,2,1,0,0,66.0
9.5,1,3,1,1,0,0,40.1,8.7,48.3,1,5,0,83.3,2,1,1,1,63.46
5.38,2,3,1,0,1,0,25.8,7.8,80.4,2,1,0,66.9,2,1,1,2,70.01
8.27,2,3,0,1,1,1,22.8,9.1,97.9,0,1,0,57.4,3,1,1,1,67.5
5.06,3,2,1,0,1,0,49.2,4.2,93.7,0,4,0,50.3,2,1,0,3,80.91
6.67,3,2,1,1,0,1,80.1,5.0,79.9,0,3,0,58.0,3,1,0,3,64.31
8.71,0,2,0,0,0,0,42.9,4.7,85.3,1,3,0,43.8,0,1,2,0,37.99
6.67,5,1,1,1,0,1,92.9,6.3,41.6,2,3,0,84.9,3,1,3,3,93.93
9.99,1,2,0,0,0,1,24.7,8.4,41.6,2,6,1,84.2,1,1,2,2,45.46
5.09,0,3,1,0,0,1,40.1,4.3,55.2,0,1,1,41.7,2,0,0,3,0.0
9.91,2,2,1,0,0,0,38.5,9.8,60.4,2,3,0,77.7,1,1,2,1,47.92
5.45,1,3,0,1,0,0,38.5,8.6,57.1,3,1,0,72.1,1,1,2,1,41.21
8.92,3,3,1,0,0,1,34.4,5.3,71.5,1,3,0,58.8,2,1,1,2,64.88
8.35,2,2,1,1,1,0,51.1,9.7,77.0,2,2,1,86.7,3,1,1,3,69.38
7.16,0,2,0,0,0,0,42.2,9.0,46.9,0,6,1,52.5,0,0,0,3,0.0
8.42,2,1,1,1,0,1,69.4,4.3,59.8,1,1,0,62.4,3,1,1,1,67.21
7.01,1,2,0,1,0,1,18.4,5.1,46.5,2,4,0,77.0,2,1,0,1,71.26
5.72,5,2,1,0,0,0,31.6,10.0,53.6,0,1,0,47.4,1,1,2,0,40.16
8.05,5,1,0,0,0,0,73.2,5.3,73.7,2,5,0,61.6,0,1,2,2,40.88
9.36,0,3,0,0,0,0,70.6,4.6,68.6,2,1,0,34.3,0,0,0,3,0.0
9.23,0,3,1,0,0,0,31.1,9.3,74.1,1,1,0,49.8,1,1,2,3,44.68
9.5,3,1,0,1,0,0,55.5,7.8,41.8,1,2,0,51.9,1,1,2,3,40.4
8.9,1,3,1,1,0,1,0.9,9.5,91.9,1,1,0,73.9,3,1,1,0,71.23
6.62,2,2,1,1,1,0,30.2,7.2,75.4,1,2,0,75.0,3,1,0,2,83.14
8.14,5,1,0,1,1,1,58.5,10.0,46.3,1,1,1,79.0,3,1,0,2,90.06
9.43,1,3,0,1,0,0,3.6,9.8,80.5,1,4,3,67.5,1,0,0,3,0.0
7.33,3,1,1,1,0,0,24.6,8.5,90.7,3,4,2,98.2,2,1,1,1,61.03
7.58,3,1,1,1,0,0,62.0,7.5,43.1,1,6,2,81.9,2,1,1,2,64.24
5.54,3,3,1,0,0,0,18.4,5.4,61.2,0,3,0,39.0,1,0,0,3,0.0
5.2,2,2,0,1,0,0,84.2,6.2,60.7,2,6,0,81.8,1,1,2,3,51.62
7.32,1,2,1,1,0,0,52.3,7.6,97.6,1,4,0,75.7,2,1,1,0,57.49
8.12,2,1,1,0,0,0,21.6,6.4,93.7,1,4,2,61.1,1,0,0,3,0.0
8.72,4,1,0,1,0,0,7.1,6.8,96.2,1,5,0,64.2,1,1,2,2,40.69
6.37,1,3,1,0,0,1,63.6,5.9,61.6,2,4,0,73.8,2,1,0,0,81.7
7.92,1,1,1,1,1,0,13.0,6.6,41.6,2,3,0,81.0,3,1,0,3,89.33
6.53,5,1,0,0,0,0,80.3,5.2,40.3,1,2,0,33.8,0,1,2,2,41.65
8.87,3,1,1,1,0,0,95.7,4.8,88.8,1,4,2,64.4,2,1,1,2,71.8
9.25,4,3,1,1,0,0,68.1,4.4,69.9,2,3,0,68.1,2,1,1,3,62.37
8.57,3,3,1,1,0,0,61.9,9.7,77.7,0,2,0,61.9,2,1,0,3,80.33
8.69,1,3,1,1,0,0,63.4,5.3,60.0,0,2,0,49.5,2,1,0,3,72.41
9.35,2,3,0,0,1,1,9.3,8.8,78.7,0,2,2,55.6,2,0,0,3,0.0
9.06,5,2,0,1,0,0,37.6,6.6,46.4,1,5,0,67.3,1,1,2,3,41.84
8.72,2,1,1,1,0,1,0.8,8.2,70.4,3,3,0,102.0,3,1,0,1,73.18
5.03,4,1,1,1,1,0,28.0,9.2,90.7,1,5,0,92.0,3,1,0,1,72.46
7.19,0,1,1,1,1,1,57.2,7.7,65.8,2,1,0,83.2,4,1,0,1,91.29
6.39,0,1,1,1,0,1,34.1,7.4,56.2,2,1,1,73.9,3,1,0,3,78.64
5.31,1,1,1,1,1,0,21.1,6.3,99.0,0,3,1,62.0,3,1,0,1,81.09
6.17,3,3,0,1,1,1,26.9,8.8,61.5,1,5,0,88.0,3,1,0,1,81.65
7.42,0,2,1,0,0,0,79.9,6.7,50.1,1,3,1,52.3,1,1,2,3,45.63
9.68,4,2,1,1,0,1,79.3,5.8,57.5,0,3,0,62.9,3,1,0,3,78.55
7.54,0,1,1,0,0,0,58.0,9.1,92.8,3,5,0,94.6,1,1,2,1,43.88
7.03,4,3,1,1,0,0,41.7,4.1,45.7,3,5,0,91.4,2,1,0,3,70.42
5.42,3,2,1,0,0,0,65.7,6.8,96.7,1,6,0,69.9,1,1,2,2,51.34
6.95,3,3,0,1,0,1,99.0,7.5,68.8,1,5,0,77.1,2,1,1,1,61.85
8.51,4,2,1,0,0,0,22.6,8.6,47.3,0,6,0,68.5,1,1,2,3,46.32
7.28,0,2,1,0,0,0,5.9,9.1,91.6,2,4,0,78.4,1,1,2,2,42.29
8.23,0,3,0,1,0,1,39.2,9.1,88.9,0,1,0,53.5,2,1,0,3,66.51
5.24,3,2,0,0,0,1,8.0,4.3,87.9,2,6,0,76.5,1,1,2,0,42.96
7.04,0,2,1,0,0,0,60.6,4.4,60.0,0,5,2,45.3,1,0,0,3,0.0
5.09,3,2,0,0,0,1,74.9,4.5,81.8,1,5,0,56.1,1,1,2,3,46.84
5.12,4,3,1,1,0,0,47.0,9.0,56.1,0,3,1,65.3,2,0,0,3,0.0
6.2,0,3,0,0,0,0,31.5,8.6,90.4,0,4,0,49.5,0,0,0,3,0.0
9.91,0,2,1,1,0,0,99.4,4.9,74.5,0,1,0,34.8,2,1,0,0,70.61
6.66,5,1,0,1,1,1,80.5,8.1,88.7,1,1,0,69.5,3,1,0,0,78.56
9.41,1,2,0,1,0,0,31.4,9.3,75.8,0,6,0,66.5,1,1,2,3,43.66
6.48,0,2,1,1,1,0,75.5,7.7,71.9,3,4,0,105.2,3,1,0,0,76.67
8.65,3,3,0,0,0,1,75.3,6.8,96.6,0,2,2,39.3,1,0,0,3,0.0
5.89,3,1,1,0,1,1,56.2,8.3,43.0,0,5,1,75.4,3,1,1,1,58.14
9.62,2,3,0,1,0,0,53.7,7.2,52.2,1,2,0,56.5,1,1,2,1,45.08
8.58,3,2,1,0,1,1,54.2,4.0,53.4,1,6,0,85.9,3,1,0,3,70.6
9.22,4,3,1,0,0,0,29.4,6.2,71.1,1,3,0,56.2,1,0,0,3,0.0
5.46,4,3,1,0,0,1,22.7,8.2,99.7,2,4,0,80.4,2,1,0,0,85.29
6.15,5,3,0,1,0,1,14.4,8.8,88.8,0,5,0,76.0,2,1,1,3,64.14
8.84,4,2,0,0,1,1,6.8,6.8,98.9,3,6,0,103.9,2,1,1,3,69.08
7.79,3,3,0,0,0,1,91.9,7.7,91.4,0,2,1,45.4,1,1,2,0,41.71
9.74,3,1,0,0,1,1,55.0,8.2,66.6,1,4,0,77.5,2,1,0,1,80.12
7.42,2,3,1,1,0,1,84.8,4.4,56.7,1,6,0,84.5,3,1,0,2,71.65
8.41,1,2,0,1,1,0,13.1,4.7,90.4,1,4,0,65.6,2,1,0,1,70.59
8.81,4,1,1,0,0,0,33.2,8.8,49.3,3,1,0,71.1,1,1,2,1,51.3
7.46,5,2,1,1,1,0,96.2,4.6,41.4,1,5,3,83.1,3,1,0,2,87.67
6.33,3,2,1,1,0,0,56.8,9.4,99.5,1,1,2,66.6,2,1,0,0,84.39
8.17,4,1,0,1,0,1,82.9,7.9,51.5,0,2,0,48.7,2,1,1,2,53.75
7.21,0,2,1,0,1,0,4.2,4.3,46.2,1,4,0,63.3,2,1,0,0,74.14
9.34,2,3,1,1,1,1,71.4,5.2,49.3,3,4,0,107.2,4,1,1,1,73.14
6.18,4,3,1,1,1,1,26.7,9.1,48.6,1,6,0,106.7,4,1,1,2,50.24
6.73,0,2,1,1,0,1,34.1,9.6,41.6,0,2,0,65.1,3,1,1,3,59.14
9.8,0,3,1,1,0,0,95.4,6.2,45.8,0,4,0,63.4,2,1,0,1,86.8
8.04,0,3,1,0,0,1,68.2,5.3,69.9,3,1,1,68.3,2,1,0,1,71.68
5.91,3,2,0,1,0,1,81.9,7.7,57.6,1,6,0,83.5,2,1,1,0,59.41
5.77,2,1,0,1,0,0,56.4,4.2,93.1,1,5,0,61.7,1,1,2,0,43.34
8.39,4,3,0,1,0,0,16.6,7.8,60.3,1,3,0,61.9,1,1,2,2,42.65
8.44,1,1,0,1,0,0,16.4,9.8,86.4,0,6,0,68.5,1,1,2,3,47.14
5.35,3,1,0,0,1,1,13.3,6.1,43.2,1,2,1,60.6,2,1,1,2,59.85
5.51,5,3,1,0,1,1,53.3,6.1,71.6,2,4,0,93.0,3,1,1,2,64.75
6.64,5,1,0,0,0,1,24.7,6.5,78.5,1,3,1,55.7,1,1,2,2,41.76
5.58,4,3,1,0,1,0,53.0,7.5,86.6,1,2,0,58.8,2,1,0,2,87.38
6.09,4,2,0,1,0,1,40.3,9.2,45.8,1,2,0,65.2,2,1,0,1,84.97
7.15,1,2,0,0,0,1,41.5,7.2,75.5,1,4,0,62.1,1,1,2,3,40.74
9.52,5,2,0,1,1,0,8.4,4.1,62.5,2,6,1,85.1,2,1,0,2,85.97
8.77,4,3,0,0,0,0,54.8,9.4,58.2,0,1,1,30.1,0,0,0,3,0.0
9.26,2,2,0,1,0,0,9.6,10.0,93.4,2,2,2,74.3,1,1,2,1,50.72
7.05,0,1,0,1,0,1,55.1,4.2,69.5,2,6,0,78.5,2,1,0,3,86.63
9.94,3,1,1,1,0,1,36.0,6.2,56.1,0,3,0,67.6,3,1,0,1,84.65
5.62,3,2,1,1,0,0,81.6,6.9,44.5,0,3,0,52.8,2,1,0,0,78.05
8.99,5,1,0,1,0,1,62.1,7.4,95.6,0,4,1,61.9,2,1,1,2,64.03
6.12,2,2,1,0,0,0,29.1,4.5,52.5,1,2,0,41.8,1,0,0,3,0.0
9.42,1,2,0,0,1,0,41.2,5.9,94.0,1,2,0,46.9,1,1,2,0,47.88
5.22,1,3,1,0,0,0,93.3,7.3,95.4,2,3,0,67.5,1,1,2,1,52.5
8.06,4,3,0,1,0,1,31.1,8.7,65.1,2,2,0,77.7,2,1,0,3,93.59
9.94,4,1,1,0,1,0,53.2,7.7,93.5,0,6,1,72.5,2,1,0,3,72.79
5.85,3,2,1,1,0,0,78.1,4.3,74.7,1,2,0,49.6,2,1,1,3,47.73
9.48,5,3,1,0,0,1,49.0,5.0,93.6,2,6,1,82.5,2,1,0,0,70.17
7.47,0,2,1,1,1,0,28.0,5.1,43.2,1,6,0,86.8,3,1,0,1,67.23
8.67,0,3,0,0,0,0,9.5,5.7,45.6,2,2,0,51.6,0,0,0,3,0.0
6.46,5,1,1,1,0,0,4.9,9.0,85.7,0,5,3,70.8,2,0,0,3,0.0
9.47,0,2,1,1,0,1,91.8,6.6,54.4,1,2,0,70.9,3,1,1,0,72.93
7.19,3,1,1,1,0,0,45.5,4.6,56.4,1,2,1,50.0,2,1,0,3,80.61
8.47,0,2,0,0,1,0,98.6,4.3,69.8,0,6,0,54.3,1,1,2,2,43.17
9.21,1,3,1,0,0,0,95.6,5.4,96.8,2,4,0,64.4,1,1,2,1,45.4
5.81,5,1,1,0,0,0,20.5,6.7,80.6,2,2,1,58.5,1,0,0,3,0.0
9.95,1,3,1,0,0,1,79.6,9.4,73.8,0,5,0,77.4,2,1,0,0,84.51
7.91,3,2,1,0,0,1,19.6,4.7,61.6,2,5,0,76.6,2,1,1,0,47.66
5.23,1,3,1,1,0,1,70.3,7.0,61.8,0,1,0,57.4,3,1,0,0,79.26
7.25,2,1,0,0,1,0,62.4,6.8,89.1,1,2,1,47.3,1,1,2,0,48.13
7.49,5,3,0,0,0,1,19.3,9.2,82.1,0,5,0,67.0,1,0,0,3,0.0
5.1,4,3,1,1,1,1,48.3,4.1,83.8,3,1,0,87.8,4,1,0,3,72.09
8.0,3,3,0,1,1,0,18.8,8.9,59.8,2,4,0,83.5,2,1,1,1,57.6
6.59,5,3,1,1,0,1,62.2,5.0,74.3,1,5,0,77.4,3,1,0,3,81.81
5.7,1,2,1,0,1,0,62.2,7.9,45.5,2,2,0,71.5,2,1,1,3,59.74
8.7,4,2,1,1,1,0,99.7,6.0,80.3,2,5,0,91.8,3,1,0,2,94.74
9.39,0,3,1,1,1,0,35.7,4.8,74.2,1,6,0,83.8,3,1,0,0,91.9
9.44,3,3,1,1,0,0,93.3,5.3,47.3,2,5,1,84.2,2,1,1,1,77.13
7.11,5,3,1,1,0,1,40.6,5.8,92.7,2,6,0,100.8,3,1,1,0,74.54
5.98,4,1,1,1,1,0,4.7,7.1,68.4,0,6,0,77.3,3,1,1,0,55.5
5.94,5,2,1,1,1,0,1.8,7.5,48.6,2,6,0,105.6,3,1,1,1,72.37
6.83,0,1,1,0,1,0,11.7,5.5,65.5,1,2,1,58.0,2,1,0,0,75.61
7.34,4,2,1,1,0,1,30.0,7.5,78.2,2,1,2,78.7,3,1,0,3,70.42
6.09,5,1,1,1,0,0,32.9,8.5,42.4,1,4,0,78.3,2,1,0,2,67.43
5.56,2,2,1,1,0,1,81.5,7.6,61.2,0,2,0,63.5,3,1,0,0,88.18
8.23,0,1,1,0,0,1,57.6,9.8,40.9,3,4,0,101.9,2,1,0,2,75.91
5.59,3,2,1,1,0,1,42.0,5.6,79.9,2,1,1,70.3,3,1,1,2,56.24
7.4,3,2,1,0,0,0,5.5,8.2,97.6,1,3,0,60.9,1,0,0,3,0.0
5.64,4,3,1,1,1,1,13.7,9.8,83.8,0,2,0,78.7,4,1,0,1,70.21
6.82,2,2,0,1,0,1,24.8,7.6,76.8,2,5,2,90.8,2,1,0,0,87.83
5.21,1,3,1,1,0,1,58.0,7.0,66.9,2,2,0,80.9,3,1,1,1,71.85
6.01,1,2,0,1,0,0,52.6,9.1,93.8,1,5,0,70.5,1,1,2,1,40.2
6.71,0,2,1,0,1,0,59.3,7.8,80.3,0,2,1,49.6,2,1,0,1,69.35
5.89,2,2,1,0,1,1,38.6,7.2,69.3,2,3,0,90.7,3,1,0,2,82.98
6.8,4,3,0,0,0,1,95.5,6.3,42.9,2,2,3,63.4,1,0,0,3,0.0
6.07,3,2,1,1,0,0,46.5,5.4,97.3,1,2,0,60.1,2,1,0,2,69.39
6.91,0,1,1,0,1,1,47.4,4.6,77.6,2,6,1,90.3,3,1,1,3,55.41
9.45,4,2,0,0,0,0,36.1,9.5,79.5,1,4,0,60.8,0,1,2,1,43.39
6.18,3,1,0,1,0,0,77.8,4.6,80.2,1,2,0,39.9,1,1,2,0,42.48
6.81,1,3,1,1,0,0,16.2,9.6,88.0,0,4,1,65.5,2,1,1,3,61.2
9.41,5,3,1,0,0,0,73.0,4.0,67.9,3,5,0,75.5,1,1,2,3,42.83
5.37,2,3,1,0,1,0,53.6,6.1,41.8,1,1,0,58.1,2,1,0,3,70.52
5.76,1,2,0,1,1,0,54.9,9.0,78.9,2,2,0,75.7,2,1,1,3,56.31
7.37,1,2,1,1,0,0,32.7,6.5,65.8,1,5,0,78.2,2,1,0,3,70.76
9.46,4,1,1,0,1,1,28.0,5.7,69.0,2,1,0,74.7,3,1,0,1,84.48
9.49,3,3,1,0,0,1,28.0,9.1,76.3,2,1,1,70.2,2,1,0,3,84.17
8.78,4,3,1,1,0,1,1.8,8.8,68.8,2,6,1,104.9,3,1,0,2,86.42
5.31,1,1,1,0,0,0,98.7,5.0,58.0,1,6,0,63.1,1,1,2,3,46.25
6.43,3,1,1,0,0,0,95.3,5.9,91.0,1,5,0,64.6,1,1,2,1,39.65
6.94,5,2,1,1,0,0,92.1,6.2,80.1,1,2,1,55.2,2,1,0,2,86.07
6.41,5,2,1,0,0,0,54.7,4.5,80.4,1,2,0,47.4,1,1,2,2,46.42
6.41,0,2,1,1,0,0,99.2,8.4,56.4,1,5,1,78.5,2,1,0,0,94.48
6.1,0,3,1,0,0,1,7.5,7.1,63.2,1,3,0,63.7,2,0,0,3,0.0
7.28,4,1,1,1,0,0,73.6,5.4,69.1,2,4,0,71.9,2,1,0,0,77.2
7.47,2,2,0,1,0,0,24.5,4.5,85.1,0,3,0,43.2,1,0,0,3,0.0
9.35,2,2,1,1,0,0,61.4,7.2,53.9,0,4,0,64.8,2,1,0,3,74.62
8.7,0,1,0,0,1,0,40.4,6.2,49.7,0,6,0,57.0,1,1,2,1,43.78
7.38,5,2,1,0,1,0,26.0,4.8,72.5,0,2,0,39.4,2,0,0,3,0.0
5.71,0,2,0,1,0,0,23.9,8.9,49.8,1,5,2,74.6,1,1,2,0,47.25
8.07,4,1,1,0,1,0,90.7,9.6,54.5,2,2,1,76.9,2,1,0,3,80.29
8.56,0,1,0,1,0,1,44.5,9.0,77.7,3,2,0,87.8,2,1,1,0,55.13
9.49,0,1,0,1,0,0,22.4,9.2,94.6,1,5,2,77.3,1,1,2,3,40.35
9.52,3,3,1,1,1,1,82.8,8.6,92.6,2,5,0,105.8,4,1,0,0,99.27
6.17,5,2,0,1,1,1,8.5,7.7,92.2,2,4,2,90.3,3,1,1,0,55.72
9.12,3,2,0,0,0,0,35.2,7.6,98.6,0,6,0,56.6,0,1,2,1,39.96
5.46,4,3,0,0,0,1,23.8,9.9,48.4,0,2,1,44.8,1,0,0,3,0.0
5.71,1,2,0,0,1,1,51.5,6.0,89.8,0,3,0,48.9,2,1,0,3,78.83
7.23,1,2,0,1,0,0,84.2,6.9,84.9,2,1,0,51.4,1,1,2,1,44.43
6.53,1,2,1,0,0,1,85.2,5.4,40.2,2,6,0,82.6,2,1,1,2,53.11
8.38,5,3,0,0,0,1,90.9,9.0,99.0,1,3,0,65.4,1,1,2,3,48.3
5.27,3,1,0,0,0,0,54.3,9.7,91.7,1,1,0,47.7,0,1,2,3,38.52
6.12,2,3,0,0,0,0,45.0,5.1,43.4,0,3,0,34.6,0,0,0,3,0.0
5.54,0,3,0,0,0,0,34.8,9.0,92.9,1,1,0,44.0,0,0,0,3,0.0
9.79,3,3,1,1,0,0,43.9,6.3,60.3,0,2,0,52.4,2,0,0,3,0.0
8.06,2,3,1,0,1,0,81.8,7.3,76.7,3,2,1,78.4,2,1,1,2,78.75
6.07,4,3,1,1,0,0,10.9,6.1,79.9,2,4,0,83.0,2,1,1,2,64.45
8.07,5,3,1,0,1,1,59.3,6.5,67.2,1,3,0,77.4,3,1,0,0,67.75
5.79,5,3,1,1,1,0,59.4,7.0,47.8,3,5,0,102.0,3,1,0,2,87.78
8.69,1,3,1,0,0,0,21.4,6.3,98.7,3,2,0,71.5,1,1,2,2,41.77
7.82,4,3,1,1,0,0,72.8,5.2,76.0,1,6,1,79.6,2,1,1,2,60.16
7.59,5,3,1,1,1,0,54.6,5.7,52.1,0,1,0,49.8,3,1,0,1,78.56
9.65,3,3,1,0,1,0,83.2,5.7,89.0,0,5,0,59.1,2,1,1,2,69.15
5.7,0,3,1,1,0,0,15.8,6.3,62.4,1,3,1,66.6,2,0,0,3,0.0
6.1,5,1,0,0,0,0,76.0,4.2,64.0,3,2,0,53.1,0,1,2,2,42.95
9.08,2,1,0,1,1,0,47.6,4.8,80.7,2,6,0,83.5,2,1,1,1,71.88
6.73,1,3,0,1,0,1,98.5,7.3,47.1,1,1,0,56.8,2,1,1,3,61.37
6.93,0,3,1,1,0,0,84.3,5.1,42.3,0,5,2,58.0,2,0,0,3,0.0
7.99,5,2,1,0,0,0,79.8,4.5,52.3,0,4,1,42.7,1,1,2,3,49.84
5.48,5,1,1,0,0,1,25.6,8.5,66.9,2,3,0,80.6,2,1,0,3,67.98
7.67,0,2,1,1,1,0,70.4,8.2,64.7,0,1,3,60.2,3,0,0,3,0.0
8.72,3,1,1,1,0,0,95.6,7.1,75.4,1,5,0,76.4,2,1,0,3,74.8
8.79,0,3,1,0,0,0,42.6,6.6,54.2,2,4,1,72.3,1,0,0,3,0.0
9.67,2,2,0,0,0,1,52.1,9.6,73.9,2,2,0,73.0,1,1,2,0,47.28
6.73,0,1,0,0,0,1,66.0,8.7,43.9,0,6,1,65.0,1,1,2,2,41.22
8.77,5,1,0,0,0,0,76.6,9.4,43.1,1,2,2,44.4,0,0,0,3,0.0
6.73,2,1,1,1,0,0,14.9,4.0,70.9,1,4,0,65.3,2,1,0,1,76.45
6.31,2,1,0,1,0,0,75.0,7.0,70.5,0,2,0,43.8,1,1,2,1,39.4
9.83,2,2,1,1,0,0,35.7,6.1,95.3,0,5,0,58.9,2,1,0,1,84.51
9.59,0,3,1,1,0,0,63.4,5.6,79.4,0,3,0,54.5,2,1,1,0,57.16
8.5,4,1,0,0,0,0,82.9,7.5,46.5,1,1,0,37.8,0,1,2,2,39.87
6.94,2,2,1,1,1,1,57.6,7.4,94.3,0,2,0,75.9,4,1,0,2,91.64
5.72,2,1,1,0,0,1,78.9,7.4,88.5,0,2,0,55.0,2,1,1,3,54.19
6.16,2,2,1,1,1,1,36.9,8.2,67.6,0,6,2,95.1,4,1,1,3,62.97
5.08,0,1,0,1,0,1,62.2,6.7,82.6,3,1,0,74.5,2,1,0,1,79.31
8.82,4,3,1,0,0,0,69.9,7.6,89.3,1,4,1,62.6,1,1,2,1,43.06
7.11,3,3,1,0,0,0,14.8,6.4,59.3,0,4,0,53.8,1,0,0,3,0.0
5.38,5,2,1,0,1,1,83.9,5.5,88.4,1,4,1,80.3,3,1,0,2,78.56
9.21,2,1,1,0,0,1,64.7,7.1,54.4,0,4,0,58.7,2,1,1,0,70.2
7.07,3,3,1,1,1,1,88.3,4.5,80.8,0,1,0,53.7,4,1,0,3,69.65
7.42,0,2,0,0,0,0,27.6,7.7,76.1,3,5,0,78.4,0,1,2,2,40.4
9.24,3,3,1,0,1,0,24.6,4.4,70.9,0,4,0,55.0,2,1,0,1,84.13
9.69,0,2,1,0,0,0,86.5,5.4,81.5,1,5,1,56.6,1,1,2,2,45.84
8.24,4,3,0,1,0,0,57.9,9.2,77.9,3,1,0,68.1,1,1,2,1,52.73
6.83,2,3,0,0,0,0,64.5,6.3,96.9,1,3,0,45.5,0,0,0,3,0.0
7.85,3,2,0,0,1,1,23.8,6.1,40.2,0,6,1,64.8,2,1,0,2,84.35
7.61,1,3,0,1,0,0,98.5,4.7,83.1,0,4,0,45.7,1,1,2,1,46.24
7.19,4,2,1,1,0,0,29.6,9.2,65.7,1,3,0,73.9,2,1,1,1,54.02
9.44,4,3,1,1,1,0,34.1,9.1,70.0,2,4,2,99.4,3,1,1,3,73.45
5.59,5,2,0,1,1,1,45.4,8.4,78.0,1,4,0,82.1,3,1,0,2,67.43
9.76,0,2,1,0,1,0,28.7,8.7,53.4,0,1,0,51.9,2,1,1,0,62.1
5.67,1,1,0,1,1,0,96.4,5.0,95.5,2,1,1,61.7,2,1,0,2,81.93
5.72,0,2,1,1,0,0,92.5,8.2,77.3,1,6,0,84.2,2,1,0,0,72.78
8.04,5,2,1,0,1,0,7.3,7.9,64.4,0,3,0,55.6,2,1,0,3,76.84
7.43,2,3,0,1,0,1,47.0,8.4,94.5,1,1,0,60.1,2,1,1,1,63.91
6.68,5,3,0,1,0,0,54.3,5.6,51.1,0,6,0,56.9,1,1,2,0,39.68
5.81,0,1,1,0,1,0,97.1,9.7,99.9,0,5,0,78.0,2,1,0,2,71.8
6.57,2,1,0,0,1,0,43.9,6.4,97.6,1,6,0,65.8,1,1,2,3,38.44
7.77,1,1,0,1,0,0,2.8,6.4,50.0,0,4,0,48.0,1,1,2,1,38.64
7.16,1,3,0,1,0,0,89.2,9.1,73.5,3,5,1,93.0,1,1,2,0,54.06
6.73,3,1,1,1,0,1,25.1,5.8,58.6,3,4,1,94.3,3,1,1,0,65.92
6.2,1,2,1,0,0,1,26.9,8.3,70.9,1,5,0,84.9,2,1,1,0,53.32
9.75,1,2,0,1,0,0,30.8,7.1,87.4,3,5,0,87.5,1,1,2,0,44.43
6.53,4,3,1,1,1,0,84.2,4.9,59.8,1,1,0,64.2,3,1,0,0,87.62
8.76,2,1,1,1,0,1,69.6,7.4,61.2,3,1,0,84.4,3,1,1,3,70.29
6.57,5,2,1,1,0,1,16.0,4.7,73.9,1,1,2,59.7,3,0,0,3,0.0
6.83,0,3,0,1,0,1,44.7,5.2,59.5,0,1,0,43.4,2,1,0,1,73.51
8.94,1,1,0,1,0,1,28.9,7.3,76.5,0,3,0,54.9,2,1,0,3,86.06
9.56,0,1,1,1,0,1,51.0,4.2,75.1,1,1,0,62.1,3,1,1,1,56.82
7.38,3,3,1,1,0,1,61.1,8.8,72.5,1,5,0,93.1,3,1,0,3,81.68
9.45,3,3,1,1,0,0,86.5,6.1,75.6,1,1,0,56.0,2,1,0,2,92.04
5.2,1,3,1,0,0,1,66.5,4.7,75.9,0,6,0,66.7,2,1,0,2,87.66
5.53,5,1,1,1,0,0,21.7,4.7,76.4,2,2,0,62.0,2,1,1,3,48.74
8.68,1,1,0,0,0,1,40.7,7.2,83.5,1,2,0,53.3,1,1,2,0,39.42
8.52,3,3,0,1,1,0,52.1,8.2,53.8,2,3,0,82.6,2,1,0,0,75.06
7.13,3,1,1,0,1,0,1.8,10.0,44.4,1,1,1,64.7,2,1,1,2,48.86
6.5,0,2,1,0,0,0,37.9,6.9,50.4,2,5,0,71.9,1,1,2,0,47.68
5.07,4,2,0,1,1,1,57.3,8.2,53.8,1,5,0,87.0,3,1,1,2,61.75
5.19,4,3,0,0,0,0,72.5,8.3,60.8,1,6,1,68.5,0,0,0,3,0.0
5.33,0,2,1,1,0,0,82.6,4.2,60.1,1,5,0,66.3,2,1,0,0,82.73
5.13,4,1,0,1,0,0,13.1,5.3,70.2,0,1,0,32.9,1,0,0,3,0.0
7.4,5,3,0,0,1,1,24.3,7.8,80.6,2,4,1,85.3,2,1,0,0,84.58
7.83,1,1,1,0,0,0,73.8,6.0,47.0,0,3,0,43.5,1,1,2,1,49.01
7.06,3,2,1,1,0,0,87.0,8.4,96.1,0,5,0,74.6,2,1,0,2,78.29
5.98,2,2,1,1,0,0,50.6,9.6,49.0,1,6,1,89.3,2,1,0,1,93.8
8.0,0,1,0,1,0,1,19.0,6.9,52.3,0,2,0,55.0,2,1,0,3,84.66
9.16,0,2,0,1,0,1,31.2,5.5,64.5,1,3,0,64.1,2,1,0,3,81.45
8.67,4,3,0,1,0,0,66.4,9.5,73.6,1,3,0,63.4,1,1,2,1,44.05
8.97,1,3,1,0,0,1,97.3,9.7,78.6,0,3,0,64.9,2,1,1,1,58.49
6.22,0,3,1,0,0,1,27.5,9.5,56.8,3,3,0,93.1,2,1,1,1,68.39
9.19,1,1,1,0,1,0,92.2,4.0,66.3,0,2,0,46.2,2,1,1,1,67.42
5.08,2,3,1,0,0,0,31.1,7.1,60.0,1,1,0,46.6,1,0,0,3,0.0
5.83,4,3,0,0,0,1,44.7,9.4,47.2,0,4,0,60.1,1,0,0,3,0.0
5.66,1,2,1,1,1,0,90.3,5.3,75.8,1,6,3,85.6,3,1,1,1,52.96
7.22,1,1,0,0,1,0,70.8,5.5,58.2,0,4,0,48.7,1,1,2,0,42.72
8.26,1,3,1,1,0,0,15.6,7.9,75.7,0,1,0,53.7,2,0,0,3,0.0
5.26,3,1,0,1,0,1,60.0,8.0,52.8,0,1,0,48.5,2,1,0,3,78.71
8.89,1,3,1,0,0,0,75.9,5.5,81.0,1,3,1,55.0,1,1,2,2,42.89
7.09,2,2,1,0,0,0,33.4,9.9,65.9,1,4,0,70.9,1,1,2,3,37.26
6.41,2,1,0,1,0,0,18.5,6.1,96.1,2,2,0,56.5,1,1,2,3,41.98
8.31,3,2,1,0,0,0,33.9,6.7,80.9,2,3,0,69.0,1,1,2,2,45.69
8.11,1,1,1,1,0,0,52.2,8.6,78.9,3,4,0,95.1,2,1,0,2,77.12
5.43,2,2,1,0,1,1,39.8,9.9,92.1,0,3,0,72.5,3,1,0,3,79.84
6.66,2,1,1,0,1,0,79.4,6.6,51.7,2,5,2,88.4,2,1,1,3,72.45
5.81,4,2,1,0,1,0,98.7,6.4,50.2,3,1,0,76.9,2,1,0,2,91.18
5.51,5,1,0,1,0,0,29.7,7.4,93.0,0,3,0,49.8,1,1,2,1,33.78
8.14,1,2,1,0,0,1,13.5,4.5,77.2,0,4,0,49.2,2,0,0,3,0.0
7.93,0,1,1,1,0,0,86.2,7.8,81.7,0,1,0,43.6,2,1,0,1,72.77
6.12,4,2,0,1,0,0,66.1,5.4,74.0,0,4,1,47.1,1,0,0,3,0.0
5.68,2,1,0,1,0,0,84.1,9.7,65.7,1,2,0,63.0,1,1,2,2,47.89
9.43,0,2,0,0,1,1,43.4,6.1,56.7,0,5,0,64.8,2,1,0,3,64.31
8.48,0,3,0,0,0,0,21.9,6.0,47.7,2,2,0,49.0,0,1,2,0,36.1
9.33,2,1,1,0,0,1,17.8,9.2,97.7,0,2,0,62.1,2,1,1,2,53.98
9.42,3,1,0,1,0,0,97.6,5.4,94.5,1,6,0,67.4,1,1,2,0,41.95
6.73,0,2,1,1,0,0,67.7,8.1,88.5,2,1,0,68.1,2,1,1,1,54.21
5.36,0,3,1,1,0,0,83.4,5.8,44.2,1,2,0,59.4,2,1,0,3,85.82
6.53,0,3,1,0,0,0,21.4,6.1,84.0,0,2,0,43.2,1,0,0,3,0.0
7.4,3,3,1,0,1,1,87.2,7.7,93.0,1,3,0,76.4,3,1,0,2,76.71
8.64,0,1,1,1,0,1,17.5,9.6,58.4,0,3,0,69.9,3,1,0,2,68.89
5.48,3,2,0,1,0,0,88.0,6.7,49.4,1,2,0,51.0,1,1,2,2,43.86
5.66,4,1,1,0,0,0,98.0,9.5,74.9,0,5,3,66.4,1,1,2,3,37.57
5.53,0,2,0,1,0,0,9.1,6.6,86.4,2,1,0,53.9,1,1,2,3,41.54
8.94,0,1,1,1,0,1,36.3,6.9,61.1,2,2,0,77.3,3,1,1,2,68.4
8.27,5,1,1,1,0,1,29.8,7.2,94.7,2,1,0,77.6,3,1,1,0,52.38
9.52,3,2,0,0,0,0,23.8,8.3,78.7,1,1,0,42.4,0,1,2,2,42.09
8.09,5,2,1,1,0,0,42.3,6.4,65.4,1,5,0,74.4,2,1,1,1,59.18
5.08,5,3,0,0,1,0,18.1,4.5,42.8,2,4,0,61.6,1,0,0,3,0.0
5.58,5,1,1,1,0,1,14.0,7.6,49.3,1,2,0,69.6,3,1,1,3,50.95
9.52,3,2,0,0,0,0,88.6,9.3,96.9,0,5,0,56.7,0,1,2,3,54.05
6.96,5,3,0,0,0,1,44.4,9.2,74.0,0,1,0,38.0,1,0,0,3,0.0
5.63,0,2,1,1,0,1,4.0,8.3,58.9,0,1,0,57.0,3,1,1,2,58.13
5.84,3,3,0,0,1,1,96.8,9.0,93.2,2,3,0,77.6,2,1,1,0,61.43
6.04,5,1,0,0,0,1,59.3,6.4,75.0,2,1,0,52.0,1,1,2,2,47.33
9.66,0,1,1,1,1,1,62.8,6.5,56.4,0,3,0,73.6,4,1,0,2,79.55
9.89,5,1,1,1,1,0,52.2,5.5,93.9,0,3,0,61.0,3,1,1,1,71.31
8.68,1,3,1,1,1,1,82.0,5.7,80.1,0,6,2,88.7,4,1,0,0,81.95
8.45,2,2,1,0,0,0,89.8,4.6,49.2,1,3,0,47.1,1,1,2,3,53.2
8.71,1,3,1,1,0,1,67.5,5.6,72.0,1,6,0,88.7,3,1,1,3,73.0
5.1,4,1,1,0,0,0,86.8,7.1,78.9,1,5,1,64.3,1,1,2,1,43.45
5.14,0,1,1,1,0,0,68.2,5.7,43.2,0,6,0,63.6,2,1,1,1,65.99
7.17,2,3,0,1,0,1,98.3,9.4,97.8,0,4,1,72.3,2,1,1,3,62.49
8.33,5,3,0,1,0,1,32.3,8.8,62.6,2,4,1,85.7,2,1,0,0,79.32
7.03,2,3,1,1,0,1,43.5,7.2,61.0,1,6,0,92.9,3,1,0,1,88.32
6.23,4,2,1,0,1,1,96.5,6.6,77.4,2,3,0,82.4,3,1,0,0,83.13
6.61,5,2,1,1,1,1,59.4,5.4,60.0,3,6,0,119.0,4,1,1,0,56.18
5.1,2,1,0,1,1,0,4.0,5.6,74.7,2,1,0,61.0,2,1,1,1,67.35
6.08,0,1,1,1,0,0,96.6,4.6,56.3,1,5,1,68.2,2,1,1,2,72.59
8.65,3,2,1,1,1,0,64.9,8.9,66.0,2,2,0,89.7,3,1,0,1,93.69
7.85,4,3,0,1,1,0,87.2,9.8,72.3,0,5,0,79.1,2,1,1,1,58.31
6.57,0,2,0,1,1,0,24.3,5.5,87.5,1,5,0,71.3,2,1,0,1,68.3
5.61,1,2,0,1,0,0,63.3,6.6,73.5,0,5,0,57.4,1,1,2,3,45.57
8.16,5,3,1,1,0,0,9.3,9.0,66.9,3,5,2,103.8,2,1,0,0,75.84
7.11,5,3,1,1,0,0,58.5,8.3,64.4,0,6,0,70.1,2,1,1,0,59.26
8.2,5,2,1,0,0,1,71.6,7.2,65.0,1,1,1,52.3,2,1,0,3,77.59
8.89,2,1,0,1,1,1,69.8,8.1,76.8,0,4,0,72.3,3,1,0,2,74.64
5.74,3,1,0,0,1,0,2.4,6.2,58.3,1,1,1,42.7,1,0,0,3,0.0
8.32,3,1,1,0,0,1,81.9,6.5,59.3,2,5,0,80.1,2,1,1,2,61.84
5.72,1,1,1,1,0,1,83.2,6.1,82.3,0,6,0,82.8,3,1,3,1,97.78
6.52,3,3,0,1,0,1,28.7,6.3,53.5,1,5,2,71.9,2,1,0,1,76.8
8.06,4,2,1,1,0,0,71.9,9.6,76.1,0,2,0,57.6,2,1,0,0,87.11
6.41,1,2,0,0,1,0,16.4,9.2,83.4,1,4,0,68.6,1,1,2,1,42.85
9.75,3,1,1,0,0,0,63.3,6.8,69.5,1,3,2,59.8,1,1,2,2,42.76
8.82,2,1,0,1,0,0,43.4,8.2,52.6,1,5,0,65.6,1,1,2,2,50.6
9.43,2,1,0,1,0,0,49.9,9.1,66.1,3,4,0,85.2,1,1,2,2,50.39
7.58,4,2,1,1,0,0,68.0,5.3,95.5,2,5,0,80.6,2,1,1,3,64.92
8.5,4,3,1,1,0,0,9.3,5.8,52.7,1,5,0,73.8,2,1,0,0,87.06
9.7,0,1,1,0,0,1,3.9,7.7,57.9,1,3,0,64.6,2,1,1,1,59.77
8.79,4,2,1,0,0,1,9.4,5.0,85.9,0,3,0,54.9,2,1,0,1,80.05
6.12,4,2,1,1,0,0,48.9,5.6,72.8,0,5,1,65.5,2,1,0,1,80.46
7.52,2,3,1,1,0,1,64.6,5.3,57.0,1,1,1,63.1,3,1,1,1,65.94
7.51,4,1,1,0,0,1,81.6,9.9,47.3,1,4,0,77.5,2,1,0,2,83.59
6.28,4,2,0,0,0,1,10.1,8.1,87.5,0,1,0,41.4,1,1,2,2,37.4
7.72,0,3,0,0,1,0,43.7,5.6,55.0,0,1,0,27.6,1,0,0,3,0.0
9.39,4,2,1,1,0,1,1.3,7.9,82.6,2,5,0,93.9,3,1,0,2,85.59
9.29,2,1,1,0,0,0,81.6,8.1,41.5,0,2,3,40.3,1,0,0,3,0.0
7.74,2,2,0,0,0,1,2.8,9.5,93.9,2,4,0,77.5,1,1,2,1,42.91
6.37,2,2,1,1,0,1,8.9,9.3,72.3,3,5,0,110.9,3,1,1,1,56.62
8.3,5,3,1,0,0,0,63.2,4.8,61.4,0,4,0,48.4,1,1,2,3,44.11
8.13,1,1,1,0,0,0,21.7,7.9,93.2,1,4,1,65.8,1,1,2,2,46.78
7.41,4,1,0,1,0,1,35.7,8.1,80.3,2,1,0,73.1,2,1,1,1,56.94
9.34,4,3,1,0,0,0,81.0,5.1,74.9,2,5,1,70.9,1,1,2,3,51.39
5.02,1,2,1,1,0,0,57.1,9.1,45.8,0,2,0,60.7,2,1,0,0,71.3
8.49,5,2,1,1,1,1,75.9,7.4,68.3,2,1,1,88.8,4,1,0,1,81.67
8.1,0,3,0,0,1,0,49.5,8.6,73.4,1,2,1,58.7,1,1,2,1,42.08
8.47,5,2,1,0,0,0,37.5,4.0,86.0,1,3,0,43.0,1,1,2,1,47.38
6.55,2,1,0,1,0,1,3.9,7.1,64.8,2,2,1,68.3,2,1,0,2,85.96
9.98,1,2,0,0,1,0,35.1,7.1,55.6,1,3,0,59.7,1,1,2,1,38.77
6.19,5,3,1,0,0,0,55.3,4.8,74.5,1,3,0,52.9,1,1,2,3,45.58
5.74,4,3,1,1,0,0,74.6,6.8,76.2,1,6,1,83.9,2,1,0,2,78.36
9.5,3,3,1,1,0,0,90.8,9.6,86.0,0,2,1,60.1,2,1,0,2,77.7
6.34,4,3,1,1,0,0,85.8,6.4,42.5,0,6,1,68.8,2,1,1,3,53.99
7.7,1,3,1,1,1,0,42.6,7.7,80.1,0,3,0,68.8,3,1,1,0,55.05
6.2,3,3,1,0,0,1,1.0,9.9,41.8,0,5,1,70.8,2,1,1,3,49.99
7.4,4,2,0,1,1,1,89.9,9.2,53.6,2,3,0,91.2,3,1,1,0,64.93
5.34,5,3,1,1,0,0,28.4,7.0,90.6,2,6,0,94.7,2,1,0,3,88.12
6.95,1,2,0,1,1,1,81.1,5.2,93.7,1,5,0,83.9,3,1,1,3,55.68
7.87,2,3,1,1,0,0,23.5,5.9,77.7,1,5,1,74.5,2,0,0,3,0.0
7.71,3,3,1,0,0,1,85.8,8.7,58.3,1,5,1,81.3,2,1,1,2,61.96
7.44,4,1,1,0,1,1,33.7,6.6,85.1,2,3,0,85.1,3,1,1,1,64.09
5.22,3,1,1,0,0,1,15.4,7.3,51.2,2,5,2,90.9,2,1,1,3,50.45
5.42,4,2,1,0,1,1,59.5,8.5,91.5,1,2,0,73.5,3,1,1,3,69.33
9.02,3,3,1,1,0,1,24.2,4.2,57.0,1,3,0,71.4,3,1,0,1,79.87
8.0,2,2,1,0,0,0,87.5,6.1,62.3,0,3,2,47.8,1,0,0,3,0.0
5.32,5,1,1,0,0,1,99.8,6.1,84.7,0,5,0,58.9,2,1,1,1,58.95
6.35,0,2,1,0,0,0,12.8,6.6,43.9,2,2,0,59.7,1,1,2,3,46.46
8.34,5,2,0,1,0,0,24.4,4.4,56.7,1,1,0,42.2,1,1,2,1,39.83
8.0,5,1,0,1,0,0,51.7,4.0,56.1,1,1,1,40.5,1,1,2,3,43.43
5.38,5,3,0,0,1,0,17.5,8.2,69.3,1,4,0,63.9,1,1,2,0,41.86
7.39,3,2,1,1,1,0,97.7,5.7,43.0,1,2,1,67.7,3,1,1,3,66.15
7.37,3,2,1,0,0,1,12.2,9.4,78.2,3,4,0,102.7,2,1,1,0,74.35
7.83,3,2,1,1,0,1,2.3,8.9,99.9,3,5,1,110.8,3,1,0,0,90.02
9.35,3,1,0,0,0,0,48.6,4.1,43.4,3,5,0,62.7,0,1,2,1,46.75
5.22,3,1,0,0,0,0,11.1,9.6,94.7,2,4,1,68.0,0,1,2,0,47.01
9.39,1,1,0,0,0,1,10.0,9.6,92.0,1,5,0,72.9,1,1,2,0,48.06
8.57,0,2,1,1,0,0,5.6,6.7,83.0,1,3,1,61.9,2,1,1,2,66.18
8.61,2,1,0,0,0,0,24.8,8.6,82.0,0,2,0,33.0,0,1,2,2,37.99
7.58,0,1,0,0,0,0,31.3,9.0,43.4,0,6,0,53.0,0,1,2,0,42.91
6.68,0,3,0,0,1,0,64.7,4.4,65.6,1,1,0,34.2,1,0,0,3,0.0
7.15,4,2,1,0,0,1,26.9,5.6,80.1,2,2,1,70.0,2,1,0,1,87.3
6.95,1,2,0,1,1,0,70.9,8.9,87.3,1,3,2,69.1,2,1,0,0,72.99
7.07,2,3,1,1,0,1,34.2,9.2,42.2,1,2,0,77.9,3,1,0,0,75.0
6.43,4,3,1,1,0,0,1.7,6.5,58.8,0,6,0,68.7,2,0,0,3,0.0
9.2,5,1,0,0,0,0,98.1,4.8,69.0,0,3,0,31.7,0,1,2,0,40.67
9.65,0,2,1,0,0,0,52.6,8.8,98.7,1,4,0,65.3,1,1,2,0,51.51
7.49,2,2,1,0,1,0,13.6,8.9,67.6,1,5,1,85.6,2,1,1,3,55.46
6.71,5,3,1,1,1,1,36.3,4.9,94.6,1,2,0,78.7,4,1,0,2,70.46
9.18,3,3,1,1,0,1,37.6,5.2,46.9,0,4,2,60.9,3,0,0,3,0.0
5.02,5,1,1,0,0,1,36.6,5.3,63.7,0,1,0,37.2,2,1,0,3,81.5
7.05,4,1,1,0,0,0,5.4,4.9,93.7,0,3,0,38.8,1,1,2,1,42.76
8.47,3,1,1,0,0,0,62.4,8.9,71.1,0,6,1,66.2,1,1,2,3,40.31
9.0,1,2,1,1,0,0,14.0,9.5,61.8,2,4,0,85.1,2,1,0,0,92.68
7.11,0,2,1,0,1,0,45.2,9.6,83.8,0,1,0,53.7,2,1,0,1,73.79
8.55,3,3,1,0,0,1,90.7,6.2,94.4,2,6,1,89.7,2,1,1,3,67.79
6.6,4,2,1,1,0,1,34.6,8.2,96.0,2,3,0,89.7,3,1,0,3,75.98
5.67,5,1,1,0,1,1,1.9,9.0,78.9,0,5,1,86.9,3,1,0,0,74.29
8.44,4,3,1,1,1,0,56.5,7.6,57.6,3,1,0,86.4,3,1,1,1,77.71
5.64,2,3,0,0,1,0,11.5,7.3,82.6,0,5,0,52.4,1,0,0,3,0.0
6.9,0,2,1,0,0,1,1.3,8.5,47.8,1,1,1,55.6,2,0,0,3,0.0
6.79,1,2,1,1,0,0,84.6,5.9,89.6,2,6,0,86.9,2,1,0,0,80.96
9.36,4,2,1,0,0,1,78.7,6.6,99.1,1,5,2,75.8,2,1,0,3,95.02
7.5,1,2,0,1,0,0,19.9,8.8,85.2,0,1,0,44.1,1,0,0,3,0.0
6.63,1,3,0,1,0,0,16.5,6.8,64.8,0,6,0,57.5,1,0,0,3,0.0
6.39,2,2,0,1,0,1,56.0,5.0,81.3,1,4,0,63.4,2,1,0,2,71.23
6.78,5,1,1,0,1,1,36.1,6.6,82.2,1,2,0,67.2,3,1,0,1,71.0
9.75,4,2,1,1,1,1,89.5,5.8,63.1,1,2,1,73.6,4,1,1,3,66.13
7.18,3,1,0,0,1,0,0.0,4.3,89.1,1,1,0,37.0,1,0,0,3,0.0
6.53,3,1,1,1,0,0,57.0,9.1,42.6,1,6,0,87.4,2,1,1,3,65.72
7.6,4,2,1,1,1,1,87.7,8.5,83.2,0,1,0,70.1,4,1,0,2,82.23
8.28,2,3,1,1,1,0,34.8,8.7,48.5,1,4,1,88.5,3,1,1,3,71.64
6.65,1,2,1,1,0,0,93.3,4.2,59.8,0,2,2,45.1,2,1,0,2,70.42
7.68,4,1,1,0,0,0,71.4,9.4,85.2,1,4,0,64.8,1,1,2,1,47.14
5.5,0,3,1,0,0,0,44.9,7.3,91.1,0,4,0,56.0,1,0,0,3,0.0
6.26,5,2,1,1,1,1,18.6,4.3,79.3,2,4,0,93.5,4,1,0,2,90.8
9.48,4,1,1,1,1,0,82.3,4.1,87.9,2,4,0,86.3,3,1,3,2,93.35
7.97,3,2,1,1,0,0,83.7,9.5,82.3,0,6,0,77.9,2,1,0,1,83.18
7.96,4,2,1,1,0,0,29.1,7.7,43.7,2,4,0,81.9,2,1,1,2,74.26
5.54,3,1,1,0,0,0,35.7,6.1,45.7,3,3,0,77.6,1,1,2,0,43.18
6.81,5,1,1,0,0,1,61.6,6.0,63.9,1,4,0,70.0,2,1,0,1,83.25
8.65,2,2,0,1,1,0,74.1,4.8,79.2,0,2,0,47.1,2,1,0,3,78.0
5.25,4,1,1,1,0,1,83.6,7.0,66.4,2,6,3,102.0,3,1,0,1,75.42
9.87,5,2,1,0,0,0,19.5,7.3,78.8,0,1,0,37.7,1,1,2,3,38.8
5.76,1,1,1,1,0,1,93.1,9.6,74.7,1,4,1,92.3,3,1,3,3,117.95
6.57,4,1,1,0,0,0,53.9,5.5,98.9,1,1,3,45.7,1,0,0,3,0.0
6.92,4,2,0,1,0,0,9.8,6.6,79.1,1,1,0,39.9,1,0,0,3,0.0
5.23,3,3,0,1,1,0,71.2,8.8,88.1,1,5,0,78.7,2,1,0,3,86.61
6.74,4,3,1,1,1,1,75.3,5.2,94.7,1,3,1,82.0,4,1,1,0,53.91
5.37,5,1,0,0,0,0,58.5,10.0,69.9,2,6,0,80.6,0,1,2,3,47.27
5.68,2,1,1,1,0,1,82.6,4.9,82.3,0,3,0,59.2,3,1,3,2,87.03
8.13,4,2,0,1,1,0,11.6,4.7,42.7,0,3,0,48.7,2,1,0,2,61.65
5.92,3,3,1,0,1,0,77.5,9.7,96.4,1,4,0,75.4,2,1,0,1,72.91
8.12,5,2,1,1,0,0,73.4,7.4,44.2,0,6,1,73.2,2,1,1,3,54.83
5.21,3,2,0,1,0,0,31.9,9.9,86.8,2,4,0,80.8,1,1,2,2,46.55
7.11,1,1,1,1,0,1,83.7,9.8,74.1,1,2,0,75.5,3,1,3,0,101.68
5.37,1,2,1,0,0,1,97.3,8.2,93.1,0,5,0,68.0,2,1,1,0,52.09
5.98,1,3,0,0,0,0,87.2,9.4,75.2,0,2,0,40.6,0,1,2,0,46.37
5.79,3,3,0,0,1,1,98.4,6.3,64.2,1,2,0,54.1,2,1,0,1,76.02
6.33,3,1,1,1,0,1,67.2,7.2,59.5,2,2,0,84.4,3,1,0,1,93.97
7.82,5,3,1,1,0,0,43.7,8.1,67.3,1,4,0,72.8,2,1,1,3,56.57
8.22,3,2,1,1,1,1,30.4,8.6,67.0,2,3,0,101.6,4,1,0,1,84.92
7.9,1,3,1,1,1,1,92.7,7.5,51.8,0,1,0,70.3,4,1,1,2,57.62
9.13,3,3,1,1,0,0,7.0,5.8,44.0,1,5,0,75.2,2,1,1,2,56.18
8.49,4,1,1,0,0,0,77.2,9.5,50.1,1,4,0,63.9,1,1,2,0,48.03
5.11,1,3,1,1,0,0,38.8,5.6,66.2,0,3,0,51.0,2,0,0,3,0.0
5.78,2,3,1,1,0,1,66.8,5.1,62.3,3,2,2,86.4,3,1,1,2,64.69
9.06,1,3,1,1,0,1,2.5,4.7,90.3,0,6,0,70.9,3,1,1,1,68.1
5.5,3,2,0,1,1,0,43.0,7.3,75.8,0,1,0,48.9,2,1,1,2,55.53
8.1,2,1,1,1,1,0,83.6,4.7,81.4,0,4,0,68.6,3,1,3,2,89.22
7.85,5,2,0,0,0,1,82.3,6.9,80.6,2,5,0,72.3,1,1,2,3,42.16
7.89,3,1,1,0,0,1,19.3,9.4,72.9,0,5,0,70.8,2,1,1,0,62.34
7.69,4,3,1,1,0,1,60.2,8.7,99.1,3,2,1,92.6,3,1,0,2,100.04
6.53,3,1,1,0,0,0,4.9,5.5,83.3,1,2,1,44.5,1,1,2,2,36.17
7.79,1,3,0,1,0,0,57.9,9.3,81.9,3,2,0,78.7,1,1,2,3,44.85
5.54,3,2,1,1,0,0,9.1,6.2,77.3,3,1,0,71.9,2,1,1,3,60.17
6.29,4,2,0,1,1,1,74.5,7.3,54.1,1,5,0,89.9,3,1,1,2,56.67
8.93,0,2,0,0,0,1,63.7,8.0,82.9,1,4,0,60.8,1,1,2,2,51.35
6.02,1,1,0,0,0,1,10.4,7.8,67.2,0,6,0,65.6,1,1,2,0,40.81
6.0,1,3,0,1,0,0,21.4,7.4,88.4,0,6,0,59.5,1,1,2,3,40.2
5.08,3,2,0,0,1,0,29.8,6.5,64.6,0,6,1,59.1,1,1,2,2,36.19
8.36,0,3,1,0,0,0,10.9,9.1,68.7,0,5,0,65.6,1,0,0,3,0.0
6.15,1,1,1,1,0,0,96.3,6.1,99.0,0,5,0,67.0,2,1,0,3,78.78
7.12,4,2,1,0,0,0,69.3,9.8,57.3,3,3,0,88.7,1,1,2,0,41.8
7.94,4,1,1,1,0,0,9.6,5.3,84.4,0,1,0,40.0,2,1,0,2,65.7
7.7,5,1,0,0,1,0,11.5,9.3,66.6,3,3,0,81.2,1,1,2,1,46.65
7.02,2,1,0,0,0,1,6.6,5.2,65.7,3,5,2,83.2,1,1,2,3,45.42
7.39,4,1,0,0,0,0,53.3,5.5,71.0,3,6,1,80.7,0,1,2,2,45.05
6.24,1,2,1,1,1,0,49.3,5.1,58.5,0,3,0,63.0,3,1,0,1,78.73
8.33,3,2,1,0,0,1,89.7,8.8,67.9,2,1,1,74.5,2,1,0,1,72.92
8.74,4,3,0,0,0,0,51.8,4.7,53.8,1,5,0,50.1,0,0,0,3,0.0
9.23,0,3,1,1,1,0,74.6,8.6,90.5,1,5,0,92.2,3,1,1,1,69.9
9.46,3,3,1,0,0,0,28.3,7.7,58.2,1,4,0,63.3,1,1,2,2,46.94
9.49,1,3,1,1,1,0,27.9,4.9,73.7,1,4,0,71.3,3,1,0,2,93.45
5.51,3,3,1,0,1,0,23.8,7.0,44.7,0,1,1,45.6,2,0,0,3,0.0
5.15,2,2,0,1,0,1,68.8,4.2,76.0,2,1,1,61.6,2,1,1,2,71.05
9.68,5,1,0,1,1,0,62.6,9.8,55.1,1,1,1,69.2,2,1,0,2,72.51
6.52,3,1,1,0,0,1,34.5,6.8,98.4,1,3,0,68.0,2,1,0,1,69.39
7.15,2,1,1,0,0,0,67.3,5.5,86.5,1,3,0,48.3,1,1,2,1,45.46
8.42,0,1,1,0,0,1,98.9,6.2,43.3,0,5,0,58.8,2,1,0,3,69.57
6.88,0,1,1,1,0,1,1.8,8.7,88.9,1,1,1,75.2,3,1,0,0,89.44
9.1,4,3,0,0,0,0,78.6,6.4,54.2,2,2,0,49.4,0,1,2,2,50.46
5.67,4,1,0,1,0,1,20.3,7.0,47.6,1,4,0,70.9,2,1,0,1,68.72
7.22,1,1,0,0,0,0,3.8,5.5,68.0,1,1,0,33.8,0,1,2,2,35.92
7.17,3,3,1,1,0,0,58.3,8.6,79.7,1,4,0,78.8,2,1,0,2,73.58
8.92,2,2,1,1,0,0,96.9,5.1,56.5,2,6,0,80.9,2,1,0,1,89.34
9.12,5,1,1,0,0,0,47.5,4.1,40.7,2,6,0,74.5,1,1,2,3,49.42
5.34,3,1,1,0,0,1,59.0,8.0,41.2,1,1,1,59.5,2,1,1,1,67.62
6.23,4,1,1,0,0,1,40.7,9.8,83.1,3,2,0,87.4,2,1,1,0,68.63
5.3,2,1,0,1,1,0,54.8,4.1,99.2,2,2,1,64.6,2,1,1,2,63.23
9.11,3,3,0,1,0,0,1.6,5.3,46.8,1,1,0,37.6,1,0,0,3,0.0
7.09,2,1,1,1,0,1,98.3,7.1,73.5,1,4,0,86.2,3,1,3,3,119.37
9.7,4,2,1,0,0,0,6.8,7.3,91.6,1,4,0,61.6,1,1,2,1,43.69
8.26,0,3,1,0,1,1,49.7,9.5,91.4,1,6,2,102.8,3,1,0,0,91.39
8.7,1,3,1,1,0,1,78.0,9.1,83.7,0,5,0,83.6,3,1,1,0,57.77
6.01,0,1,1,1,0,0,19.6,7.3,50.7,0,5,0,65.5,2,1,1,1,47.69
9.6,3,2,1,1,1,0,21.8,4.6,97.6,0,4,1,60.8,3,1,0,3,73.73
9.66,0,3,1,0,0,1,19.1,8.1,55.5,0,2,0,50.8,2,1,1,1,65.18
6.46,2,1,1,1,0,0,1.7,5.5,51.3,0,5,1,62.0,2,0,0,3,0.0
5.02,5,2,1,1,0,1,86.8,8.8,96.2,1,2,0,74.2,3,1,1,3,60.66
8.95,1,3,1,0,0,0,15.6,6.2,52.5,3,3,0,76.2,1,1,2,1,38.68
6.89,2,1,1,1,0,1,89.5,9.1,51.9,0,3,1,71.5,3,1,3,0,119.68
8.14,1,2,1,0,0,0,33.1,7.7,90.3,1,5,1,66.0,1,1,2,2,37.46
8.22,2,1,0,0,0,0,56.1,9.9,77.9,1,2,0,44.8,0,1,2,3,37.52
7.82,3,3,1,0,0,0,75.9,4.1,66.8,0,2,1,34.1,1,0,0,3,0.0
8.56,1,3,1,0,0,1,68.9,6.8,55.6,2,1,0,70.1,2,1,0,1,79.83
9.17,5,3,1,1,0,0,34.8,4.6,96.8,0,5,2,55.6,2,0,0,3,0.0
7.13,1,1,0,1,0,1,85.9,9.4,43.8,0,6,0,73.3,2,1,0,1,82.42
7.68,0,3,0,0,0,1,27.2,8.8,88.6,0,4,0,53.3,1,1,2,2,48.84
9.57,2,1,1,1,0,0,8.4,6.7,73.7,1,4,0,67.9,2,1,1,3,53.5
7.1,4,3,1,0,1,0,94.2,8.0,81.9,0,2,0,53.4,2,1,1,2,67.69
8.75,0,1,1,0,0,1,67.7,7.4,52.8,0,6,0,73.4,2,1,1,0,58.41
6.12,3,2,1,0,0,0,12.2,5.5,45.1,0,2,0,36.8,1,0,0,3,0.0
9.91,4,1,0,0,0,0,83.4,7.0,77.2,0,4,0,44.2,0,1,2,3,46.19
7.43,4,3,1,1,0,1,16.2,6.9,89.3,2,2,0,81.7,3,1,0,2,72.02
5.95,4,3,0,0,0,0,7.2,6.6,98.8,0,5,0,48.5,0,0,0,3,0.0
6.92,5,2,0,1,1,0,9.3,8.7,66.2,1,4,0,78.5,2,1,1,0,68.16
7.28,4,2,1,1,1,0,88.4,6.7,81.7,1,5,0,89.2,3,1,1,0,73.55
7.16,1,1,1,0,0,0,81.0,5.0,53.3,0,4,0,48.6,1,1,2,3,48.19
5.2,1,2,1,0,1,1,28.6,8.7,58.6,0,1,0,64.6,3,1,0,2,81.38
7.27,4,3,0,0,0,0,30.7,6.6,46.1,0,4,0,43.3,0,0,0,3,0.0
7.1,2,2,1,1,0,1,7.9,5.6,98.1,1,4,0,76.5,3,1,1,1,62.31
5.74,4,3,0,1,0,0,46.0,4.1,44.8,0,5,0,45.8,1,0,0,3,0.0
8.48,0,3,1,0,0,0,50.9,6.7,83.6,2,1,0,58.5,1,1,2,1,38.07
5.18,1,3,1,0,0,1,55.3,5.4,85.5,1,3,0,62.4,2,1,0,1,82.21
8.01,5,2,0,1,0,1,57.3,7.1,53.0,1,1,2,55.6,2,1,0,0,92.55
5.33,4,2,1,1,0,0,0.5,7.1,67.8,3,5,3,96.7,2,0,0,3,0.0
8.18,1,1,0,0,0,0,75.5,4.4,75.6,1,5,2,49.0,0,0,0,3,0.0
6.32,0,2,1,1,0,1,96.5,5.9,82.1,1,2,0,64.1,3,1,1,2,69.12
7.14,4,1,0,1,1,0,54.6,8.3,46.8,0,1,0,52.8,2,1,1,1,55.38
6.24,4,1,1,1,0,1,27.2,8.0,88.2,0,5,1,80.8,3,1,0,2,75.93
6.35,4,3,1,0,0,0,83.6,8.1,99.4,0,4,1,50.5,1,1,2,1,48.96
8.1,4,3,1,0,1,0,9.4,9.8,83.8,0,3,3,63.9,2,0,0,3,0.0
7.04,0,2,0,0,0,0,49.2,6.9,49.4,2,2,0,49.6,0,1,2,3,48.64
5.67,2,1,1,1,1,0,82.6,6.0,81.2,1,3,0,74.2,3,1,0,1,88.82
5.85,4,2,1,0,1,1,80.3,6.3,45.1,2,5,1,90.7,3,1,0,1,83.79
8.45,5,1,0,1,1,0,29.8,8.8,86.4,2,5,2,93.6,2,1,0,0,84.05
9.51,2,3,1,0,1,0,45.2,8.7,78.6,1,2,1,69.1,2,1,1,3,66.35
5.71,1,1,1,0,1,1,49.8,4.6,46.8,1,1,0,56.3,3,1,0,0,83.25
8.22,3,1,0,0,0,0,19.2,5.7,41.8,2,5,0,65.1,0,1,2,0,38.81
6.31,3,2,0,1,1,0,44.5,7.1,68.7,2,4,0,79.0,2,1,0,1,83.41
7.02,3,2,1,0,1,1,29.7,9.1,84.2,0,5,2,82.8,3,1,0,3,77.23
7.49,5,3,1,1,0,1,33.1,4.3,90.1,3,3,0,92.2,3,1,0,3,87.82
8.97,4,2,1,0,0,0,47.3,4.7,79.7,0,4,0,42.1,1,1,2,2,43.74
9.14,3,2,1,0,1,0,6.3,5.0,40.2,2,2,0,65.6,2,1,0,2,69.69
9.28,2,3,1,1,1,1,13.4,4.9,54.2,1,6,0,92.3,4,1,0,1,79.76
6.22,5,3,1,1,1,0,22.4,9.3,90.0,1,6,0,97.1,3,1,0,1,90.69
5.05,2,2,1,0,0,0,83.4,8.6,93.6,0,3,0,46.5,1,1,2,3,45.31
7.41,2,2,0,0,0,0,46.6,4.6,45.6,0,3,0,24.0,0,0,0,3,0.0
6.07,2,2,1,1,0,0,95.6,7.1,90.9,2,5,0,89.0,2,1,1,3,52.59
5.14,0,2,1,1,1,0,85.0,9.5,72.0,1,6,0,101.2,3,1,0,1,82.6
7.71,1,2,1,1,0,1,41.4,7.8,53.3,1,3,0,78.7,3,1,0,1,90.02
5.01,4,1,1,1,0,0,80.5,9.3,98.5,0,3,1,63.2,2,1,0,2,72.61
5.33,0,3,1,0,1,0,31.1,9.8,73.4,0,2,0,60.1,2,1,0,0,71.47
6.83,3,2,1,0,0,0,40.5,6.6,79.1,1,2,1,47.8,1,0,0,3,0.0
7.44,3,2,1,1,1,1,56.6,5.7,69.9,2,1,0,79.5,4,1,1,0,76.5
9.2,3,2,1,0,0,0,47.5,9.5,99.0,3,1,0,70.2,1,1,2,0,50.74
7.25,1,3,1,1,1,0,28.8,4.6,88.3,2,5,0,88.1,3,1,1,2,70.32
8.9,3,1,0,0,1,0,34.4,9.1,66.6,1,2,0,57.6,1,1,2,2,38.87
6.12,3,3,1,1,0,0,47.4,8.9,86.3,0,4,0,70.2,2,1,0,1,79.49
6.29,4,2,1,0,0,0,82.4,4.9,76.6,0,5,0,44.8,1,1,2,0,41.58
7.29,1,2,1,1,0,0,84.5,5.3,40.9,1,5,2,75.7,2,1,0,3,73.36
6.78,1,3,1,1,0,0,44.6,4.4,68.7,0,2,0,38.3,2,1,0,0,85.2
7.63,1,1,0,0,0,0,47.6,8.5,63.9,2,5,2,74.3,0,1,2,3,43.86
8.95,3,3,0,1,1,1,63.5,4.4,57.2,1,5,0,82.7,3,1,0,1,67.76
5.31,4,2,1,0,0,1,44.6,4.3,98.2,1,2,0,52.7,2,1,0,2,69.87
9.42,2,3,0,1,1,0,71.9,9.6,55.1,0,6,3,81.9,2,1,0,2,88.9
9.05,1,3,1,0,1,0,40.5,9.8,48.8,2,4,0,90.5,2,1,1,1,65.9
6.57,2,3,1,1,0,0,93.1,9.2,80.2,0,1,2,51.2,2,0,0,3,0.0
8.98,3,3,1,0,0,1,46.2,8.7,78.3,2,6,0,98.0,2,1,0,1,73.12
9.96,2,1,1,0,1,0,40.4,5.7,97.8,1,3,0,66.8,2,1,1,1,62.92
7.77,0,1,1,0,1,1,44.8,5.8,53.3,3,2,1,88.5,3,1,1,2,73.76
5.81,1,3,1,1,1,0,71.4,5.5,60.9,1,1,1,64.6,3,1,0,3,74.41
7.33,3,3,1,0,0,1,43.2,5.7,89.2,2,3,0,68.2,2,1,0,2,81.58
7.22,5,1,1,1,0,0,16.5,9.7,82.5,1,5,0,86.9,2,1,0,3,67.64
8.14,4,2,1,1,0,0,24.3,8.2,76.5,1,5,0,77.0,2,1,1,0,54.7
5.29,1,2,1,1,0,0,33.0,8.8,65.9,0,1,2,54.2,2,0,0,3,0.0
6.62,5,3,0,1,0,1,49.5,4.7,69.9,1,2,0,50.4,2,1,0,3,83.63
7.8,5,2,1,0,0,0,96.6,8.8,85.5,0,2,1,44.9,1,1,2,3,42.4
8.77,1,1,1,0,0,0,90.5,7.6,52.7,1,6,2,70.2,1,1,2,2,53.24
5.01,1,3,0,1,0,0,79.9,8.9,68.6,2,1,0,58.9,1,1,2,0,44.17
6.18,4,2,0,0,0,1,7.9,5.0,98.6,1,4,0,50.0,1,0,0,3,0.0
5.66,1,1,1,1,0,0,14.6,5.5,94.5,1,6,0,72.6,2,1,1,3,50.59
8.15,1,2,0,0,0,1,65.6,8.3,61.7,0,3,0,45.5,1,1,2,2,51.76
6.27,4,2,1,0,0,0,79.5,4.3,40.6,2,4,0,63.9,1,1,2,2,43.69
6.83,0,1,1,1,1,1,72.0,9.2,41.2,1,6,1,111.0,4,1,1,3,67.82
6.41,5,2,1,1,0,0,42.2,8.5,80.0,1,3,1,69.8,2,1,1,0,71.35
7.06,1,2,1,0,1,0,64.1,4.1,52.2,1,4,1,58.9,2,1,0,1,76.39
7.36,4,2,0,0,1,0,61.0,9.1,90.2,0,5,1,64.2,1,1,2,1,49.68
7.87,1,1,1,0,0,0,17.1,8.7,58.2,0,3,1,51.9,1,1,2,1,46.47
8.69,3,1,0,1,1,1,37.5,9.6,89.5,0,2,3,66.0,3,0,0,3,0.0
6.66,5,1,1,0,0,1,73.7,9.2,98.3,1,5,0,87.5,2,1,0,3,77.46
6.33,5,1,1,1,1,1,18.6,4.1,64.5,3,2,0,89.8,4,1,1,1,55.36
9.77,4,1,1,1,0,0,73.4,8.9,79.0,2,5,0,87.1,2,1,1,1,69.82
7.17,4,2,1,1,0,1,76.2,6.9,68.6,2,1,0,76.2,3,1,1,3,77.26
7.62,3,3,1,1,1,1,93.0,5.9,89.8,1,1,0,77.1,4,1,0,2,90.06
8.46,1,1,1,0,1,0,41.4,6.5,94.4,2,4,0,77.7,2,1,0,2,80.69
9.12,2,1,1,1,0,0,62.9,8.7,87.4,1,6,1,84.2,2,1,0,3,96.77
9.84,0,2,1,0,0,1,42.8,6.2,96.7,0,3,0,58.3,2,1,0,2,76.7
8.32,2,1,0,1,0,1,62.6,6.8,83.7,2,1,3,64.5,2,1,0,1,89.63
8.81,3,2,1,1,1,0,52.2,5.8,60.6,0,4,0,68.9,3,1,1,2,54.93
8.74,0,1,1,1,0,1,20.8,5.0,63.2,2,5,0,85.3,3,1,0,0,77.34
5.97,0,3,1,1,0,1,37.1,9.4,94.7,1,6,0,93.8,3,1,0,2,74.24
6.44,0,1,1,0,0,0,70.4,9.6,70.6,0,3,3,56.4,1,1,2,2,41.26
5.29,3,3,1,1,0,1,38.2,7.8,93.3,1,6,0,89.3,3,1,0,0,80.56
9.53,3,2,1,0,0,1,33.2,4.4,83.1,1,5,0,68.3,2,1,0,0,81.48
7.99,5,2,0,1,0,1,5.1,8.6,41.4,1,3,1,74.4,2,0,0,3,0.0
7.1,2,2,0,0,1,0,60.5,9.7,83.4,1,2,1,54.8,1,1,2,0,45.94
8.12,2,1,0,1,0,1,38.7,4.7,81.5,3,1,0,73.2,2,1,1,0,62.0
9.69,1,2,1,1,0,0,82.1,5.0,70.9,1,2,0,50.1,2,1,0,3,74.38
8.96,5,1,1,1,0,1,99.6,7.9,80.1,2,3,0,90.0,3,1,0,0,77.28
9.14,2,1,1,1,0,0,21.7,7.2,59.1,1,4,0,70.1,2,1,0,2,83.48
6.42,3,3,0,0,0,0,16.1,8.1,97.7,0,5,0,45.0,0,0,0,3,0.0
9.7,3,3,0,1,0,1,23.8,9.3,63.5,3,5,0,104.2,2,1,1,1,74.31
8.05,0,3,1,0,1,0,42.5,4.4,79.9,1,2,1,49.7,2,1,0,2,87.04
8.39,5,2,1,1,0,0,70.1,7.5,49.1,0,3,0,54.1,2,1,0,1,82.3
8.01,2,2,1,0,0,1,82.8,7.0,89.2,1,4,3,68.2,2,1,1,3,52.31
7.02,5,2,1,0,0,0,34.6,5.6,61.3,3,1,1,65.5,1,1,2,1,41.28
7.98,0,3,0,1,1,1,97.0,5.7,88.9,1,3,0,74.4,3,1,0,0,79.24
6.29,0,3,1,1,1,0,50.4,7.4,54.0,1,3,0,77.7,3,1,0,0,74.03
9.1,0,3,1,1,1,1,5.0,5.1,42.3,0,6,0,81.3,4,1,0,0,65.2
5.45,1,2,1,0,0,0,28.3,4.4,72.4,0,3,0,37.2,1,1,2,1,34.62
8.49,5,2,1,1,0,1,64.6,9.2,84.0,0,4,0,75.8,3,1,0,3,69.37
8.32,1,3,0,0,0,0,35.9,8.9,93.0,0,2,1,36.7,0,0,0,3,0.0
5.26,0,2,1,0,0,0,59.7,5.0,79.1,0,2,0,39.8,1,0,0,3,0.0
5.8,3,2,1,1,1,0,24.1,5.1,77.9,1,3,0,65.9,3,1,0,2,71.4
5.22,1,2,1,0,0,0,10.3,6.9,88.2,1,6,0,71.0,1,1,2,0,39.4
5.32,5,1,0,1,1,0,38.2,6.6,60.8,1,3,1,67.0,2,1,0,1,66.46
9.03,5,3,1,0,1,0,95.3,7.1,82.9,1,6,2,82.8,2,1,0,2,84.36
8.4,4,2,0,1,0,1,13.8,4.7,54.8,1,4,0,64.6,2,1,0,2,63.51
9.62,2,3,1,0,1,0,83.3,4.6,66.2,1,2,0,49.4,2,1,0,3,77.79
9.36,4,2,0,0,1,0,25.1,9.9,73.9,2,6,0,89.2,1,1,2,2,52.44
7.41,3,3,1,0,0,1,34.3,8.8,70.9,0,4,3,64.1,2,0,0,3,0.0
9.11,5,1,0,0,0,0,96.1,9.2,92.8,2,5,1,74.9,0,1,2,1,43.76
6.47,4,1,0,1,0,0,64.7,4.8,55.4,3,6,0,85.5,1,1,2,2,53.32
5.34,0,2,0,1,0,1,10.1,5.9,92.9,1,6,1,81.4,2,1,0,2,67.12
7.61,4,2,1,0,0,0,86.4,8.7,65.8,1,5,2,75.0,1,1,2,3,48.84
6.53,2,1,1,1,0,1,64.8,4.5,67.0,1,3,0,69.8,3,1,1,0,47.64
9.5,1,2,1,1,0,0,34.4,4.9,62.7,0,4,2,51.1,2,0,0,3,0.0
8.93,1,1,1,1,1,0,40.8,5.1,89.5,2,5,0,91.5,3,1,0,1,74.86
6.22,5,3,0,0,0,0,67.7,5.1,71.3,1,5,0,54.5,0,1,2,3,35.92
8.5,0,3,1,0,0,0,90.9,6.5,77.9,3,2,1,69.7,1,1,2,0,45.51
8.96,4,3,0,0,0,1,20.2,5.5,49.2,3,5,0,80.0,1,1,2,2,49.4
9.3,1,2,0,1,0,1,71.6,8.6,45.8,0,2,0,55.1,2,1,0,3,81.49
8.18,1,3,0,1,1,0,36.9,4.1,47.3,0,2,0,46.3,2,0,0,3,0.0
5.97,1,3,1,0,0,1,94.1,5.4,49.7,3,1,0,74.2,2,1,0,3,92.86
7.4,1,3,1,0,0,1,10.2,6.3,76.7,3,2,0,80.0,2,1,0,3,79.19
9.44,4,1,1,1,0,1,5.0,4.9,58.5,1,5,0,76.9,3,1,0,0,67.44
7.0,0,2,1,1,0,0,37.1,4.2,89.3,1,2,0,55.5,2,1,0,2,82.32
8.94,0,1,1,1,0,0,16.6,9.5,64.9,0,2,0,53.5,2,1,1,0,50.47
5.9,1,3,1,1,1,0,70.4,6.8,49.1,0,2,0,60.6,3,1,0,1,81.42
5.44,1,1,1,1,1,0,28.5,9.7,53.3,1,4,0,90.7,3,1,0,0,72.45
5.69,4,2,0,0,0,0,9.4,5.3,90.0,3,4,3,64.3,0,0,0,3,0.0
5.47,3,3,1,1,0,1,66.7,7.3,96.8,0,4,1,75.8,3,1,0,2,72.61
7.52,2,1,0,0,1,1,26.1,6.5,82.8,1,4,3,71.2,2,1,1,1,62.08
7.99,3,2,0,0,0,1,57.6,7.7,90.8,1,5,1,64.7,1,1,2,0,42.32
6.42,2,3,0,1,1,0,50.1,8.2,84.7,2,5,0,85.7,2,1,1,1,58.69
5.45,5,3,1,1,1,1,65.1,8.7,70.6,0,1,0,74.1,4,1,0,1,71.52
8.79,0,2,1,0,1,1,18.7,6.5,90.9,1,3,0,74.8,3,1,0,2,77.24
5.09,5,2,0,1,0,0,10.8,8.8,87.0,1,1,0,53.5,1,1,2,0,42.44
9.92,4,2,1,1,0,1,73.2,8.5,45.2,1,6,0,96.2,3,1,0,1,85.21
7.51,3,3,1,1,0,1,35.2,8.1,50.0,2,1,3,77.2,3,0,0,3,0.0
9.16,3,1,1,1,0,0,57.7,5.1,99.5,1,6,0,75.7,2,1,1,0,67.26
8.93,4,3,1,1,0,0,45.3,9.0,94.8,0,3,0,58.5,2,1,0,2,69.74
6.45,5,2,0,1,1,0,44.7,4.7,90.7,0,2,0,46.1,2,1,0,0,59.3
5.81,5,3,1,1,0,1,90.0,7.7,86.5,0,6,0,83.3,3,1,1,2,68.34
9.58,2,3,0,0,0,1,50.0,5.0,45.1,0,2,0,33.7,1,0,0,3,0.0
5.54,5,2,1,1,1,0,88.9,5.9,59.7,0,6,1,78.4,3,1,1,1,61.46
8.89,3,2,1,0,0,0,37.3,7.3,51.0,1,4,1,63.7,1,0,0,3,0.0
7.91,1,2,1,0,0,1,67.4,8.8,77.8,2,5,0,92.7,2,1,0,2,98.13
7.43,2,1,0,0,0,0,49.7,4.1,96.6,1,2,0,30.6,0,1,2,1,47.85
6.68,1,1,0,0,0,0,28.5,6.3,46.6,2,5,0,67.9,0,1,2,2,44.98
5.91,4,2,1,1,1,0,35.4,5.1,89.4,0,6,0,78.9,3,1,1,3,52.94
7.96,2,3,1,1,0,0,56.6,8.4,98.0,0,5,1,74.0,2,1,1,1,54.68
7.07,0,3,0,1,0,0,62.4,8.7,55.0,2,2,1,70.3,1,0,0,3,0.0
5.58,3,2,1,0,0,0,48.1,5.5,68.5,1,3,2,51.5,1,0,0,3,0.0
6.29,3,3,1,1,1,0,89.3,8.4,47.7,2,3,0,94.1,3,1,1,3,65.07
7.53,2,2,1,0,0,0,44.7,6.4,79.8,1,6,0,66.8,1,1,2,3,37.49
7.58,0,3,1,0,1,0,67.6,9.2,41.6,1,4,0,76.4,2,1,0,0,92.7
6.34,2,3,0,0,0,0,61.8,7.3,97.4,2,1,1,45.3,0,1,2,1,43.68
9.85,1,3,0,1,0,1,13.4,8.3,42.2,0,2,0,50.8,2,1,0,3,65.58
5.32,0,1,1,0,0,0,23.4,6.2,61.0,1,5,2,63.8,1,0,0,3,0.0
8.04,2,3,0,1,1,0,18.3,9.7,66.7,0,1,0,57.6,2,0,0,3,0.0
9.06,0,3,1,0,0,0,9.1,8.6,77.8,2,4,0,72.9,1,1,2,0,51.86
7.95,3,3,0,0,0,1,25.3,9.8,87.8,3,1,0,69.8,1,1,2,1,50.7
7.28,5,1,1,0,0,0,86.9,6.8,80.2,2,1,1,60.3,1,1,2,3,47.09
8.25,1,2,1,1,0,1,20.7,8.1,94.8,1,3,0,74.7,3,1,0,0,69.01
7.67,4,1,1,0,0,1,88.2,9.0,45.5,1,4,0,76.8,2,1,0,1,87.85
5.79,1,1,1,1,1,1,50.4,4.4,87.4,2,1,0,82.4,4,1,0,2,89.94
6.68,2,3,1,1,0,0,7.7,6.0,98.5,0,2,0,52.6,2,1,0,2,66.94
6.52,1,1,1,0,1,0,58.7,8.6,83.9,1,6,1,84.7,2,1,0,3,67.15
7.48,3,3,0,0,1,1,83.3,8.2,79.7,0,6,1,73.8,2,1,0,1,84.1
9.27,0,1,0,1,1,0,7.7,9.7,44.3,1,5,0,87.6,2,1,0,0,85.02
5.04,3,1,1,1,0,0,85.1,4.5,91.8,1,3,0,58.0,2,1,1,2,54.04
8.48,0,3,1,1,0,0,61.3,9.3,92.1,0,2,0,61.9,2,1,0,0,69.69
5.74,5,2,1,0,0,0,92.3,4.2,61.1,0,4,2,40.7,1,0,0,3,0.0
7.91,4,3,1,1,0,1,95.2,7.9,67.7,1,1,0,67.9,3,1,1,3,69.79
6.46,4,1,1,1,0,0,37.9,5.1,70.7,2,4,1,72.1,2,1,1,2,48.71
8.77,4,2,1,1,0,0,82.7,4.7,63.1,0,5,1,55.9,2,1,0,3,83.58
9.66,2,3,0,1,0,0,97.3,4.5,70.4,1,6,0,63.0,1,1,2,1,43.42
6.84,1,3,0,0,0,1,67.1,9.6,62.8,2,2,0,69.3,1,1,2,3,38.75
5.48,1,3,0,1,0,1,28.1,7.9,47.1,0,5,3,71.2,2,0,0,3,0.0
7.08,1,1,1,0,1,0,41.7,9.0,98.8,1,6,0,84.1,2,1,0,3,72.29
7.55,1,2,1,1,1,0,39.1,8.1,40.8,1,3,0,84.3,3,1,1,0,59.89
8.1,1,3,1,0,0,1,80.5,7.0,68.4,0,3,1,56.8,2,0,0,3,0.0
9.36,3,2,1,1,1,1,39.7,4.8,57.3,0,1,1,57.9,4,1,1,2,72.86
9.56,0,1,1,1,1,1,58.7,8.5,83.3,2,5,0,110.6,4,1,0,2,87.4
9.19,0,2,0,1,0,1,93.6,8.9,71.8,0,5,0,73.3,2,1,1,1,70.7
7.76,0,3,1,1,0,1,54.0,6.5,83.2,3,3,1,89.8,3,1,1,3,67.85
5.58,2,3,0,1,1,0,43.6,10.0,85.9,1,4,0,76.6,2,1,0,2,82.25
8.98,5,1,0,1,1,1,69.6,7.2,73.5,0,4,0,68.2,3,1,0,3,67.98
9.86,3,3,1,0,1,0,22.5,9.7,53.5,0,3,1,67.0,2,0,0,3,0.0
5.11,1,2,0,1,0,0,73.9,5.2,75.3,2,3,0,65.3,1,1,2,0,42.95
7.55,5,1,1,0,0,0,42.8,9.7,52.9,3,1,0,71.0,1,1,2,2,51.33
5.24,2,1,1,1,0,1,85.8,8.5,68.4,0,4,0,74.1,3,1,0,1,85.44
7.78,3,3,1,1,0,0,10.4,4.1,40.8,0,5,0,56.5,2,0,0,3,0.0
9.08,0,2,1,0,0,1,17.1,5.7,61.2,1,3,0,67.1,2,1,0,3,82.91
7.11,0,3,0,1,1,1,63.4,8.4,89.3,2,5,1,104.3,3,1,1,2,68.9
9.96,4,3,0,1,1,0,60.7,8.3,77.6,1,4,2,76.1,2,1,1,2,59.72
7.88,4,3,1,0,1,0,84.5,9.0,40.7,0,4,2,63.4,2,0,0,3,0.0
7.77,1,1,1,1,1,0,19.3,8.4,60.9,1,4,0,83.9,3,1,0,2,74.14
9.83,5,2,0,0,1,0,94.3,6.3,72.3,2,5,0,74.9,1,1,2,0,44.7
5.2,0,1,1,1,0,1,50.2,8.7,77.5,1,1,0,67.9,3,1,1,1,69.5
9.34,5,1,1,0,1,0,16.6,7.9,59.6,0,5,0,72.0,2,1,1,1,48.54
5.64,0,3,1,1,0,1,75.2,4.0,69.1,2,3,0,76.5,3,1,0,0,85.51
8.95,0,1,1,0,0,1,42.9,7.6,51.7,0,5,0,63.3,2,1,0,2,83.92
7.74,5,2,1,0,0,0,18.3,6.7,42.6,3,4,1,82.8,1,1,2,0,42.25
7.35,5,1,0,1,0,0,5.1,9.7,54.8,1,6,0,81.0,1,1,2,3,42.8
7.33,1,1,1,1,0,1,80.3,5.8,92.5,1,3,2,69.2,3,1,3,1,106.95
6.16,2,1,1,0,0,1,75.1,6.7,45.8,1,5,0,73.4,2,1,1,0,60.08
8.89,1,3,1,0,0,0,78.2,5.4,93.1,1,3,1,53.2,1,1,2,3,42.22
9.57,4,3,1,0,0,1,42.7,7.4,65.3,0,1,0,42.3,2,0,0,3,0.0
5.86,3,3,0,0,0,0,94.5,6.1,41.9,1,3,0,41.4,0,1,2,0,47.63
8.91,5,2,0,1,0,1,71.9,4.6,61.5,1,2,0,53.5,2,1,0,1,85.28
7.53,1,1,1,1,0,1,35.3,5.5,81.6,0,4,0,66.8,3,1,1,2,57.13
9.99,4,1,1,1,0,0,73.7,6.6,92.9,1,4,1,69.3,2,1,1,1,62.59
6.11,4,2,0,1,0,0,11.4,9.1,84.3,2,6,0,90.6,1,1,2,1,39.37
5.94,4,3,1,0,0,1,41.3,9.8,64.5,0,4,2,68.3,2,0,0,3,0.0
9.88,5,1,1,1,0,0,39.2,5.9,93.1,1,5,2,71.9,2,1,0,0,71.95
5.31,2,1,0,0,0,0,42.0,8.6,54.8,0,6,2,51.0,0,0,0,3,0.0
5.33,1,3,1,1,1,1,25.1,7.8,79.8,0,2,0,70.0,4,1,0,3,85.91
7.47,0,3,0,0,0,0,75.8,9.4,66.1,2,5,0,69.5,0,1,2,0,44.34
5.35,2,2,1,0,0,1,22.1,5.2,65.3,0,2,2,45.1,2,0,0,3,0.0
7.35,1,1,0,0,0,1,27.6,7.1,40.8,1,3,0,58.5,1,1,2,3,45.91
9.92,3,1,1,1,0,0,96.5,6.2,79.7,1,5,0,76.3,2,1,0,0,91.59
7.39,1,2,1,0,1,0,65.7,9.6,83.2,2,6,0,98.4,2,1,0,1,81.29
8.5,5,1,1,1,1,0,58.7,6.2,70.4,1,2,0,70.7,3,1,0,2,90.33
6.73,1,3,0,1,1,1,22.3,6.5,44.1,0,6,1,76.6,3,1,0,0,61.94
9.61,1,3,0,1,1,0,80.8,7.6,59.4,1,3,1,65.4,2,1,0,1,73.51
7.89,1,2,1,1,1,0,42.0,5.9,88.1,2,3,1,81.8,3,1,0,1,72.96
5.57,3,1,1,1,0,1,51.2,9.4,74.2,1,3,0,88.0,3,1,1,0,69.55
6.75,3,2,1,0,0,0,29.2,5.8,71.0,0,3,1,39.7,1,0,0,3,0.0
5.27,0,3,0,0,0,0,10.7,10.0,100.0,1,4,0,55.1,0,1,2,1,44.61
9.06,0,2,1,1,1,1,85.2,7.0,82.5,0,2,1,70.8,4,1,0,2,98.3
7.33,5,1,0,1,0,0,11.2,8.5,59.0,1,5,1,71.4,1,1,2,3,41.48
8.76,0,2,0,0,0,0,73.2,7.8,98.0,0,4,0,44.0,0,1,2,2,48.7
5.97,2,2,1,1,0,1,95.7,9.3,73.4,1,1,3,75.6,3,1,0,0,78.3
7.78,4,1,0,0,1,0,43.6,7.1,66.4,1,1,1,46.3,1,1,2,0,43.08
5.93,0,1,1,0,0,0,13.1,8.6,65.1,2,5,0,84.2,1,1,2,3,50.54
5.36,4,2,1,0,1,0,59.8,8.5,78.2,1,4,2,79.5,2,1,0,2,73.14
7.46,0,1,1,1,1,0,13.3,8.1,66.4,3,1,2,90.0,3,1,1,0,65.79
5.17,5,2,1,1,0,0,1.0,5.8,59.1,2,3,2,73.2,2,0,0,3,0.0
9.82,0,3,0,1,1,0,0.6,7.1,49.2,1,3,1,68.5,2,1,0,0,86.36
9.19,1,3,0,0,0,1,54.7,5.1,41.8,2,6,0,73.1,1,1,2,0,51.69
6.1,5,2,1,1,0,0,70.2,7.2,82.7,0,1,0,49.2,2,1,0,2,86.9
6.83,0,1,0,1,0,0,95.3,6.9,68.3,0,5,0,56.8,1,1,2,0,44.54
7.39,3,1,1,0,0,0,81.7,4.7,98.3,3,4,0,71.4,1,1,2,0,45.12
5.51,1,3,1,0,0,0,72.0,4.3,70.5,1,5,0,54.6,1,0,0,3,0.0
9.75,5,3,0,0,0,0,56.0,9.8,67.9,0,5,0,50.8,0,1,2,3,36.51
8.18,3,3,0,0,0,0,97.3,8.1,42.2,0,3,1,35.7,0,0,0,3,0.0
5.47,4,2,1,0,1,0,44.3,9.7,70.2,0,4,0,73.5,2,1,0,2,83.19
6.59,1,3,1,1,0,1,5.4,6.6,45.8,0,4,1,68.0,3,0,0,3,0.0
5.5,1,1,1,1,0,1,77.7,7.9,50.4,2,5,0,97.0,3,1,3,1,111.07
7.0,4,2,1,0,0,0,89.3,7.5,91.3,3,6,0,96.6,1,1,2,0,49.27
6.68,0,3,0,0,0,0,62.2,6.3,71.8,0,1,0,28.2,0,0,0,3,0.0
6.31,1,2,0,1,1,1,98.2,6.3,94.9,1,1,0,65.5,3,1,1,1,73.94
9.41,1,3,0,0,0,1,48.4,6.1,49.5,2,4,1,69.4,1,0,0,3,0.0
8.05,3,3,1,1,1,1,93.8,5.7,49.1,0,5,0,78.1,4,1,0,3,89.75
7.01,4,2,1,0,0,0,55.5,9.1,41.7,1,3,0,60.8,1,1,2,0,42.5
6.88,3,3,1,1,0,1,2.3,8.8,98.5,1,6,0,98.6,3,1,1,0,72.13
8.89,2,2,1,0,1,1,15.4,9.5,40.5,1,3,0,88.5,3,1,1,1,52.51
6.55,2,3,1,1,0,1,10.4,6.6,100.0,0,1,1,54.3,3,1,0,2,67.35
6.85,2,2,0,1,0,0,0.5,4.0,89.2,2,6,0,70.4,1,1,2,0,41.07
7.09,0,3,1,0,0,0,86.8,6.1,90.2,1,5,2,60.9,1,0,0,3,0.0
9.8,0,1,1,1,1,0,48.5,4.8,77.5,3,1,0,84.4,3,1,0,1,73.88
8.75,0,1,1,1,1,1,48.4,8.5,75.9,1,3,0,94.3,4,1,0,2,79.05
7.12,0,3,1,0,0,0,89.2,7.9,43.4,2,3,0,71.9,1,1,2,0,51.74
8.6,5,2,1,0,0,0,62.9,5.6,97.5,0,6,0,58.5,1,1,2,2,40.55
5.99,3,3,1,1,0,1,65.8,4.2,73.3,1,6,3,82.8,3,1,0,1,78.81
5.75,3,2,1,1,0,0,95.1,8.8,50.8,0,4,2,63.2,2,1,0,2,90.94
9.81,3,1,0,0,0,1,33.0,8.3,49.9,1,5,0,69.3,1,1,2,1,53.83
5.57,1,1,1,0,1,1,4.8,8.2,93.8,0,2,0,59.8,3,1,0,3,79.55
9.17,1,3,1,1,1,1,81.2,6.9,62.1,2,2,0,91.4,4,1,1,0,77.26
8.8,4,3,0,1,0,1,87.6,7.6,50.6,2,3,0,81.9,2,1,0,2,92.95
5.53,5,2,0,0,0,1,23.8,8.2,99.9,2,6,2,89.5,1,1,2,1,43.68
9.22,1,3,0,1,0,0,34.3,5.9,71.0,1,6,0,66.1,1,1,2,1,43.04
7.54,4,1,0,1,0,0,93.4,9.6,50.5,2,1,0,64.8,1,1,2,0,57.19
7.74,4,3,0,1,0,0,63.3,7.7,94.2,0,6,1,61.8,1,1,2,0,38.31
5.84,0,2,1,1,0,0,8.1,8.5,51.5,2,6,0,96.2,2,1,1,3,63.61
5.29,3,1,0,1,1,1,68.0,7.4,77.9,0,5,0,76.0,3,1,1,0,53.57
6.15,0,2,0,1,0,1,28.8,9.2,89.9,1,2,2,67.1,2,1,1,1,59.01
5.2,5,1,1,1,0,0,41.3,9.3,72.8,0,2,0,62.6,2,1,0,0,70.95
5.32,2,2,1,0,1,0,72.7,4.3,60.1,1,4,0,62.2,2,1,0,0,86.23
8.91,2,1,0,0,0,1,53.5,7.3,49.4,1,4,0,58.0,1,1,2,2,44.02
9.25,1,3,1,0,0,0,0.7,8.9,96.5,1,1,1,54.0,1,0,0,3,0.0
9.49,5,2,1,0,0,1,37.6,5.8,57.3,0,2,1,45.3,2,0,0,3,0.0
6.2,4,2,1,1,1,0,69.7,4.8,96.4,1,6,0,88.8,3,1,0,2,67.32
9.46,3,3,0,1,0,1,87.4,10.0,44.1,2,1,0,75.7,2,1,0,3,85.24
5.5,0,2,1,1,1,0,70.4,5.6,55.2,3,4,0,92.6,3,1,0,2,77.36
7.76,5,2,0,1,1,0,6.8,7.3,75.5,2,3,1,73.3,2,1,1,0,67.35
6.07,2,2,0,1,1,0,44.7,8.4,69.7,0,1,0,50.1,2,1,0,2,64.17
7.74,0,2,0,1,0,0,18.7,4.1,65.6,1,5,2,57.2,1,1,2,1,38.5
5.42,3,2,1,1,1,1,75.0,5.6,49.6,0,4,0,75.9,4,1,1,2,53.62
9.11,0,2,1,0,1,0,90.6,8.5,94.3,1,4,2,79.4,2,1,0,3,94.24
6.86,4,1,1,0,0,0,62.4,9.7,88.5,0,3,2,51.4,1,1,2,1,44.78
8.51,3,1,1,1,0,0,62.7,7.3,75.2,0,1,0,49.7,2,1,0,3,80.48
7.31,0,1,0,0,0,1,68.0,5.0,92.8,1,6,2,68.4,1,1,2,0,46.34
9.04,4,2,0,1,0,0,17.8,4.0,58.8,0,3,0,38.6,1,1,2,3,44.61
8.7,2,2,1,1,1,0,48.5,6.9,56.7,0,5,0,74.4,3,1,1,0,53.61
8.9,3,1,1,1,1,0,5.4,5.5,43.1,0,3,0,64.3,3,1,0,0,83.32
6.27,0,2,1,0,0,1,15.6,9.3,82.2,0,1,0,51.7,2,1,1,3,49.14
5.88,4,1,0,1,1,1,70.9,7.7,86.8,1,2,0,72.8,3,1,1,0,64.27
8.05,1,2,1,0,0,0,70.7,9.2,85.8,0,5,1,57.6,1,1,2,2,37.67
8.54,2,3,0,1,1,0,2.7,9.9,80.4,0,3,0,67.1,2,1,0,1,71.28
8.55,0,1,0,0,0,0,76.4,4.4,60.1,0,4,0,34.5,0,1,2,0,42.0
6.2,0,1,0,0,0,1,93.7,5.5,46.3,0,6,0,52.0,1,1,2,3,38.03
8.38,3,3,0,1,0,0,81.8,6.0,88.8,0,3,0,43.0,1,1,2,0,38.04
5.37,0,1,1,1,0,1,5.1,6.0,41.5,0,6,0,77.5,3,1,0,1,65.6
8.2,3,3,1,0,1,0,52.2,4.9,54.0,2,5,0,77.3,2,1,1,0,50.97
7.54,0,2,0,0,0,1,0.8,4.3,53.2,3,6,0,84.1,1,1,2,3,43.36
9.39,5,2,0,0,0,0,11.5,6.8,76.8,3,4,0,71.6,0,1,2,1,45.33
8.82,2,2,1,0,0,0,41.5,8.7,44.0,0,5,0,65.4,1,1,2,3,41.87
6.92,4,1,1,0,0,0,15.8,9.7,54.4,1,3,1,67.0,1,1,2,2,39.51
8.51,0,1,1,0,1,0,99.6,9.2,97.4,2,3,0,86.7,2,1,0,1,84.29
9.72,2,3,1,0,0,0,62.3,10.0,73.1,1,4,0,67.0,1,1,2,2,41.16
8.66,1,1,1,1,0,0,47.0,9.6,45.8,0,6,0,82.0,2,1,0,2,88.19
7.98,1,2,1,1,0,1,26.3,4.7,77.4,0,6,0,76.8,3,1,0,3,86.33
8.07,5,3,1,1,1,0,3.6,9.0,96.7,1,4,1,85.8,3,1,0,2,90.51
8.83,3,2,1,1,0,0,28.3,8.8,96.7,0,3,0,65.9,2,1,1,0,67.23
6.88,2,2,1,0,1,1,43.9,6.0,48.9,0,1,3,49.4,3,0,0,3,0.0
5.88,0,2,1,1,1,0,88.5,4.5,41.4,2,6,0,91.5,3,1,0,1,83.5
9.92,5,1,1,0,0,1,66.6,7.6,58.6,1,2,1,58.0,2,1,0,1,67.66
8.95,4,2,0,1,1,0,6.4,4.1,69.6,0,5,2,53.5,2,0,0,3,0.0
6.11,0,2,1,1,0,0,14.4,7.4,41.1,1,2,0,57.8,2,1,1,1,48.58
7.97,1,2,1,1,0,0,80.3,8.8,72.5,0,3,0,66.0,2,1,0,1,90.34
6.35,3,3,1,1,1,1,16.8,6.2,82.9,2,5,0,99.1,4,1,0,2,70.17
8.21,1,3,1,1,0,0,47.0,7.8,82.8,1,1,1,55.3,2,1,1,1,66.39
9.07,4,3,0,0,1,0,51.4,9.5,93.1,2,2,1,72.6,1,1,2,1,44.61
8.81,4,1,1,0,0,1,68.6,7.1,65.2,1,1,0,60.3,2,1,1,1,64.53
7.13,3,1,1,0,0,0,51.8,7.2,68.1,0,6,0,61.9,1,1,2,0,45.9
7.54,4,1,1,1,0,0,63.7,9.7,94.0,1,3,0,75.3,2,1,1,3,64.98
5.12,0,3,1,0,0,1,22.7,8.3,60.0,3,6,0,102.3,2,1,1,1,63.09
8.98,0,1,0,0,0,1,72.7,6.1,94.6,1,4,1,57.2,1,1,2,3,40.77
7.76,3,3,0,0,1,0,50.1,5.6,64.6,1,5,1,61.8,1,0,0,3,0.0
9.34,2,3,0,1,0,0,95.3,8.1,68.2,1,2,0,53.9,1,1,2,1,43.31
7.08,4,2,1,0,0,0,97.4,8.5,49.3,1,2,0,54.7,1,1,2,3,52.93
7.02,3,1,1,0,0,1,9.2,9.2,83.6,1,2,1,66.3,2,1,1,3,54.6
6.79,1,1,1,1,1,1,6.8,5.8,92.3,1,3,0,82.8,4,1,1,0,68.75
6.39,0,2,1,0,0,0,4.8,4.4,68.5,2,6,1,72.2,1,0,0,3,0.0
6.08,2,2,1,1,0,0,58.2,7.6,92.5,2,2,0,70.2,2,1,0,0,67.05
9.8,1,2,1,1,0,0,12.5,5.8,95.7,1,1,0,54.6,2,1,0,1,85.63
9.31,2,1,0,0,0,0,25.2,6.3,81.2,1,5,1,50.4,0,0,0,3,0.0
9.06,4,1,0,1,0,1,80.5,9.3,54.0,2,1,0,72.1,2,1,0,2,95.01
6.34,0,3,1,1,0,1,59.6,8.1,59.3,0,3,1,73.8,3,1,0,0,66.88
6.77,4,2,1,1,0,1,98.5,6.4,69.1,1,2,0,73.8,3,1,0,3,89.05
6.79,2,3,0,0,0,1,26.7,8.8,45.5,1,2,0,60.6,1,1,2,2,39.77
8.6,3,1,1,1,1,0,50.3,8.6,75.6,0,3,0,65.9,3,1,0,0,76.8
8.95,3,2,1,1,1,1,70.1,9.7,92.6,2,1,1,94.1,4,1,0,0,75.14
7.77,2,1,1,1,0,0,62.7,4.6,77.3,1,3,0,57.6,2,1,0,2,66.45
7.68,1,1,1,0,0,0,54.9,4.2,80.2,0,4,0,46.1,1,1,2,1,44.85
6.44,2,2,1,1,0,0,85.9,7.6,53.9,1,3,0,70.0,2,1,1,0,62.27
8.75,1,3,1,0,0,1,63.9,9.5,68.4,1,4,2,75.7,2,1,1,0,67.65
7.69,4,3,1,1,0,0,99.4,6.3,52.3,1,2,0,55.0,2,1,1,0,54.76
6.02,4,3,1,1,0,1,36.4,8.1,69.6,1,3,0,79.7,3,1,1,3,69.46
6.2,0,1,1,0,0,0,79.1,4.5,76.4,1,1,0,37.6,1,1,2,1,42.52
8.59,1,3,1,1,1,1,60.1,5.9,61.4,1,1,1,68.4,4,1,1,2,72.1
7.54,0,3,0,0,0,0,93.6,7.6,74.5,1,1,0,37.0,0,1,2,1,47.25
7.72,4,3,1,1,1,0,76.7,10.0,93.3,0,4,0,78.1,3,1,0,3,79.21
7.39,0,1,0,1,1,0,60.9,7.8,70.0,2,2,3,76.5,2,1,0,0,74.87
5.89,2,3,1,0,0,0,48.2,8.1,58.2,2,2,1,59.8,1,0,0,3,0.0
9.02,3,1,1,0,1,0,92.4,5.3,46.9,0,5,0,65.3,2,1,0,1,79.63
8.48,0,1,1,1,0,1,11.1,8.1,93.2,0,3,1,65.5,3,1,0,1,80.7
7.28,3,3,1,1,0,1,27.5,8.3,43.6,2,6,0,109.5,3,1,0,0,78.59
6.57,5,2,1,1,0,0,6.3,5.0,52.6,1,4,0,63.5,2,1,1,0,51.46
6.56,3,3,1,1,0,1,74.7,4.9,97.4,0,2,0,57.3,3,1,1,2,57.04
6.55,3,1,0,1,1,0,51.5,6.7,67.4,0,2,2,47.9,2,1,1,3,54.52
8.15,3,3,1,0,1,0,79.5,5.2,82.0,0,2,0,49.5,2,1,0,2,75.58
7.45,4,3,0,1,0,1,42.8,6.7,46.4,0,1,1,47.1,2,0,0,3,0.0
8.5,2,3,0,1,0,0,70.7,4.8,50.2,2,3,0,63.0,1,1,2,1,40.52
8.7,2,1,0,1,0,0,65.0,9.1,56.3,1,2,0,53.8,1,1,2,2,41.43
9.47,1,1,0,0,0,1,54.5,8.1,88.5,3,1,0,64.7,1,1,2,3,52.75
6.88,3,3,0,0,0,1,3.0,5.4,44.1,2,3,1,59.5,1,0,0,3,0.0
6.57,5,3,1,1,0,1,47.6,4.8,51.6,0,1,0,48.5,3,1,0,2,63.98
9.88,4,2,0,1,0,0,38.7,6.1,92.2,3,3,0,72.3,1,1,2,3,48.19
6.73,5,2,0,1,0,1,39.4,9.0,65.0,0,4,2,63.4,2,0,0,3,0.0
5.78,3,3,1,1,0,0,41.0,9.9,40.7,1,1,0,68.5,2,1,0,0,85.29
9.93,4,1,1,1,0,0,73.4,6.2,83.5,2,1,0,66.2,2,1,1,2,62.52
8.64,4,3,1,1,1,1,20.2,5.2,94.1,1,6,1,93.3,4,1,0,1,77.22
9.3,5,3,1,1,0,0,40.1,5.5,93.1,0,5,2,59.6,2,1,0,2,68.68
5.88,5,2,0,1,1,1,7.2,4.6,66.9,1,2,0,64.4,3,1,0,0,73.98
5.44,2,1,1,0,0,1,38.2,7.0,57.6,0,6,0,75.8,2,1,0,0,71.35
9.41,1,2,0,1,0,0,66.6,5.0,93.3,0,6,2,55.4,1,1,2,2,44.14
9.5,4,1,0,1,0,0,43.6,5.2,92.1,2,6,2,73.4,1,1,2,2,40.87
9.06,5,1,1,0,0,1,26.3,5.4,69.0,0,3,2,53.0,2,0,0,3,0.0
8.38,2,1,1,0,0,0,77.3,6.1,70.0,2,5,0,75.1,1,1,2,1,46.02
5.36,2,1,1,1,0,1,66.9,7.0,98.3,2,1,0,76.2,3,1,1,0,67.85
6.07,0,3,0,1,0,0,45.8,9.8,83.9,3,5,0,96.2,1,1,2,1,46.81
5.77,4,3,1,1,0,1,20.9,6.9,51.4,2,4,0,86.6,3,1,0,2,85.58
8.77,0,3,0,1,1,0,49.2,8.1,64.4,2,2,1,78.3,2,1,1,0,53.48
5.59,1,3,1,1,1,0,23.4,5.6,57.2,0,1,0,55.6,3,1,1,0,49.12
5.51,2,1,1,0,0,0,34.6,4.2,43.9,2,1,0,49.7,1,1,2,0,44.36
6.03,1,1,0,0,0,1,26.8,4.3,65.5,2,6,3,75.8,1,0,0,3,0.0
5.78,3,3,1,0,0,0,38.7,9.1,78.6,1,1,0,48.5,1,0,0,3,0.0
8.52,2,2,0,0,1,1,87.4,9.2,61.5,3,1,0,77.8,2,1,0,2,90.37
5.86,1,1,1,1,0,1,47.5,8.5,87.2,2,4,1,94.0,3,1,0,0,75.51
6.57,4,3,0,1,0,0,17.4,4.2,41.8,1,6,0,62.2,1,0,0,3,0.0
7.15,2,1,0,0,0,1,50.8,8.8,92.6,1,4,1,67.1,1,1,2,0,42.41
6.06,0,3,1,1,0,1,37.5,5.2,88.4,1,4,1,78.0,3,1,0,2,73.22
5.17,1,3,1,1,0,0,89.5,5.6,60.1,3,3,1,86.0,2,1,1,3,74.63
5.15,1,2,1,0,0,0,58.5,5.0,44.6,3,3,0,71.2,1,1,2,1,44.51
8.26,3,1,0,1,1,0,18.8,7.0,46.4,2,2,0,75.5,2,1,1,0,62.92
5.62,2,1,1,1,0,0,76.6,9.9,90.6,1,5,2,83.7,2,1,0,3,96.15
6.42,4,2,0,1,0,1,3.7,5.3,41.1,0,1,0,40.8,2,0,0,3,0.0
8.24,4,3,1,0,0,1,7.6,8.0,88.2,2,6,0,93.2,2,1,0,3,88.74
8.07,2,1,1,1,0,0,98.1,5.1,68.9,0,6,2,66.6,2,1,1,3,55.89
6.24,0,2,1,0,0,1,29.6,4.5,73.2,0,6,1,60.2,2,1,1,1,62.7
9.63,3,1,1,1,0,1,37.2,6.1,60.9,0,6,0,81.9,3,1,1,1,66.81
6.7,4,3,1,1,0,1,42.1,4.6,54.4,2,5,0,86.8,3,1,0,3,88.54
7.32,1,1,0,0,0,0,48.6,5.2,92.5,2,3,0,52.3,0,1,2,0,46.23
5.52,0,2,1,1,1,0,12.4,6.2,65.8,2,2,0,77.4,3,1,0,1,67.04
7.61,4,2,1,1,1,0,98.6,6.8,53.1,3,2,1,87.0,3,1,0,1,97.29
7.56,0,1,0,1,0,1,49.8,4.4,73.6,1,4,0,65.7,2,1,0,2,73.0
8.93,3,1,0,0,0,0,8.7,5.9,62.4,0,3,0,28.4,0,0,0,3,0.0
5.98,3,3,1,1,0,0,79.2,6.3,69.5,2,2,3,68.5,2,0,0,3,0.0
9.46,3,1,0,1,0,1,64.0,6.4,65.5,0,5,0,68.1,2,1,1,1,53.97
5.12,1,1,1,1,1,1,79.7,9.2,68.6,2,1,1,89.2,4,1,3,2,120.89
6.23,3,2,1,0,1,0,78.1,7.3,65.6,1,4,0,68.7,2,1,0,2,78.14
7.58,0,1,1,1,0,0,22.6,8.2,91.2,0,4,2,65.8,2,1,1,2,57.34
5.9,4,1,1,1,1,1,42.0,8.4,67.2,0,3,1,79.0,4,1,1,2,67.1
5.03,2,1,1,1,0,0,41.5,9.4,89.9,0,3,0,59.3,2,1,1,2,54.86
5.87,0,1,1,0,0,1,87.4,7.5,59.9,2,2,0,71.1,2,1,0,0,86.01
9.71,1,1,0,0,0,0,40.3,4.4,91.0,1,1,0,23.4,0,0,0,3,0.0
9.7,4,1,0,0,0,0,25.9,8.3,70.3,0,6,1,52.3,0,1,2,3,38.93
7.29,5,2,0,1,0,1,52.3,8.9,85.1,0,1,0,47.9,2,1,0,1,79.96
9.89,2,2,1,0,1,0,7.9,5.4,89.8,0,6,0,63.4,2,1,1,3,51.06
8.57,4,1,0,1,0,0,48.9,5.9,92.2,0,4,0,50.8,1,1,2,2,37.52
8.7,5,3,1,1,1,0,23.7,8.4,62.5,0,4,0,74.7,3,1,0,0,77.37
7.55,1,3,1,1,0,0,5.6,9.2,80.6,2,1,1,73.3,2,1,0,2,69.91
7.52,0,1,1,0,0,0,0.2,9.4,40.8,0,4,1,61.8,1,1,2,2,42.66
5.5,5,2,1,0,0,0,10.8,9.2,78.4,1,6,0,77.1,1,1,2,2,43.75
6.98,5,2,1,0,1,1,90.1,6.1,56.6,0,6,0,76.1,3,1,1,1,58.4
8.84,0,1,1,0,0,1,38.1,8.9,49.0,3,4,0,92.3,2,1,0,2,76.75
7.76,4,2,1,0,1,1,28.8,4.1,49.9,1,6,0,80.3,3,1,0,3,87.12
5.9,4,2,1,0,1,1,75.6,8.1,45.9,1,3,1,76.2,3,1,1,0,55.7
8.49,4,3,0,1,1,0,89.8,6.8,70.9,2,1,0,65.0,2,1,0,3,72.29
7.2,1,3,0,1,0,0,99.6,4.8,90.9,0,1,0,28.6,1,0,0,3,0.0
6.08,0,2,0,1,0,0,5.0,9.9,82.6,1,5,0,74.7,1,1,2,1,38.0
8.05,0,1,1,1,0,0,11.1,7.1,93.5,3,1,0,76.0,2,1,1,2,49.64
5.94,2,2,1,1,1,0,66.9,8.1,40.2,0,1,0,61.8,3,1,1,2,61.52
8.2,5,2,1,1,1,0,18.8,8.8,50.8,1,2,0,76.7,3,1,0,2,89.96
8.2,2,1,1,0,0,1,86.3,7.8,67.7,1,1,2,57.1,2,1,0,2,83.83
9.09,5,1,1,0,0,1,60.0,8.1,91.7,2,6,0,90.6,2,1,1,1,73.21
10.0,3,3,0,0,1,1,81.1,9.4,70.4,0,3,0,58.8,2,1,0,0,93.83
8.92,5,1,0,0,0,0,36.5,6.6,71.3,0,2,0,28.4,0,0,0,3,0.0
7.12,1,2,0,0,1,1,57.7,4.9,65.7,1,5,0,67.0,2,1,0,1,72.74
8.9,1,3,0,0,0,0,68.3,6.3,63.8,0,1,1,21.3,0,0,0,3,0.0
9.17,2,3,1,0,1,0,83.1,6.2,88.1,1,2,1,54.2,2,1,0,0,73.51
5.73,2,1,0,1,1,1,56.7,4.9,44.8,1,6,0,84.1,3,1,0,0,65.67
8.44,3,3,0,1,0,0,67.1,10.0,96.3,3,2,0,79.6,1,1,2,0,46.1
6.9,2,3,0,1,1,1,55.5,5.7,91.8,0,3,0,64.3,3,1,0,2,76.97
8.75,0,1,1,0,0,0,66.1,5.8,84.3,2,4,0,67.2,1,1,2,1,45.3
5.92,2,1,1,1,0,0,31.0,5.1,91.8,0,2,3,47.3,2,0,0,3,0.0
8.98,3,2,1,1,0,0,19.2,5.1,51.0,1,5,0,69.3,2,1,0,3,72.54
8.84,0,1,1,1,0,0,57.0,9.5,42.2,3,3,0,88.8,2,1,0,3,93.18
5.5,1,2,1,0,0,0,58.8,8.7,99.2,0,4,0,56.7,1,1,2,1,42.14
9.73,0,2,1,0,1,0,86.3,6.3,51.2,1,6,0,74.4,2,1,0,1,92.1
6.02,4,2,1,1,0,1,11.1,5.6,47.9,2,6,0,93.1,3,1,1,0,60.27
6.47,2,2,0,1,0,0,66.5,6.0,62.7,2,5,0,69.6,1,1,2,3,51.36
7.26,3,3,0,0,1,0,67.4,5.0,40.4,3,6,0,84.6,1,1,2,3,44.66
5.09,5,3,1,1,0,1,6.8,5.2,64.4,1,3,0,68.2,3,1,1,0,48.19
8.0,4,3,1,1,0,0,38.7,5.7,83.8,2,6,0,83.9,2,1,0,1,73.05
7.11,3,2,1,1,0,0,37.2,9.5,48.0,2,6,0,100.7,2,1,1,3,70.38
9.78,5,3,1,0,0,0,3.4,8.4,79.0,2,2,1,66.7,1,1,2,3,48.1
6.45,5,3,1,0,1,1,62.3,8.4,97.5,1,4,0,87.1,3,1,0,1,70.79
5.47,3,1,1,1,0,0,16.0,5.1,58.7,0,2,3,47.5,2,0,0,3,0.0
7.16,5,3,1,1,0,0,27.8,9.8,82.1,1,4,1,78.3,2,1,0,3,90.05
6.22,5,3,0,1,0,0,21.5,8.2,44.9,1,6,0,71.6,1,1,2,1,39.31
6.64,1,1,0,1,0,1,3.2,7.1,53.1,3,4,3,94.8,2,1,1,1,60.34
6.73,2,1,0,0,0,0,38.1,4.9,63.7,0,6,0,46.3,0,1,2,1,41.55
9.64,0,2,1,1,0,0,25.1,9.3,88.4,0,4,0,64.6,2,1,1,3,61.09
6.25,4,1,0,1,1,0,19.8,5.3,77.0,0,4,0,53.2,2,1,0,2,77.34
7.31,2,2,1,1,0,0,35.4,5.7,64.5,0,1,0,43.7,2,0,0,3,0.0
9.31,4,2,0,1,0,0,38.0,7.5,95.8,0,6,0,59.2,1,1,2,3,42.62
5.59,4,3,1,0,1,0,19.0,9.1,63.4,2,2,1,81.5,2,0,0,3,0.0
9.41,3,1,1,1,1,0,67.8,9.7,80.3,1,3,0,82.9,3,1,0,1,80.41
7.3,4,1,1,1,0,0,89.7,7.5,95.2,3,3,0,84.3,2,1,1,1,72.89
6.29,0,3,0,1,0,1,3.3,6.4,61.5,0,2,0,48.2,2,0,0,3,0.0
7.07,1,1,1,0,1,0,84.7,7.7,65.4,0,6,0,76.9,2,1,1,3,55.05
8.7,1,1,1,0,0,1,49.2,9.1,47.0,2,3,0,85.0,2,1,0,3,93.27
7.72,2,1,0,0,0,1,40.2,9.9,79.2,3,5,3,96.5,1,1,2,2,44.77
9.4,1,3,0,1,0,0,64.4,5.0,99.3,0,6,0,57.8,1,1,2,2,44.3
5.47,3,3,0,1,0,0,52.7,7.0,68.4,0,5,1,51.5,1,1,2,1,42.06
9.51,0,1,0,0,0,1,75.3,9.5,57.9,0,3,0,55.7,1,1,2,0,42.43
7.34,4,1,0,1,1,1,15.8,4.9,73.8,2,4,0,86.0,3,1,1,1,68.0
10.0,0,1,1,1,1,0,95.5,6.3,54.6,1,6,3,86.1,3,1,3,3,107.78
8.3,4,1,1,0,1,0,62.1,9.2,93.5,2,1,0,68.8,2,1,0,3,95.09
9.59,1,1,1,1,0,1,54.5,5.2,47.8,0,2,0,51.4,3,1,0,0,68.72
6.13,3,2,1,1,0,1,34.9,6.7,47.5,2,6,1,96.6,3,1,0,0,75.12
9.13,3,3,0,1,0,0,10.8,6.5,78.3,0,4,3,53.6,1,0,0,3,0.0
9.44,1,1,0,0,0,0,53.0,9.5,98.2,0,5,0,56.5,0,1,2,0,47.18
7.78,0,1,1,0,0,0,74.4,5.7,92.4,1,3,0,53.6,1,1,2,2,41.19
7.32,1,1,1,1,0,0,14.4,8.4,98.2,2,1,1,74.0,2,1,0,1,81.8
6.78,5,1,1,1,0,0,73.5,7.1,54.0,0,4,0,65.1,2,1,0,2,71.06
6.76,3,2,0,1,1,0,37.9,7.8,79.1,1,6,0,88.3,2,1,0,3,84.55
6.06,5,3,1,1,0,0,11.9,9.1,89.1,1,2,0,68.7,2,1,1,0,64.56
5.54,5,3,1,0,0,0,57.3,6.1,70.5,3,1,1,59.5,1,0,0,3,0.0
5.53,2,3,1,1,0,0,26.4,7.2,50.7,0,3,0,51.7,2,0,0,3,0.0
8.47,4,2,1,0,1,1,16.6,9.2,96.0,0,6,0,85.4,3,1,0,1,68.88
9.29,2,1,0,1,0,0,79.5,8.2,60.1,0,1,1,43.1,1,1,2,3,43.83
6.28,4,3,0,1,0,0,62.8,8.5,41.7,1,4,1,60.9,1,0,0,3,0.0
6.58,4,2,0,0,1,0,75.4,7.2,60.7,1,1,0,45.3,1,1,2,2,38.89
9.16,4,2,0,1,0,0,54.4,8.6,93.0,2,2,0,62.3,1,1,2,1,44.21
6.52,1,3,1,0,0,1,94.3,6.1,46.8,2,5,0,82.8,2,1,0,2,84.53
5.62,1,2,1,0,0,1,83.9,4.9,50.1,1,1,1,47.1,2,1,0,3,72.67
5.46,2,3,0,0,0,0,66.4,5.8,83.1,0,1,0,23.6,0,0,0,3,0.0
9.61,1,2,1,0,0,1,36.6,6.2,76.7,0,3,0,48.7,2,1,0,3,73.14
6.09,4,1,1,1,0,0,21.3,7.3,83.8,0,1,1,48.2,2,0,0,3,0.0
6.97,2,3,1,0,0,0,29.2,4.5,62.6,0,6,1,54.5,1,0,0,3,0.0
6.9,3,1,0,1,1,0,45.2,6.8,42.2,1,6,0,75.5,2,1,0,0,71.9
5.5,0,1,1,0,0,1,39.8,5.3,50.6,2,1,0,57.1,2,1,1,2,50.65
8.14,2,3,1,0,0,1,91.2,7.8,74.7,0,2,0,53.2,2,1,1,0,68.25
9.19,0,1,1,1,0,0,76.7,5.5,45.6,1,2,0,58.4,2,1,1,0,67.49
8.25,4,3,1,0,1,1,15.7,5.9,96.5,0,2,0,55.9,3,1,0,2,81.22
5.86,0,1,0,0,0,0,58.1,9.8,57.8,2,4,3,64.4,0,0,0,3,0.0
5.32,5,1,1,0,1,1,97.1,4.7,98.7,1,4,1,74.8,3,1,3,0,87.72
7.85,4,3,1,0,0,1,14.1,5.5,69.3,1,2,0,60.1,2,0,0,3,0.0
5.55,4,3,1,1,0,1,33.2,7.7,56.0,3,3,0,93.6,3,1,0,2,74.54
6.77,4,2,1,1,1,1,41.7,8.8,86.6,0,2,0,73.0,4,1,1,2,57.04
6.92,5,3,1,1,0,1,76.6,9.7,93.5,0,3,0,77.6,3,1,1,2,73.36
8.82,5,2,0,1,0,0,66.6,5.0,52.0,0,6,2,55.7,1,0,0,3,0.0
9.75,0,1,1,1,0,0,40.7,7.5,99.5,3,2,0,87.4,2,1,0,0,78.85
9.25,0,2,0,0,1,1,46.6,5.4,53.8,2,6,2,87.4,2,1,0,2,83.11
8.69,2,2,1,0,0,0,51.3,7.7,90.7,0,6,1,66.8,1,1,2,3,44.21
9.86,5,1,1,1,0,0,68.8,9.6,43.6,2,1,2,76.3,2,1,0,0,88.87
6.58,3,3,0,1,0,0,95.0,7.7,42.2,2,1,3,57.6,1,0,0,3,0.0
8.51,2,1,1,0,0,1,65.6,9.2,52.6,2,4,0,86.8,2,1,0,2,76.76
5.92,2,2,1,1,0,1,36.0,10.0,98.7,2,2,2,87.9,3,1,1,2,62.09
7.92,5,1,1,1,0,0,47.2,9.6,43.7,0,4,0,70.0,2,1,1,2,52.46
7.2,5,2,1,1,0,0,23.4,8.6,51.8,2,1,0,68.1,2,1,1,3,57.07
8.32,5,1,1,1,1,1,42.6,8.1,51.0,0,2,0,70.1,4,1,1,0,60.14
8.75,4,1,1,1,1,1,0.4,7.1,75.7,3,6,0,125.8,4,1,1,3,64.3
6.78,0,3,1,0,1,0,21.7,7.7,93.4,0,6,0,68.4,2,1,0,2,73.03
5.93,1,1,0,0,0,0,8.7,6.4,82.7,0,1,2,24.5,0,0,0,3,0.0
9.64,4,3,1,1,1,0,25.9,7.4,99.0,2,4,0,89.8,3,1,1,1,66.32
5.73,1,1,1,0,0,0,49.2,7.5,40.2,1,2,0,54.2,1,1,2,0,48.23
6.31,3,1,1,1,1,1,25.3,6.9,67.0,1,4,0,89.7,4,1,1,0,55.22
6.5,2,2,0,0,1,1,31.7,10.0,79.3,2,2,0,80.0,2,1,1,3,60.55
5.97,0,3,1,0,0,0,3.6,8.2,68.8,2,4,0,75.2,1,1,2,3,45.33
5.53,4,1,1,0,1,1,35.8,9.1,81.5,1,1,1,77.2,3,1,0,2,69.41
7.42,4,3,1,1,1,0,44.2,9.5,75.1,0,3,0,78.4,3,1,1,3,50.4
9.36,0,1,1,0,0,0,5.3,9.7,61.7,1,5,0,78.2,1,1,2,1,49.62
7.36,2,3,0,0,0,0,53.2,8.4,91.8,0,2,0,34.1,0,1,2,2,48.66
7.79,3,1,1,0,0,0,74.6,5.8,92.8,0,3,0,38.8,1,1,2,3,45.28
6.95,2,1,0,0,0,0,37.1,6.3,98.3,0,5,0,39.6,0,1,2,0,44.12
7.34,4,1,1,1,0,0,76.0,4.1,43.8,2,1,0,54.1,2,1,1,0,65.02
9.6,5,2,1,1,0,0,6.8,9.8,79.6,0,2,0,62.3,2,1,1,0,57.11
5.81,0,1,0,1,1,1,38.8,4.2,66.9,1,4,0,72.3,3,1,1,1,60.91
7.41,1,2,0,0,1,0,46.1,9.9,74.3,0,6,0,65.1,1,1,2,0,51.35
6.86,3,2,0,0,1,0,84.3,9.5,67.9,3,5,0,95.7,1,1,2,3,52.52
7.44,1,1,0,1,0,1,32.0,5.8,78.5,0,6,0,70.4,2,1,0,2,75.85
7.74,5,2,1,1,0,0,88.3,6.1,42.7,0,3,0,49.3,2,1,1,2,66.47
8.36,2,2,0,1,1,0,29.6,4.7,55.6,2,2,0,60.1,2,1,1,3,66.25
8.19,3,3,0,0,0,0,22.2,7.7,65.8,1,5,0,58.6,0,0,0,3,0.0
9.94,1,1,1,0,0,0,50.6,5.7,82.0,1,1,0,39.9,1,1,2,3,41.46
7.64,2,3,1,0,0,0,53.5,6.8,67.0,0,4,0,47.4,1,1,2,0,41.77
6.02,2,1,0,0,0,0,26.3,9.3,59.2,0,2,0,35.0,0,0,0,3,0.0
6.44,1,2,0,0,0,1,52.4,6.1,95.8,2,3,0,62.8,1,1,2,3,47.61
8.25,2,3,1,1,1,1,25.4,5.6,63.8,1,6,0,94.5,4,1,0,2,77.07
9.62,5,3,0,1,1,1,87.3,8.3,51.6,1,2,0,79.5,3,1,1,2,63.58
8.07,1,1,1,0,1,0,3.7,4.1,90.5,0,2,0,42.3,2,0,0,3,0.0
6.61,1,3,0,0,0,1,69.8,8.4,61.7,0,6,0,69.8,1,1,2,2,47.14
5.16,4,1,1,1,0,0,47.5,8.3,58.7,1,1,1,61.8,2,1,0,0,75.41
9.5,3,1,1,1,0,0,62.8,8.5,74.3,0,6,0,71.4,2,1,0,3,86.11
5.44,0,1,0,1,0,1,0.0,9.3,44.0,3,1,0,87.2,2,1,0,3,80.43
7.93,3,3,1,1,0,0,25.0,9.6,91.0,2,6,2,101.7,2,1,1,2,69.32
9.06,2,2,1,0,0,1,67.6,8.9,46.0,2,5,0,94.4,2,1,0,3,89.61
6.74,1,3,1,1,0,1,14.5,9.1,76.6,2,3,0,92.2,3,1,1,3,74.76
7.16,0,1,0,0,0,1,82.0,7.6,98.7,1,6,0,68.0,1,1,2,1,53.68
9.15,1,1,0,1,1,0,33.3,8.8,65.8,1,4,0,76.3,2,1,0,3,83.17
5.91,3,1,1,1,1,0,30.3,5.2,92.3,2,6,1,91.0,3,1,0,3,80.0
8.04,2,1,1,1,0,1,87.0,9.8,40.8,2,2,0,88.5,3,1,3,0,112.15
5.1,2,3,1,1,0,0,5.6,5.1,92.2,1,1,1,53.0,2,0,0,3,0.0
9.8,3,1,0,1,1,0,86.4,9.4,42.2,2,1,2,75.3,2,1,0,3,87.13
5.73,0,2,1,0,1,0,8.8,9.4,94.1,1,5,2,87.7,2,1,1,3,57.45
5.08,0,3,0,1,1,0,34.4,4.4,40.6,2,6,0,87.2,2,1,1,1,70.17
9.47,3,1,1,1,0,1,89.6,9.0,87.0,1,5,0,93.8,3,1,3,1,90.99
9.95,2,3,1,1,0,1,92.6,4.5,75.8,1,6,0,84.0,3,1,0,2,88.99
8.84,5,2,1,1,0,1,25.2,5.8,76.5,1,3,0,69.9,3,1,1,2,64.66
6.74,2,2,0,1,0,1,40.2,9.6,85.6,0,3,1,63.8,2,1,0,3,78.4
8.95,4,1,1,0,0,0,65.1,8.6,89.0,2,3,0,75.5,1,1,2,1,50.31
6.12,0,3,0,0,1,0,93.8,9.8,97.9,0,2,1,50.7,1,1,2,3,44.44
5.1,2,2,1,0,1,1,40.9,9.1,60.1,0,1,0,64.0,3,1,1,1,63.14
8.78,0,1,1,1,1,1,63.7,7.8,80.5,1,1,0,82.9,4,1,0,2,77.38
7.24,2,2,1,0,0,1,49.5,6.4,98.4,2,6,0,88.6,2,1,0,2,89.29
9.13,2,3,0,1,1,0,35.8,9.3,44.1,2,3,0,82.8,2,1,1,3,54.72
6.34,3,3,1,0,0,1,89.4,5.1,41.3,2,5,1,77.0,2,1,0,1,86.95
5.44,1,2,0,0,0,1,70.6,5.9,91.2,1,1,2,47.2,1,0,0,3,0.0
8.18,4,1,0,0,0,0,67.5,5.3,50.8,1,4,0,50.0,0,1,2,2,36.52
7.99,3,2,0,0,0,1,32.1,6.2,43.6,2,1,2,56.2,1,0,0,3,0.0
6.71,2,1,1,0,1,1,34.1,4.8,51.7,0,2,2,58.1,3,0,0,3,0.0
8.55,4,2,0,0,0,1,23.7,9.2,84.1,1,5,0,73.5,1,1,2,3,40.08
7.49,3,2,1,1,0,1,58.7,9.8,83.2,1,6,0,103.8,3,1,0,1,81.2
9.02,1,2,1,0,0,1,10.1,9.4,57.7,0,5,0,70.5,2,1,0,0,78.06
8.53,1,3,0,1,0,0,54.7,8.2,99.5,1,2,0,52.9,1,1,2,3,43.76
9.46,0,3,0,1,0,0,3.4,5.0,98.6,0,1,0,33.9,1,0,0,3,0.0
9.52,5,1,1,0,1,1,82.0,6.0,78.3,2,4,0,91.6,3,1,3,2,112.51
6.11,1,3,1,1,0,0,63.6,5.9,92.0,3,6,0,94.9,2,1,0,1,77.95
9.64,2,3,1,0,0,0,29.7,7.8,98.3,0,4,2,54.5,1,0,0,3,0.0
6.69,1,3,1,1,0,0,79.6,6.6,45.9,0,4,0,58.4,2,1,0,0,88.28
5.75,0,1,0,1,0,0,92.5,9.4,64.1,1,2,1,61.1,1,1,2,3,42.32
5.4,4,2,1,0,1,1,99.6,6.1,73.7,2,3,0,84.4,3,1,0,0,71.7
7.63,0,3,0,0,0,0,25.8,6.0,87.8,2,5,0,64.3,0,0,0,3,0.0
6.14,3,2,0,0,1,0,6.6,8.0,61.9,0,2,1,39.7,1,0,0,3,0.0
5.81,5,3,1,1,0,0,79.5,8.4,64.5,2,4,0,87.7,2,1,0,2,72.58
8.63,3,1,1,1,0,0,61.5,8.0,56.5,3,3,1,88.1,2,1,1,3,66.96
6.51,1,3,1,0,1,0,30.2,9.7,49.3,0,1,0,53.4,2,1,0,2,72.81
9.35,0,1,1,1,0,1,93.4,8.7,44.1,1,1,0,68.2,3,1,3,1,123.71
8.42,3,3,0,0,1,1,96.5,10.0,43.8,1,2,0,69.4,2,1,0,1,69.42
7.64,5,2,1,0,1,1,14.0,4.3,59.2,2,3,0,76.9,3,1,0,1,75.9
8.33,2,1,1,1,1,1,43.6,8.5,95.7,2,3,0,105.1,4,1,1,1,63.38
9.77,1,3,1,0,0,0,56.6,6.3,93.1,0,2,1,34.0,1,0,0,3,0.0
5.91,0,2,1,0,0,0,18.3,7.6,44.9,3,4,2,78.2,1,0,0,3,0.0
6.79,2,1,1,0,0,1,15.2,8.6,96.2,1,2,1,65.9,2,1,1,0,64.51
6.86,2,3,1,1,0,0,96.8,6.5,85.8,1,5,0,77.6,2,1,0,2,91.47
5.54,1,2,1,0,1,0,71.1,5.8,55.4,0,1,1,41.0,2,0,0,3,0.0
9.56,1,2,0,1,0,0,5.8,9.3,98.7,1,1,2,51.8,1,0,0,3,0.0
9.19,3,2,1,0,1,0,84.4,9.7,72.8,0,5,1,77.0,2,1,0,0,80.03
8.37,2,3,0,1,0,0,12.4,7.3,76.4,1,4,0,64.3,1,1,2,3,47.01
7.75,5,2,1,0,0,1,33.7,9.9,76.5,2,2,0,84.6,2,1,0,2,87.31
5.09,4,2,1,1,1,0,29.2,9.9,57.3,1,5,0,96.7,3,1,0,3,89.78
7.95,2,1,0,0,0,0,2.0,9.7,83.8,0,1,0,37.4,0,0,0,3,0.0
9.84,5,3,0,1,1,1,66.1,7.4,45.5,0,4,0,68.4,3,1,1,1,69.28
7.19,5,2,1,0,0,0,47.2,4.6,80.4,2,4,1,67.6,1,1,2,3,45.79
7.44,2,3,1,0,0,0,97.2,5.0,91.9,0,2,0,34.3,1,1,2,3,36.49
8.82,1,2,0,0,0,0,6.6,4.3,94.8,3,3,1,60.9,0,1,2,2,47.96
7.83,0,1,1,0,0,1,76.2,7.9,41.5,3,2,0,87.7,2,1,0,2,75.71
5.2,1,1,1,1,1,1,54.9,6.9,71.8,0,6,0,88.8,4,1,1,3,70.01
5.45,0,2,0,1,1,0,70.1,6.1,85.9,1,1,0,49.5,2,1,1,2,67.36
7.46,1,2,0,0,0,0,32.1,7.5,75.6,3,5,0,81.6,0,1,2,2,48.34
5.67,1,2,1,0,1,0,14.1,4.5,66.4,0,5,0,56.4,2,1,1,3,45.75
9.59,4,1,1,1,0,0,7.1,9.0,97.2,0,5,2,75.4,2,1,0,3,83.52
8.7,5,2,1,1,1,0,90.1,8.8,90.4,0,4,0,77.4,3,1,0,2,80.49
7.76,4,2,0,0,1,0,23.7,5.8,56.1,0,6,0,59.2,1,1,2,2,38.0
6.79,2,2,1,0,1,1,42.9,7.0,50.6,1,5,0,90.9,3,1,1,3,65.13
6.76,1,3,1,1,1,1,61.1,4.3,79.8,0,6,0,80.7,4,1,1,3,61.64
6.85,0,2,0,0,0,1,85.2,4.1,69.2,0,4,0,41.8,1,1,2,1,46.7
8.43,5,2,0,0,0,1,95.1,5.4,85.9,1,6,0,66.5,1,1,2,0,51.5
7.85,1,2,1,0,0,1,19.5,6.8,66.1,1,5,0,77.0,2,1,1,0,56.58
8.07,3,3,0,0,0,0,3.0,5.5,57.4,0,4,1,36.2,0,0,0,3,0.0
5.14,4,1,1,1,0,1,97.5,5.7,82.8,0,4,0,64.1,3,1,3,3,112.8
9.95,0,1,1,1,0,1,26.1,6.1,86.0,3,3,0,95.4,3,1,0,2,93.32
9.15,4,2,0,1,0,0,88.0,7.4,70.1,2,3,1,63.2,1,1,2,0,42.03
5.9,2,1,0,1,0,0,27.0,4.6,64.9,1,6,0,66.0,1,1,2,3,44.32
6.55,4,3,1,1,0,1,7.1,7.1,52.0,1,2,0,66.7,3,1,0,3,79.62
9.83,4,3,1,1,0,1,35.6,8.7,82.6,1,1,2,73.1,3,1,0,3,81.52
6.66,0,3,0,1,0,0,27.6,9.8,76.7,0,5,3,61.6,1,0,0,3,0.0
5.6,3,1,0,1,0,0,23.1,10.0,56.2,1,3,0,67.7,1,1,2,3,42.8
9.85,1,1,1,0,0,1,54.8,4.0,63.0,3,4,1,83.3,2,1,1,3,51.0
6.41,2,3,1,1,1,0,13.9,4.8,47.6,2,3,1,82.8,3,0,0,3,0.0
9.51,4,2,1,1,0,1,40.5,7.5,98.2,0,6,0,80.3,3,1,0,1,72.71
6.27,0,3,0,0,0,0,6.3,6.6,90.8,0,5,0,44.3,0,0,0,3,0.0
8.26,4,3,0,0,1,1,80.4,4.8,71.2,2,3,0,68.2,2,1,0,2,83.06
5.6,1,3,0,0,0,0,39.0,5.4,52.9,1,4,3,49.7,0,0,0,3,0.0
8.18,3,3,1,1,0,0,80.5,5.3,75.2,2,6,1,90.5,2,1,1,0,58.7
5.29,5,1,1,1,0,1,1.6,6.3,93.7,0,1,0,49.9,3,1,0,0,60.59
8.69,4,1,1,1,0,0,30.1,5.7,56.7,0,3,2,52.8,2,1,1,2,48.17
6.73,0,2,1,1,0,0,55.5,5.8,80.5,1,6,0,77.6,2,1,0,2,81.54
6.1,1,3,1,1,1,0,37.6,4.2,79.4,0,4,0,67.2,3,1,0,1,73.52
6.44,0,3,0,1,1,0,26.6,8.4,86.5,1,1,0,58.9,2,1,0,2,67.97
5.09,5,2,1,1,0,0,43.4,9.6,76.2,2,4,0,84.6,2,1,1,2,68.93
9.56,1,3,0,1,0,0,68.2,7.1,61.5,0,1,0,34.6,1,0,0,3,0.0
9.28,4,2,1,0,0,0,62.5,8.1,52.0,0,1,0,39.3,1,1,2,0,52.5
5.8,4,1,0,0,1,0,90.2,4.3,55.5,0,4,0,38.1,1,1,2,1,39.67
5.91,2,1,1,1,0,0,64.6,8.0,65.1,1,5,0,82.1,2,1,0,1,84.25
8.27,1,2,0,1,0,0,7.5,4.1,42.9,0,4,0,37.8,1,0,0,3,0.0
7.8,2,3,1,0,1,1,31.4,6.8,71.0,2,4,0,90.8,3,1,0,2,83.81
7.38,2,1,0,1,0,1,65.2,5.5,69.5,0,1,0,39.1,2,1,0,1,75.92
9.96,1,1,1,0,1,1,12.7,7.0,66.5,2,5,0,95.7,3,1,0,2,73.6
8.36,0,2,1,1,0,0,74.6,7.2,68.8,1,6,1,85.2,2,1,1,2,70.27
6.05,0,1,1,1,1,0,23.6,9.2,74.6,1,1,3,69.5,3,1,0,0,85.51
5.81,2,1,1,0,1,0,17.9,8.8,43.3,0,5,0,73.3,2,1,1,2,51.38
7.82,0,2,1,0,0,1,91.1,5.4,87.6,0,1,0,44.9,2,1,0,0,66.01
9.93,4,2,1,1,0,0,34.3,6.5,50.6,0,6,0,70.7,2,1,0,2,81.2
9.81,3,1,1,1,0,1,38.6,9.5,78.8,0,2,1,65.9,3,1,0,3,83.87
7.01,0,2,1,1,0,0,41.0,6.2,83.7,0,4,0,59.3,2,1,0,2,86.63
8.98,4,3,0,0,0,1,71.0,8.1,67.0,2,4,0,72.2,1,1,2,3,44.41
6.7,3,2,0,0,0,1,97.5,9.1,53.1,0,2,0,49.3,1,1,2,3,44.48
8.38,4,1,0,0,0,0,23.3,5.3,59.7,0,1,1,25.6,0,0,0,3,0.0
7.3,2,1,1,1,0,1,97.8,9.6,84.9,0,5,0,86.9,3,1,3,1,117.15
8.78,1,3,1,0,1,0,58.1,4.3,49.4,1,4,2,64.4,2,0,0,3,0.0
6.83,1,3,0,0,1,1,81.4,9.0,43.7,0,3,1,65.0,2,1,1,2,56.07
5.91,0,2,0,0,0,0,6.7,6.0,58.1,2,3,1,56.2,0,0,0,3,0.0
5.49,2,2,0,0,0,0,85.3,4.9,81.9,1,6,0,54.8,0,1,2,2,36.26
5.24,4,3,1,0,0,1,46.2,7.2,52.2,0,6,0,67.1,2,1,0,0,78.08
6.44,0,1,0,1,0,1,74.1,8.7,49.9,0,6,0,79.8,2,1,0,2,85.66
5.57,5,1,0,1,1,0,77.1,5.1,99.4,2,2,1,68.6,2,1,0,1,77.55
5.34,4,2,1,1,0,1,27.2,6.0,51.5,0,6,0,75.9,3,1,1,2,52.01
6.73,4,1,0,1,1,1,42.0,7.4,76.9,1,4,1,77.9,3,1,1,0,69.37
9.79,4,1,1,1,0,1,81.0,9.6,56.9,1,4,0,91.0,3,1,3,2,113.12
6.95,1,3,0,1,0,0,30.8,6.5,94.9,3,1,0,61.9,1,1,2,1,43.99
9.7,2,2,0,1,1,1,17.3,8.0,89.0,1,5,0,92.4,3,1,0,3,67.31
9.28,4,1,0,1,0,1,25.7,4.1,42.4,2,1,1,55.4,2,1,1,0,49.72
9.13,1,3,1,1,0,1,9.5,9.3,89.4,1,2,0,76.2,3,1,1,0,55.47
8.53,3,3,0,0,0,0,97.3,7.7,44.5,1,5,0,56.0,0,1,2,3,44.87
8.8,3,3,1,1,1,1,85.7,9.1,79.9,3,2,0,104.2,4,1,1,3,62.98
6.25,4,2,0,0,0,0,10.7,8.5,41.4,1,1,0,36.6,0,0,0,3,0.0
7.7,4,1,1,0,1,0,85.4,5.0,44.1,0,6,1,64.8,2,1,1,0,66.81
6.58,3,1,0,0,1,0,1.2,4.3,67.5,1,5,1,59.9,1,0,0,3,0.0
6.81,5,3,1,0,0,1,60.2,9.8,73.7,2,1,0,69.9,2,1,0,0,92.97
6.01,4,1,1,1,0,0,15.3,8.7,93.5,1,2,0,65.6,2,1,0,3,71.99
7.99,3,2,0,1,0,0,45.9,9.7,41.2,2,5,0,86.4,1,1,2,3,51.96
5.19,5,3,1,1,0,1,20.3,9.2,91.9,1,1,0,74.4,3,1,0,0,86.8
5.42,2,3,0,1,0,0,42.5,5.3,52.3,1,4,1,57.7,1,0,0,3,0.0
7.96,0,3,1,1,0,0,87.0,5.2,97.5,2,5,0,75.9,2,1,1,3,62.92
5.79,3,1,0,1,0,0,57.1,8.5,55.1,1,2,2,57.4,1,0,0,3,0.0
7.68,5,2,0,1,1,0,96.6,9.7,52.4,0,3,0,60.7,2,1,1,0,59.84
5.46,1,1,0,1,0,1,56.3,4.5,47.9,0,2,0,41.2,2,1,0,3,61.99
5.33,4,1,1,0,0,0,53.0,7.7,82.1,0,2,0,47.3,1,1,2,0,40.65
6.67,5,2,1,0,0,0,73.2,5.0,94.0,1,2,0,40.1,1,1,2,0,50.58
5.49,5,3,1,1,1,0,10.2,5.8,81.4,2,3,0,78.0,3,1,0,0,85.59
6.65,3,1,1,0,1,1,28.1,6.2,98.0,1,4,0,80.8,3,1,0,2,87.39
8.08,4,2,0,1,1,0,18.2,4.5,70.3,1,3,0,61.7,2,1,0,3,69.17
5.28,4,2,1,1,1,0,66.6,9.5,82.7,0,4,0,81.6,3,1,1,1,70.04
9.66,0,1,0,1,0,0,73.6,5.8,53.2,0,3,0,41.3,1,1,2,0,37.98
7.66,2,1,0,1,0,1,81.9,4.8,82.6,2,3,0,64.7,2,1,1,0,50.7
9.1,0,1,1,1,1,0,67.4,7.9,46.7,0,4,0,78.5,3,1,0,0,90.48
5.9,1,1,1,0,1,1,68.8,7.9,82.9,1,1,0,70.1,3,1,1,0,72.17
9.23,4,2,1,1,1,0,68.7,9.6,65.1,3,1,3,95.0,3,1,0,0,92.62
9.91,4,3,0,1,0,1,31.8,5.5,61.9,2,3,0,76.0,2,1,0,2,70.54
6.0,3,2,1,0,1,0,64.4,4.3,49.4,1,2,0,48.5,2,1,0,1,74.32
9.37,5,1,1,0,0,0,88.9,9.3,43.2,1,3,0,63.2,1,1,2,2,53.71
7.19,5,2,1,1,1,1,21.5,8.5,48.7,2,1,0,86.0,4,1,0,2,85.32
9.87,5,3,1,1,1,1,43.4,8.8,62.0,2,5,0,113.9,4,1,1,3,70.83
7.75,1,2,1,1,1,0,50.4,4.5,44.9,0,3,0,55.1,3,1,0,0,65.24
7.71,2,1,1,1,0,0,63.4,9.4,77.6,0,3,0,62.7,2,1,1,1,50.23
9.09,0,2,1,0,1,1,85.2,6.2,72.1,1,2,2,72.7,3,1,0,3,82.94
7.45,0,2,0,1,1,0,26.7,7.8,48.3,3,1,1,75.8,2,1,0,3,91.29
8.05,0,1,1,1,0,0,83.3,4.3,93.1,0,4,1,48.5,2,1,1,3,52.04
8.94,4,3,0,0,0,0,91.4,7.6,76.1,0,2,0,36.5,0,0,0,3,0.0
6.77,2,3,1,0,0,0,36.9,7.6,96.9,0,3,0,50.7,1,0,0,3,0.0
9.57,3,1,0,1,0,0,28.1,9.1,40.4,2,6,0,90.5,1,1,2,2,46.7
7.79,2,1,1,1,0,0,68.4,8.3,84.9,1,2,3,61.9,2,1,0,2,87.66
6.66,3,2,0,1,0,1,13.2,6.7,87.7,3,2,0,80.9,2,1,1,1,51.11
6.99,3,1,1,0,0,0,84.3,6.5,59.8,1,1,0,39.8,1,1,2,2,43.95
5.65,2,3,1,1,0,0,31.7,7.9,50.7,3,3,1,86.1,2,1,1,2,56.89
6.05,0,2,1,0,0,0,36.9,5.2,60.3,2,3,1,63.2,1,0,0,3,0.0
7.13,0,2,0,0,1,1,81.5,9.3,75.4,3,4,1,96.1,2,1,1,0,55.58
7.86,2,2,1,1,0,0,26.4,5.8,40.6,1,1,1,51.0,2,0,0,3,0.0
9.1,2,2,1,0,0,1,15.3,8.2,82.6,0,6,0,78.1,2,1,0,2,83.25
6.29,5,2,1,1,0,1,60.0,8.0,96.8,0,3,0,69.6,3,1,0,3,89.17
5.41,5,1,0,1,0,0,5.7,5.5,48.1,1,1,0,37.7,1,1,2,3,40.41
6.95,2,3,1,0,1,0,75.5,8.2,54.1,3,4,0,92.4,2,1,0,3,81.67
7.84,3,3,0,1,0,1,12.3,8.5,49.7,0,2,0,60.2,2,1,0,2,67.93
9.77,2,3,1,0,0,1,45.3,6.3,77.3,1,4,1,68.2,2,1,0,2,85.97
7.97,0,1,1,0,1,0,84.1,6.1,87.6,0,5,0,59.9,2,1,0,2,84.99
9.63,0,1,0,0,0,1,40.3,9.6,40.9,1,3,0,60.5,1,1,2,2,47.28
6.1,2,3,1,1,1,0,27.1,8.4,70.8,2,3,3,87.7,3,0,0,3,0.0
9.18,1,2,1,1,1,1,76.0,6.1,49.0,1,2,1,79.1,4,1,0,1,77.56
6.17,4,1,1,1,0,0,91.1,8.5,42.3,1,6,1,89.5,2,1,0,1,82.0
5.22,1,2,1,1,1,1,33.3,4.6,92.3,2,1,0,82.4,4,1,1,2,53.83
8.41,1,1,1,1,0,1,62.7,7.5,65.7,0,3,0,72.4,3,1,1,0,68.63
7.23,0,1,1,1,0,0,18.2,7.4,79.3,0,2,0,52.6,2,1,1,2,62.49
9.91,2,1,1,1,0,1,24.7,4.1,51.2,0,3,0,54.5,3,1,0,0,70.4
5.44,2,3,1,0,0,0,87.4,8.7,97.5,1,6,2,77.6,1,0,0,3,0.0
7.5,5,2,1,0,0,1,65.7,6.8,91.0,2,3,2,74.9,2,1,1,0,66.14
8.66,1,1,1,0,1,0,84.2,8.7,43.2,2,5,0,95.7,2,1,0,1,83.93
7.13,5,2,0,0,0,0,15.5,7.5,43.7,2,2,2,52.4,0,0,0,3,0.0
8.97,0,1,1,0,1,1,4.6,9.2,66.3,0,1,1,59.8,3,1,0,0,77.44
6.04,4,3,1,1,0,1,33.9,5.5,64.6,1,3,0,74.7,3,1,0,3,84.53
9.84,1,2,1,0,0,0,29.0,5.2,85.1,0,3,3,39.0,1,0,0,3,0.0
9.98,1,1,1,1,0,0,52.1,8.7,44.6,1,1,2,59.1,2,1,0,1,80.1
6.22,5,2,0,1,1,0,70.1,8.1,72.7,0,5,0,65.4,2,1,0,3,75.11
7.86,2,2,0,0,0,1,84.7,8.7,87.4,0,3,0,54.3,1,1,2,3,42.54
5.27,4,1,1,0,0,1,9.0,4.2,86.6,1,6,0,71.8,2,1,0,0,64.93
6.41,2,3,1,1,0,0,61.3,6.1,55.4,0,3,0,49.2,2,1,0,2,76.46
7.58,2,3,1,1,0,0,87.1,7.2,93.4,1,5,1,79.5,2,1,0,1,90.9
8.44,1,3,1,0,0,1,10.3,4.9,62.7,3,4,0,83.8,2,1,0,1,89.9
9.03,1,1,1,0,0,1,59.5,8.0,83.0,3,6,0,100.9,2,1,1,2,75.35
9.68,3,1,0,1,1,0,78.9,6.4,100.0,0,6,0,68.4,2,1,0,1,79.37
6.79,0,3,1,1,0,1,63.1,7.6,40.7,1,4,1,81.6,3,1,1,1,75.96
8.62,3,2,0,0,1,1,62.2,9.4,88.9,0,3,1,67.6,2,1,0,1,82.29
9.69,3,1,1,1,0,1,89.5,4.9,86.5,3,2,0,81.7,3,1,3,0,103.96
6.59,4,3,0,0,0,1,76.0,6.3,61.0,1,4,0,62.3,1,0,0,3,0.0
9.68,5,3,0,1,0,1,78.7,5.6,41.7,2,4,0,77.7,2,1,0,0,98.67
8.85,2,3,0,1,0,1,45.7,4.2,94.2,3,6,2,91.5,2,1,0,3,94.28
9.56,1,1,0,1,1,1,12.1,9.9,52.8,2,1,1,86.5,3,1,1,2,63.73
9.48,4,1,1,0,1,0,84.8,8.7,89.8,0,2,0,55.6,2,1,1,0,55.66
9.44,3,2,0,0,1,0,87.4,9.4,99.4,0,4,0,59.5,1,1,2,1,40.07
7.47,3,1,1,0,0,0,34.7,8.6,70.6,2,1,0,59.8,1,1,2,2,39.44
9.59,2,2,0,1,1,0,70.5,4.5,49.6,1,2,0,54.7,2,1,1,1,64.46
6.79,1,2,1,1,0,0,11.2,7.8,51.6,0,1,0,44.8,2,1,1,2,53.53
5.04,4,2,1,0,0,1,33.0,7.4,90.6,2,2,3,68.9,2,0,0,3,0.0
6.6,0,3,0,1,0,0,84.4,7.0,46.6,0,6,2,61.1,1,0,0,3,0.0
6.23,0,1,0,1,1,0,17.3,5.0,88.2,2,6,2,85.4,2,1,1,2,52.36
7.63,3,1,1,1,0,0,62.1,7.8,98.4,1,3,0,69.6,2,1,0,0,81.69
6.23,0,2,1,0,0,0,27.8,9.0,73.9,2,2,1,70.7,1,1,2,3,42.98
5.25,2,2,1,1,1,0,47.4,7.3,87.7,1,5,0,88.4,3,1,0,2,71.11
9.42,5,1,0,1,1,0,39.0,6.2,42.0,1,4,0,67.3,2,1,0,0,77.3
6.96,3,1,0,1,0,0,50.6,4.1,91.8,0,3,0,35.2,1,1,2,1,43.86
9.59,3,3,1,1,0,1,33.5,4.4,65.1,1,4,1,68.6,3,1,1,3,51.31
7.95,5,2,1,1,0,1,36.4,6.6,74.6,3,6,0,109.5,3,1,0,2,82.03
9.56,3,2,1,0,0,0,17.6,6.3,91.2,2,4,0,67.2,1,1,2,0,37.93
8.05,0,1,1,1,0,0,18.4,9.9,99.9,0,5,0,70.0,2,1,0,3,74.43
7.82,1,2,0,1,1,1,16.6,4.6,63.2,0,5,0,64.8,3,1,0,1,82.07
7.29,2,1,1,1,1,1,77.4,4.0,70.3,1,6,0,89.1,4,1,3,3,94.2
5.28,4,3,0,1,0,1,11.3,4.9,40.1,0,1,0,40.5,2,0,0,3,0.0
9.07,2,3,1,1,1,1,39.5,5.3,56.3,1,3,0,84.0,4,1,0,3,77.7
6.45,5,2,0,1,0,0,1.8,7.1,85.1,2,5,2,75.6,1,0,0,3,0.0
5.73,0,3,1,0,0,0,10.5,5.2,99.8,1,2,0,41.3,1,0,0,3,0.0
6.78,0,3,0,1,1,1,72.5,4.0,46.4,1,1,0,59.8,3,1,0,1,79.58
5.12,0,1,1,0,0,0,33.7,6.7,70.8,3,1,1,69.3,1,1,2,2,51.23
7.0,0,1,0,0,0,1,65.4,5.8,93.5,1,4,0,53.8,1,1,2,0,50.45
6.01,4,1,0,1,1,0,52.5,9.3,86.2,2,5,0,93.3,2,1,1,2,66.65
9.23,2,1,1,1,0,0,95.2,9.6,86.5,1,4,0,83.7,2,1,0,3,76.96
6.7,3,2,0,0,1,0,56.3,4.3,93.1,3,5,0,73.7,1,1,2,2,47.77
9.77,4,3,1,0,0,0,6.9,9.5,93.7,1,1,0,52.4,1,1,2,0,36.31
7.08,3,1,0,1,0,0,29.5,5.2,66.7,2,5,0,74.2,1,1,2,1,49.24
5.8,4,2,0,1,0,0,13.7,5.4,57.1,1,5,1,65.4,1,0,0,3,0.0
9.57,1,2,1,0,0,1,98.3,9.4,66.5,3,4,0,93.5,2,1,0,0,85.41
5.23,1,1,1,1,0,0,39.0,7.1,66.2,0,4,0,59.9,2,1,0,2,74.15
5.94,4,3,1,0,0,1,69.7,6.6,87.3,2,2,1,66.2,2,1,1,3,69.34
7.81,1,2,0,0,0,1,7.4,4.4,66.6,1,4,1,53.6,1,0,0,3,0.0
9.19,1,1,1,1,0,1,12.7,8.6,57.7,0,2,0,64.8,3,1,0,1,75.42
7.76,2,3,0,0,0,1,81.9,8.8,89.4,1,4,2,64.4,1,1,2,2,40.55
7.88,4,1,0,0,1,0,62.0,9.0,86.3,2,4,3,79.3,1,1,2,0,52.95
7.72,3,1,1,1,1,1,32.8,8.1,48.8,2,6,1,112.2,4,1,0,2,77.25
9.08,1,2,1,0,1,0,62.4,6.1,73.4,1,4,0,70.3,2,1,1,3,66.55
5.79,2,1,1,1,0,0,78.6,9.8,42.8,2,3,0,81.3,2,1,0,1,69.88
7.23,2,1,1,0,0,0,86.0,7.5,80.2,2,1,0,53.5,1,1,2,1,40.5
5.95,1,1,1,1,1,1,7.9,8.4,43.8,1,5,0,102.0,4,1,1,0,53.68
8.33,3,3,1,1,1,0,26.2,4.1,88.4,0,3,0,54.1,3,1,0,2,84.45
9.26,3,1,1,0,1,0,72.6,6.9,69.0,0,6,0,71.5,2,1,0,3,88.17
6.03,0,1,0,1,0,0,69.2,9.4,51.9,1,5,0,77.5,1,1,2,2,42.66
8.93,5,3,1,1,0,1,37.8,8.6,49.3,2,2,0,81.8,3,1,0,0,85.13
9.52,4,3,0,0,1,1,72.1,4.6,77.3,1,5,0,69.3,2,1,0,1,89.92
5.66,4,1,1,0,1,0,61.7,7.4,50.7,1,3,2,67.0,2,1,1,2,68.4
8.53,2,3,0,1,0,1,59.1,8.4,50.8,1,3,3,65.4,2,1,0,0,68.36
8.5,3,2,1,1,1,0,63.4,7.8,79.3,1,2,0,76.6,3,1,1,0,67.77
9.68,5,2,1,0,0,0,57.8,5.7,46.3,1,5,1,66.3,1,1,2,3,40.91
6.84,2,2,0,1,0,1,42.9,9.0,82.1,0,2,0,58.5,2,1,1,3,50.68
5.33,0,2,1,1,0,1,93.2,5.6,54.6,0,6,1,78.6,3,1,1,0,52.93
5.52,1,2,0,1,1,1,88.6,5.9,90.7,0,3,0,60.1,3,1,1,3,66.68
5.6,0,2,1,0,0,0,25.6,7.2,54.6,1,6,0,70.7,1,1,2,2,46.36
8.11,4,2,1,1,1,1,92.9,8.6,73.1,0,5,0,92.0,4,1,0,1,79.29
7.77,1,1,0,1,0,0,55.0,5.4,43.4,0,3,0,43.3,1,1,2,0,35.12
6.84,3,1,1,0,0,0,83.7,5.3,53.6,1,2,1,47.2,1,1,2,1,40.89
8.85,5,3,0,0,1,1,12.0,7.7,54.4,0,3,1,57.1,2,0,0,3,0.0
8.69,1,2,1,0,0,1,32.1,5.7,64.7,1,2,0,57.6,2,1,1,0,70.25
9.69,4,3,1,1,0,0,66.4,6.5,63.1,1,4,2,73.2,2,1,0,2,90.74
9.48,4,2,0,1,0,1,87.8,5.0,43.5,1,2,1,56.5,2,1,0,2,83.4
9.4,2,3,1,1,1,0,27.3,8.8,51.1,0,6,0,84.3,3,1,1,3,53.77
9.51,5,1,1,1,0,0,0.3,9.5,87.1,0,6,0,75.7,2,1,0,0,79.87
5.65,1,2,1,0,0,1,57.5,6.1,72.0,2,5,0,85.3,2,1,0,0,78.66
9.07,3,3,1,1,0,1,63.4,5.7,88.4,1,4,0,81.5,3,1,1,3,52.73
6.16,2,2,0,1,1,1,1.1,5.7,61.7,1,6,0,83.6,3,1,1,1,57.54
7.18,0,3,1,1,1,0,12.6,8.6,62.3,1,2,0,71.3,3,1,0,0,72.32
9.97,5,1,1,1,0,1,73.7,7.7,94.5,1,4,0,81.1,3,1,1,3,71.12
9.54,3,3,0,0,0,0,96.2,4.5,48.7,3,3,0,56.5,0,1,2,0,47.04
9.52,2,1,1,0,0,0,26.5,8.9,85.5,0,2,1,47.3,1,1,2,2,44.32
8.88,3,3,1,0,0,0,76.6,7.4,80.4,0,4,1,54.3,1,1,2,1,39.88
7.48,3,3,0,1,0,0,90.3,6.0,75.0,0,3,1,40.0,1,0,0,3,0.0
7.18,4,3,1,1,0,1,9.7,8.0,76.4,2,5,0,101.9,3,1,0,0,71.51
5.7,5,3,1,0,0,0,39.5,4.7,60.0,2,4,0,60.5,1,1,2,1,41.8
7.81,2,2,1,0,1,0,0.8,5.4,99.6,0,6,0,67.0,2,1,1,0,53.01
7.73,0,2,1,0,0,1,26.1,6.7,77.9,3,2,0,83.0,2,1,0,2,67.75
7.64,3,1,1,0,1,1,28.1,8.6,50.8,1,2,2,71.5,3,1,1,1,61.55
9.06,2,3,1,0,0,0,12.3,9.2,45.6,0,5,0,66.2,1,1,2,2,35.18
7.15,0,2,1,0,1,0,7.3,9.5,49.7,1,6,1,91.8,2,1,0,0,83.71
6.03,0,2,1,0,1,0,3.5,6.7,47.2,3,4,0,91.7,2,1,0,0,75.45
6.43,1,1,1,0,0,1,46.0,4.1,64.4,0,3,0,43.9,2,1,1,2,55.32
9.08,2,1,1,1,1,1,42.6,8.0,85.8,0,4,0,82.4,4,1,0,0,77.26
7.21,2,3,1,1,0,1,33.1,8.3,93.0,2,2,2,88.4,3,1,0,1,92.42
7.38,0,3,1,1,1,0,60.7,9.4,89.9,1,3,0,82.7,3,1,0,0,87.61
9.86,4,3,1,1,0,1,99.5,7.8,67.1,1,1,0,64.3,3,1,0,1,82.59
7.49,3,3,1,1,0,1,64.0,7.2,79.9,2,4,0,89.9,3,1,0,2,79.8
9.22,2,1,1,0,1,0,59.9,8.2,51.5,0,3,0,59.0,2,1,1,2,70.43
7.23,3,2,1,1,0,1,43.8,6.2,91.6,1,3,0,70.6,3,1,1,1,64.54
6.51,1,3,0,0,1,0,25.5,4.9,99.2,3,1,0,62.4,1,1,2,3,49.04
6.59,3,2,1,1,0,1,41.1,7.9,72.9,0,2,0,67.4,3,1,0,2,80.97
7.71,2,2,1,1,0,0,39.8,7.4,44.5,3,3,0,88.6,2,1,0,0,72.1
6.32,4,3,1,1,0,0,67.0,5.5,77.7,3,3,0,77.7,2,1,0,3,79.56
7.17,1,2,0,1,1,0,21.8,5.9,57.2,0,4,1,54.8,2,1,0,1,65.58
6.32,1,1,1,1,1,0,31.9,4.0,57.9,0,3,1,56.8,3,1,0,0,72.23
9.53,4,2,1,1,0,0,82.1,6.4,42.4,1,4,0,69.0,2,1,1,1,68.04
6.01,2,2,1,1,1,1,5.8,9.0,60.2,1,4,0,98.2,4,1,1,2,70.24
8.62,2,3,0,1,0,0,25.2,8.4,57.6,1,1,0,50.6,1,0,0,3,0.0
9.38,1,2,0,1,0,1,25.7,5.3,69.4,0,1,0,44.7,2,1,1,1,61.78
7.4,3,2,1,1,1,0,30.5,7.1,47.2,1,2,0,70.4,3,1,0,2,83.6
6.57,4,3,1,1,0,0,4.8,6.8,99.5,2,1,0,63.7,2,1,1,3,53.61
6.9,1,2,1,0,0,0,2.2,8.9,91.4,2,6,0,82.4,1,1,2,0,48.7
7.99,3,2,0,1,0,1,27.4,8.5,80.3,1,6,0,82.5,2,1,1,3,66.15
7.06,3,2,1,1,0,1,44.8,6.8,59.5,1,5,0,85.7,3,1,1,3,51.29
7.83,3,1,1,0,1,1,73.2,5.8,84.8,0,2,1,60.2,3,1,0,2,70.5
5.24,3,1,1,0,0,0,48.1,7.6,81.7,1,4,1,61.5,1,1,2,1,45.87
7.92,5,2,1,1,0,1,24.9,8.5,92.8,2,6,0,102.5,3,1,0,1,84.0
9.13,5,3,1,1,0,0,72.5,5.4,81.4,1,4,0,61.3,2,1,0,0,66.55
5.98,4,3,0,1,0,1,30.2,5.3,84.4,2,6,0,87.6,2,1,0,0,72.66
8.64,0,2,1,1,0,0,12.8,4.4,86.7,1,5,0,68.1,2,1,1,1,56.73
9.16,3,3,0,1,0,0,90.2,5.4,44.7,0,3,1,36.5,1,0,0,3,0.0
7.05,0,2,0,1,0,0,98.0,7.9,70.9,0,6,0,64.5,1,1,2,3,48.03
8.21,0,1,1,1,0,0,1.1,4.5,51.4,0,6,0,61.7,2,1,0,2,75.27
7.51,2,3,0,0,0,0,77.1,4.6,49.6,1,3,1,41.2,0,0,0,3,0.0
5.28,0,2,0,0,0,0,66.8,5.4,80.7,1,5,1,54.4,0,0,0,3,0.0
8.27,5,1,1,0,0,0,29.9,9.7,73.5,1,2,1,59.2,1,1,2,0,43.77
8.0,5,2,1,1,0,0,39.2,4.7,49.7,1,5,0,71.6,2,1,0,0,73.66
6.89,0,1,1,0,1,0,90.7,6.7,65.6,2,4,0,83.0,2,1,0,2,87.08
8.49,1,1,1,1,0,0,54.7,5.0,90.8,2,3,0,68.1,2,1,1,1,59.77
8.27,5,3,0,1,0,1,93.4,8.0,78.9,0,6,1,72.6,2,1,1,3,62.66
5.35,4,1,1,0,1,0,55.6,6.3,94.2,1,2,0,61.7,2,1,0,1,76.41
9.83,2,3,1,1,0,0,38.6,9.3,72.7,2,4,0,83.2,2,1,1,0,54.42
7.77,1,1,0,0,1,1,94.7,5.9,52.9,1,2,0,57.9,2,1,1,3,68.75
8.47,5,3,1,0,0,0,73.9,5.3,76.2,2,5,0,71.7,1,1,2,1,41.32
5.39,0,1,1,0,1,0,47.5,9.6,92.3,2,2,0,80.5,2,1,1,2,51.38
5.15,4,3,0,0,1,0,45.3,8.9,95.1,3,3,0,82.6,1,1,2,2,42.31
9.78,5,1,1,0,0,0,97.9,5.5,58.8,0,5,0,53.1,1,1,2,1,50.6
8.54,4,1,1,1,0,1,33.6,9.5,89.5,0,6,0,93.3,3,1,0,3,74.88
7.96,0,3,0,1,0,1,30.2,6.7,63.3,1,4,1,65.5,2,1,0,3,75.76
7.1,3,1,1,0,1,1,30.0,8.7,85.1,2,5,0,97.5,3,1,0,2,95.03
7.5,2,2,0,0,0,1,69.5,7.9,56.5,3,2,0,70.6,1,1,2,3,43.95
9.71,4,1,1,1,0,0,74.7,9.9,44.7,2,6,0,102.8,2,1,0,0,85.53
7.13,5,3,1,0,0,1,77.8,4.1,66.8,0,6,0,61.2,2,1,0,3,80.74
6.23,1,3,1,1,1,0,63.8,8.2,98.5,0,4,1,70.1,3,1,0,2,80.03
5.37,3,1,0,0,0,0,45.0,6.4,90.6,1,5,0,57.0,0,1,2,2,37.51
5.58,4,1,0,0,0,0,2.7,8.2,52.4,2,6,0,71.4,0,1,2,1,35.64
6.37,4,3,1,0,0,1,99.3,4.1,69.6,2,2,0,59.3,2,1,1,1,63.94
9.61,3,2,0,1,0,0,44.6,8.2,49.6,0,1,0,37.9,1,0,0,3,0.0
9.78,2,2,1,0,0,0,62.5,6.8,83.9,1,4,0,57.7,1,1,2,2,51.79
7.82,5,2,1,1,0,1,7.4,7.6,75.4,0,2,3,66.7,3,0,0,3,0.0
7.72,2,3,1,1,0,1,21.1,5.5,95.8,0,1,0,54.1,3,1,1,0,55.69
6.57,3,2,1,0,0,1,42.6,8.7,95.5,0,1,1,46.4,2,1,0,2,68.26
8.7,3,2,1,0,0,0,13.9,5.9,67.5,0,5,0,55.8,1,1,2,3,44.58
5.74,4,1,1,0,0,1,89.9,6.1,85.7,0,3,1,58.2,2,1,1,0,52.13
5.43,3,1,0,1,0,0,18.4,6.9,52.2,1,5,0,66.6,1,1,2,3,43.4
5.86,0,3,1,0,0,1,48.4,4.9,65.6,1,2,0,53.2,2,0,0,3,0.0
8.51,2,1,1,1,0,1,26.8,7.6,97.8,1,1,0,63.2,3,1,0,3,89.87
8.74,0,2,0,1,0,1,76.2,4.2,71.3,3,2,0,75.3,2,1,0,1,92.25
7.38,3,3,1,0,0,0,8.5,10.0,58.8,3,6,0,99.1,1,1,2,3,52.89
7.18,2,1,1,1,0,0,91.3,9.6,55.9,1,4,1,81.4,2,1,1,1,67.35
5.37,2,3,1,1,0,1,90.4,7.2,45.3,0,6,0,85.2,3,1,0,1,90.35
9.92,2,3,0,1,0,0,46.5,8.6,51.0,1,3,1,61.5,1,0,0,3,0.0
5.45,5,2,1,0,0,0,21.3,5.3,86.6,0,1,1,32.0,1,0,0,3,0.0
5.93,5,1,0,1,0,0,38.5,8.1,60.1,1,3,0,63.5,1,1,2,1,44.24
9.48,1,1,0,1,0,1,15.0,8.6,69.5,3,6,0,105.8,2,1,0,0,88.17
6.02,1,3,1,0,0,1,42.6,8.5,73.2,0,4,0,61.5,2,1,0,0,86.37
7.56,3,3,1,1,0,1,0.1,4.0,77.5,0,5,0,68.4,3,1,0,1,64.23
5.83,2,3,0,1,0,1,23.2,7.9,49.5,2,6,1,92.6,2,1,0,0,73.19
5.13,3,1,1,0,0,1,69.8,7.6,77.7,1,1,0,56.3,2,1,0,3,92.12
5.22,3,2,1,0,0,1,73.0,7.0,98.1,1,4,0,67.7,2,1,0,1,67.64
5.47,5,3,0,1,0,1,99.4,6.6,96.6,0,3,3,54.9,2,1,0,0,91.53
9.39,4,3,1,1,1,0,30.4,5.1,80.6,0,2,1,53.0,3,0,0,3,0.0
7.34,2,3,1,1,0,0,48.7,7.3,79.0,1,1,0,55.0,2,1,0,0,65.72
5.15,5,3,1,1,0,1,12.6,6.7,72.3,2,4,0,90.6,3,1,1,3,62.18
6.09,0,1,1,1,1,0,74.3,7.0,42.9,1,5,0,87.5,3,1,0,2,88.85
7.92,1,1,0,1,1,0,42.2,8.8,62.2,1,3,0,68.2,2,1,1,1,63.43
5.95,0,3,0,0,0,0,24.2,8.0,89.8,1,4,0,49.3,0,0,0,3,0.0
7.24,0,2,1,0,1,1,34.3,8.8,99.4,0,3,0,71.7,3,1,0,3,89.44
8.74,2,1,0,0,0,0,61.0,4.6,97.6,1,3,0,35.9,0,1,2,1,44.0
5.02,0,1,1,1,0,1,81.9,5.3,94.3,2,3,3,82.9,3,1,3,3,103.03
5.15,3,1,1,0,0,0,14.0,4.9,93.2,1,1,1,37.9,1,1,2,2,37.14
5.28,5,2,0,1,0,0,4.3,7.6,59.7,1,1,0,45.7,1,1,2,2,38.41
5.93,0,3,1,0,1,0,54.8,9.6,86.4,2,2,0,76.0,2,1,0,2,79.99
7.87,3,2,1,0,0,0,2.7,7.6,83.1,1,3,0,61.6,1,1,2,2,36.56
6.03,4,2,1,0,0,1,44.5,5.3,66.3,1,2,0,58.7,2,1,0,2,65.94
7.36,1,2,1,0,1,1,64.1,9.5,73.2,1,5,0,90.6,3,1,0,3,75.18
5.48,4,3,1,0,0,0,52.0,5.8,88.9,1,3,1,54.9,1,1,2,1,44.4
5.26,4,2,1,1,0,0,39.4,7.0,42.9,2,1,0,65.5,2,1,1,3,53.1
9.71,3,3,0,0,0,0,96.1,6.3,63.2,0,2,0,28.5,0,0,0,3,0.0
6.34,2,1,0,1,0,1,66.9,4.4,87.7,0,2,0,41.6,2,1,0,1,85.23
7.17,1,1,0,1,0,1,3.3,5.6,77.3,1,1,0,51.9,2,1,1,3,49.98
9.3,5,1,1,0,0,1,74.1,6.9,52.1,0,3,0,55.3,2,1,1,2,73.78
5.88,5,1,0,1,1,0,16.7,9.8,96.6,0,5,1,77.7,2,1,1,2,56.32
8.49,4,1,0,0,0,0,20.2,5.0,49.6,0,6,0,48.4,0,1,2,1,36.42
9.83,0,2,0,1,0,1,74.2,9.6,92.7,1,5,0,87.0,2,1,1,3,56.01
8.88,5,3,0,0,0,1,20.4,4.4,50.0,0,6,2,50.5,1,0,0,3,0.0
7.07,0,2,1,1,1,1,14.1,5.8,74.4,0,3,1,71.9,4,1,0,1,65.66
6.17,1,3,1,1,0,1,67.9,6.4,60.2,1,3,0,78.3,3,1,0,3,88.39
9.6,4,1,1,0,0,1,86.1,6.3,44.6,1,4,0,71.2,2,1,1,3,62.22
9.0,5,2,0,1,0,0,53.2,7.5,55.1,3,3,2,80.9,1,1,2,0,48.02
7.38,5,3,0,1,1,0,11.5,4.0,45.5,0,4,0,54.3,2,1,1,1,47.59
9.98,0,2,0,1,1,1,32.1,4.6,78.8,3,3,1,89.8,3,1,0,3,85.8
7.19,1,2,1,0,1,0,58.1,6.3,43.2,2,5,0,79.1,2,1,1,2,62.29
7.05,5,1,1,0,1,0,36.7,9.6,55.6,1,4,0,74.7,2,1,1,1,59.38
8.58,5,2,0,1,1,0,56.2,5.3,64.1,1,1,1,50.6,2,1,0,2,78.75
5.85,0,2,0,1,0,0,51.0,7.8,40.1,1,4,0,61.8,1,1,2,1,44.99
9.11,0,3,0,1,0,0,90.5,6.2,69.4,1,5,2,66.2,1,1,2,0,50.67
5.14,0,1,1,1,0,0,48.1,9.1,73.2,3,2,0,89.5,2,1,1,0,56.19
8.07,2,2,0,1,0,0,38.7,4.6,93.3,1,3,1,51.7,1,0,0,3,0.0
5.3,1,2,1,0,0,0,47.6,8.6,71.3,0,5,0,64.0,1,1,2,2,38.03
8.63,4,2,0,0,1,0,3.8,7.4,82.0,1,6,0,73.9,1,1,2,2,43.0
5.15,5,3,0,0,0,0,19.9,6.9,77.1,1,4,0,55.5,0,0,0,3,0.0
7.84,4,3,1,1,0,0,14.9,7.2,72.5,1,1,0,59.2,2,0,0,3,0.0
5.05,5,3,1,1,0,0,31.7,6.8,94.1,0,4,3,63.5,2,0,0,3,0.0
8.3,2,2,1,0,1,1,75.6,5.3,48.2,0,4,0,69.5,3,1,1,2,67.6
7.51,5,3,1,0,0,0,70.2,8.7,68.3,1,4,1,64.9,1,1,2,2,42.92
8.65,5,2,0,0,0,0,29.3,6.7,57.4,0,1,0,26.9,0,0,0,3,0.0
9.71,2,3,0,1,0,1,89.6,8.6,75.7,0,2,0,52.2,2,1,1,2,71.13
9.31,0,2,1,1,0,1,0.8,9.0,57.8,1,1,0,67.1,3,1,1,3,61.73
5.66,2,1,1,0,1,0,33.6,6.5,89.7,1,6,0,74.5,2,1,0,0,70.17
8.19,0,1,1,0,0,1,41.1,5.5,68.9,1,2,1,61.0,2,1,0,1,68.39
8.33,5,3,1,1,1,1,20.1,6.7,95.4,1,6,2,102.4,4,1,0,0,90.83
6.61,1,1,1,1,0,0,39.7,8.0,86.0,1,4,0,74.5,2,1,0,1,86.27
7.46,3,1,0,1,0,0,12.8,10.0,86.3,1,4,0,71.1,1,1,2,2,41.18
9.14,2,1,1,0,1,1,27.5,4.5,64.2,2,6,0,88.8,3,1,0,3,79.44
5.46,5,3,0,1,0,0,7.4,9.4,58.3,2,4,1,81.0,1,0,0,3,0.0
8.05,5,1,1,1,0,1,23.3,6.7,71.6,0,1,1,52.8,3,1,1,3,66.41
5.27,4,2,1,1,0,1,1.5,7.8,89.9,1,1,0,64.4,3,1,0,2,85.94
9.47,0,1,0,0,1,0,59.0,7.4,78.7,1,6,0,74.3,1,1,2,3,45.89
8.04,5,1,1,0,1,1,36.9,8.7,97.3,2,1,0,80.5,3,1,0,0,79.53
9.55,3,2,1,1,0,0,99.4,8.5,54.3,0,2,0,56.9,2,1,1,0,52.99
6.56,4,1,1,1,0,0,13.0,5.4,46.0,0,3,2,53.9,2,0,0,3,0.0
7.27,0,1,0,1,1,0,94.7,9.6,79.6,3,6,0,107.2,2,1,0,1,82.86
7.01,5,3,0,1,1,0,25.1,5.3,52.1,3,2,0,71.6,2,1,1,3,66.29
7.88,1,3,1,1,1,0,14.3,8.9,48.8,0,5,0,78.9,3,1,0,2,85.7
7.85,5,2,1,1,0,0,60.0,8.9,99.8,2,3,0,77.0,2,1,0,2,88.83
6.14,3,2,1,1,0,0,54.4,5.9,99.5,1,2,0,55.7,2,1,0,1,78.5
7.68,3,3,0,0,0,1,82.6,4.7,44.0,1,6,0,59.9,1,1,2,3,45.65
6.25,5,1,1,0,0,0,81.6,5.8,95.3,1,1,0,44.4,1,1,2,2,41.25
7.1,3,1,0,1,0,0,30.1,4.3,44.8,0,1,2,28.6,1,0,0,3,0.0
5.77,5,2,1,1,0,1,55.6,7.5,50.3,1,4,2,81.3,3,1,0,0,93.88
5.22,4,2,0,1,0,0,67.5,7.5,66.1,1,6,1,76.9,1,1,2,3,43.38
9.29,0,1,0,1,0,0,8.4,4.9,86.5,0,1,0,34.3,1,1,2,1,42.31
7.09,0,3,1,1,1,1,18.6,6.4,70.8,1,1,0,75.9,4,1,0,2,88.94
7.11,4,2,1,0,0,0,83.9,8.5,81.0,0,6,1,68.7,1,1,2,2,43.86
7.19,0,3,1,1,1,0,68.9,6.5,69.7,0,2,2,64.5,3,0,0,3,0.0
8.87,4,1,1,1,1,1,2.0,9.7,89.4,2,4,0,112.3,4,1,0,2,78.06
9.75,0,1,1,1,0,1,6.9,5.3,67.0,1,4,0,77.5,3,1,0,3,85.07
5.3,4,2,1,0,0,0,21.9,5.2,62.3,0,2,0,31.9,1,1,2,2,34.99
8.11,2,2,1,0,0,0,56.3,8.5,95.5,1,2,0,60.3,1,1,2,1,45.62
7.4,2,1,1,0,0,0,44.6,4.3,71.2,0,2,0,32.2,1,1,2,3,35.91
7.35,3,3,0,1,0,0,98.4,8.1,75.7,0,3,0,54.0,1,1,2,2,44.99
5.66,1,1,1,0,0,0,4.5,4.7,53.1,3,1,0,54.4,1,1,2,2,41.46
7.87,2,3,0,1,0,0,98.4,6.3,99.2,0,6,0,57.5,1,1,2,1,49.36
9.04,3,3,1,0,0,0,15.4,8.5,74.9,0,5,0,55.8,1,0,0,3,0.0
9.46,1,2,1,1,0,0,59.4,4.6,88.5,1,3,1,54.5,2,1,0,1,69.75
6.37,3,3,1,1,0,1,91.1,8.4,75.2,0,3,0,65.2,3,1,0,0,92.98
8.42,2,3,1,0,0,1,53.8,6.4,62.1,1,5,0,76.0,2,1,1,0,57.46
8.92,1,1,1,0,1,0,82.2,7.3,92.9,1,1,0,55.2,2,1,1,0,61.78
5.77,2,3,1,1,0,1,52.1,7.3,93.3,3,3,0,97.0,3,1,0,2,87.34
7.06,0,2,1,1,1,0,70.3,5.9,60.0,2,6,0,101.8,3,1,1,3,59.82
9.19,1,3,1,1,0,1,3.5,6.1,79.4,1,3,0,74.9,3,1,0,3,73.78
6.34,2,1,1,1,0,0,67.5,6.5,75.7,0,4,0,58.7,2,1,1,1,56.08
9.86,4,3,1,0,1,0,28.9,8.1,66.9,2,4,1,79.7,2,1,0,1,91.95
7.21,2,3,1,1,0,1,52.7,9.0,50.9,0,3,0,69.4,3,1,1,1,51.69
5.21,0,2,1,1,0,0,87.1,7.9,70.3,0,4,0,59.6,2,1,1,1,68.01
9.6,0,1,1,1,1,1,45.7,7.2,81.1,3,2,1,105.7,4,1,0,3,85.73
8.46,1,2,1,1,0,0,68.0,7.1,52.2,0,6,0,66.3,2,1,0,2,85.19
9.09,0,2,0,1,1,0,69.0,9.0,57.5,2,1,0,69.3,2,1,0,2,77.11
9.06,2,2,0,1,1,0,56.6,7.0,75.7,3,4,0,91.1,2,1,0,3,76.93
9.35,2,1,0,0,1,1,99.1,8.2,47.5,1,4,0,75.6,2,1,0,2,83.54
6.06,2,3,0,1,0,0,83.1,4.6,68.1,1,6,0,65.8,1,1,2,3,42.37
9.46,3,1,0,0,0,0,15.4,9.9,63.3,0,2,0,36.5,0,1,2,3,44.95
9.47,3,2,1,0,1,1,82.6,6.5,87.9,1,1,1,67.5,3,1,0,2,92.41
5.84,4,1,1,1,0,1,79.0,9.5,45.1,0,2,1,72.4,3,1,0,3,89.1
9.19,4,3,1,1,1,0,4.8,4.4,53.0,3,3,0,83.8,3,1,1,3,57.43
9.93,5,1,0,1,0,1,17.9,9.0,97.5,1,4,1,72.4,2,1,0,0,74.23
5.53,0,3,0,1,0,0,75.8,8.9,46.6,2,1,3,64.5,1,0,0,3,0.0
9.56,2,1,0,0,0,0,23.2,5.8,80.5,0,5,2,39.4,0,0,0,3,0.0
5.21,5,2,1,1,0,1,12.0,8.5,64.5,0,4,0,72.6,3,1,0,0,79.29
5.02,5,1,0,1,0,0,44.7,4.6,55.0,2,5,0,73.5,1,1,2,2,42.66
8.33,2,3,1,1,1,1,27.5,7.1,79.8,2,2,0,91.0,4,1,0,3,75.58
8.66,3,3,0,1,1,0,27.5,6.8,90.7,2,2,0,71.7,2,1,1,2,68.94
7.24,0,3,1,1,1,0,5.7,8.0,60.8,0,5,0,79.7,3,1,0,3,87.9
8.21,1,3,1,1,0,1,72.5,7.5,81.6,1,1,0,65.3,3,1,1,0,54.48
6.8,5,2,1,1,0,1,74.0,9.7,54.9,2,5,0,100.7,3,1,0,3,97.09
5.43,5,3,1,1,0,0,70.2,8.2,65.5,0,3,1,58.9,2,0,0,3,0.0
5.17,5,3,1,0,0,0,70.6,6.3,63.2,2,6,0,78.1,1,1,2,0,45.46
7.91,4,2,0,1,0,1,75.5,6.1,53.6,1,3,1,59.6,2,1,0,3,68.12
9.72,1,1,1,0,1,0,98.0,9.8,86.4,1,2,0,68.9,2,1,1,1,56.82
7.31,0,2,0,0,1,0,72.8,5.9,63.6,3,4,1,80.2,1,1,2,0,49.07
9.82,0,1,1,1,0,1,52.0,9.7,82.8,0,3,0,77.0,3,1,0,0,87.74
5.63,2,3,1,1,0,1,11.9,4.4,69.2,0,4,0,65.0,3,1,1,3,55.92
8.72,0,3,0,1,1,0,50.8,5.4,90.1,1,3,2,64.1,2,1,0,0,82.02
8.97,2,2,1,1,0,1,87.1,4.3,65.2,3,5,0,100.2,3,1,1,0,75.92
6.27,1,3,1,0,1,0,87.2,6.4,50.0,2,3,1,73.1,2,1,0,2,70.38
8.49,0,2,0,1,0,0,40.8,6.9,41.1,1,1,0,50.6,1,1,2,0,37.26
7.74,2,1,1,1,0,1,34.8,5.1,42.0,0,1,0,50.3,3,1,1,3,67.53
5.29,3,1,1,0,0,0,24.3,4.0,55.0,0,5,0,48.4,1,1,2,3,36.67
6.36,0,2,1,0,0,0,83.4,4.7,59.8,0,3,1,40.7,1,0,0,3,0.0
7.14,0,2,1,1,0,1,67.0,9.0,43.1,1,6,0,92.5,3,1,0,3,77.78
9.09,1,3,1,1,0,0,9.8,8.0,59.8,0,3,0,62.0,2,1,1,1,52.73
7.81,3,1,0,1,0,1,42.6,9.7,72.0,2,4,2,87.9,2,1,0,2,92.75
9.92,2,3,1,0,0,0,3.9,8.2,71.0,2,6,0,85.3,1,1,2,0,48.26
9.98,0,2,1,1,0,1,59.6,4.6,64.0,0,6,0,78.0,3,1,1,1,59.82
5.3,2,2,1,0,0,0,60.4,5.4,75.7,3,6,1,89.4,1,1,2,0,43.5
6.32,3,1,1,0,1,1,50.4,5.6,42.0,2,4,0,82.4,3,1,0,1,81.92
7.89,1,1,1,0,0,0,13.2,4.2,43.2,0,1,1,23.3,1,0,0,3,0.0
7.38,4,3,1,0,0,0,76.9,5.5,80.9,0,5,0,50.7,1,0,0,3,0.0
6.26,1,1,0,1,0,0,66.8,6.2,53.9,1,5,0,63.9,1,1,2,1,44.14
9.67,0,3,1,0,0,1,97.4,5.5,93.9,2,4,0,75.4,2,1,1,2,70.73
9.19,4,3,0,1,0,1,42.7,8.1,57.1,1,6,0,88.0,2,1,0,3,91.77
5.92,5,2,1,1,0,0,8.7,9.8,60.8,0,2,1,61.6,2,0,0,3,0.0
5.49,0,3,1,1,1,0,2.3,4.2,91.3,0,4,0,59.4,3,1,1,1,46.94
6.63,0,3,1,0,0,0,16.5,6.7,72.1,0,6,0,60.8,1,0,0,3,0.0
7.81,2,2,1,0,1,0,55.3,7.5,69.9,0,5,1,68.9,2,1,0,2,69.82
7.39,1,2,1,0,0,1,34.2,9.2,97.9,2,4,0,83.5,2,1,0,2,73.75
8.68,5,1,1,1,0,0,84.2,8.9,84.2,0,6,1,80.6,2,1,0,0,72.95
8.99,0,1,1,0,1,0,67.7,7.2,56.6,2,2,0,73.7,2,1,1,3,70.99
7.2,0,3,1,0,0,0,87.0,5.7,40.1,1,3,3,54.3,1,0,0,3,0.0
9.76,0,1,1,1,0,0,73.4,6.1,60.3,2,3,0,68.6,2,1,0,1,86.46
9.7,2,3,0,1,0,0,94.8,6.5,49.0,1,2,0,51.1,1,1,2,0,41.68
9.21,1,2,0,0,0,1,69.3,6.5,41.3,1,5,0,64.5,1,1,2,2,41.21
8.66,1,2,1,1,0,0,45.9,4.4,93.0,1,2,1,57.9,2,1,1,0,47.42
5.69,4,1,1,1,0,0,91.2,7.0,50.5,1,5,0,78.0,2,1,0,0,81.13
5.39,5,2,1,1,1,0,37.9,4.1,61.9,1,5,0,73.7,3,1,0,0,76.19
6.41,3,3,0,0,0,0,84.8,6.2,89.5,2,4,0,63.5,0,1,2,0,43.77
7.69,3,2,0,1,0,0,82.5,7.2,62.4,2,2,1,58.2,1,1,2,2,47.31
9.66,4,2,1,0,0,0,51.8,7.0,65.0,0,5,0,51.3,1,1,2,2,48.25
9.15,2,1,1,0,0,0,86.2,5.4,42.0,1,6,0,61.8,1,1,2,2,52.99
5.6,0,3,1,0,1,1,50.8,6.5,59.0,0,2,0,56.6,3,1,0,1,71.38
6.23,2,3,1,1,1,0,20.7,4.1,55.1,2,1,1,64.3,3,1,0,0,88.08
8.9,4,2,0,0,0,1,88.5,7.5,57.4,1,6,0,72.3,1,1,2,2,46.23
5.33,1,3,1,1,0,0,84.0,4.9,55.2,2,6,0,80.0,2,1,1,1,64.84
8.88,3,3,1,1,0,0,62.2,8.0,45.1,2,5,0,86.8,2,1,0,2,92.14
8.08,0,1,1,0,0,0,95.7,6.9,74.2,2,4,2,75.4,1,1,2,3,40.59
6.73,5,3,1,1,1,0,44.7,6.3,85.9,0,1,0,55.0,3,0,0,3,0.0
5.88,0,3,1,0,0,0,46.5,7.8,44.4,2,2,1,66.3,1,0,0,3,0.0
8.31,0,3,0,1,0,1,61.5,7.9,93.3,3,3,0,86.0,2,1,1,3,72.95
5.93,1,3,1,0,0,0,53.0,4.7,84.3,1,1,2,43.2,1,0,0,3,0.0
6.59,5,2,1,0,0,0,44.8,6.8,93.1,1,2,0,46.7,1,1,2,0,42.2
6.94,2,1,1,0,0,0,4.3,5.2,59.5,0,5,0,47.5,1,1,2,0,43.87
7.26,4,2,0,0,0,0,44.6,4.8,70.2,1,1,1,34.0,0,0,0,3,0.0
9.54,4,2,0,0,0,1,39.0,6.9,55.7,2,4,0,67.9,1,1,2,1,51.12
8.59,3,2,1,1,0,0,33.8,8.0,75.7,0,3,0,61.2,2,1,1,2,48.45
8.17,1,1,0,1,1,0,51.3,4.1,56.8,0,5,1,60.1,2,1,1,3,54.3
5.65,1,2,0,0,1,1,45.1,6.6,95.6,1,4,1,71.3,2,1,1,0,62.77
9.23,0,2,0,1,1,1,99.8,7.3,69.1,1,1,2,69.3,3,1,1,2,66.62
9.0,2,3,1,1,0,1,41.6,6.2,53.8,1,4,0,78.8,3,1,1,3,71.87
10.0,5,1,1,0,1,0,60.8,9.6,52.8,2,2,0,74.9,2,1,0,3,81.9
5.98,3,1,1,0,0,0,88.8,4.1,40.4,3,4,0,76.1,1,1,2,1,48.36
5.75,5,1,1,1,0,1,0.7,7.9,75.6,3,4,2,104.9,3,1,1,3,56.74
8.28,1,3,1,1,1,0,13.7,5.1,44.9,1,2,2,67.3,3,1,0,1,74.08
6.31,5,2,1,1,0,0,40.9,8.3,49.5,3,4,0,98.1,2,1,0,0,72.96
5.82,2,2,1,1,1,1,57.6,9.0,88.7,2,5,1,113.4,4,1,1,2,72.01
7.35,0,2,1,1,0,1,40.9,6.4,86.9,0,2,2,63.2,3,0,0,3,0.0
5.64,3,3,1,1,1,0,51.2,8.3,56.6,2,1,0,83.5,3,1,0,1,74.96
8.26,5,2,1,0,1,0,28.3,8.2,63.6,0,4,0,67.8,2,1,1,1,63.11
6.88,4,2,1,1,0,0,9.7,5.4,54.7,1,1,1,48.2,2,0,0,3,0.0
9.57,0,1,1,1,0,1,58.8,6.1,89.6,2,5,0,94.7,3,1,0,2,77.14
8.94,3,2,0,1,0,0,94.1,5.6,73.9,1,3,2,48.5,1,1,2,3,53.17
5.05,1,1,1,0,0,0,95.7,5.1,43.0,1,2,0,49.3,1,1,2,1,43.79
5.41,0,2,1,1,0,0,9.3,5.4,85.7,3,5,0,95.3,2,1,1,2,50.89
8.65,1,1,0,0,0,0,8.1,9.3,83.8,1,1,0,40.0,0,1,2,2,36.77
5.21,4,3,0,1,0,0,51.4,8.4,84.2,3,4,0,83.1,1,1,2,3,38.74
7.39,3,2,1,1,0,1,37.7,5.6,57.3,1,4,0,80.3,3,1,1,1,59.17
5.49,3,3,0,1,0,0,50.8,5.0,57.6,1,4,0,54.8,1,0,0,3,0.0
5.41,5,1,1,0,0,0,19.9,4.2,91.4,1,5,0,62.5,1,1,2,0,42.39
7.2,0,2,0,0,0,0,54.7,5.5,98.4,0,5,0,36.9,0,0,0,3,0.0
9.64,2,3,1,0,0,0,58.4,7.8,62.7,0,2,0,43.5,1,1,2,2,40.59
8.7,1,1,1,1,1,1,86.2,5.8,53.5,2,5,0,101.5,4,1,3,2,125.23
8.96,1,2,1,1,1,0,48.8,7.5,43.8,2,3,0,89.1,3,1,0,3,95.19
6.44,3,3,1,0,0,1,18.3,9.6,99.3,0,1,3,58.4,2,0,0,3,0.0
6.56,3,3,0,1,0,0,18.6,5.5,41.4,0,3,0,38.8,1,0,0,3,0.0
5.5,3,2,1,1,1,1,46.4,4.9,57.3,0,1,0,59.7,4,1,1,3,50.43
6.32,1,1,1,0,0,0,49.0,6.8,46.8,1,1,0,46.7,1,1,2,1,38.54
5.12,1,3,0,1,1,0,11.3,4.0,56.9,3,4,0,82.5,2,1,0,2,70.6
5.9,4,1,1,0,0,0,29.2,4.4,61.7,0,2,0,32.7,1,0,0,3,0.0
5.12,5,3,0,1,0,1,5.1,4.0,86.9,1,5,1,66.5,2,1,0,0,78.94
9.0,1,3,0,0,1,0,71.3,10.0,50.6,1,4,0,71.3,1,1,2,3,49.49
6.67,3,2,1,0,0,0,12.8,8.1,70.5,1,5,0,65.9,1,1,2,3,37.03
8.05,4,3,1,1,0,1,50.6,7.1,83.2,2,4,1,89.1,3,1,0,0,68.44
5.52,0,1,1,0,0,0,28.5,4.2,62.0,0,6,0,48.6,1,1,2,0,42.24
9.53,3,2,1,1,0,0,68.7,8.9,72.7,0,4,0,71.4,2,1,0,2,83.77
9.86,5,3,1,0,0,0,2.0,6.4,88.0,1,5,0,68.0,1,1,2,3,41.34
9.94,2,2,1,1,1,0,37.4,8.1,57.2,0,5,0,81.3,3,1,1,3,71.55
8.21,2,1,0,1,0,0,26.1,5.2,53.6,1,1,1,40.8,1,0,0,3,0.0
7.13,4,1,0,1,0,0,16.9,5.4,82.7,1,1,0,38.2,1,0,0,3,0.0
9.89,1,3,1,1,0,1,25.6,7.1,52.1,2,6,1,100.1,3,1,0,1,81.21
7.12,3,3,1,0,1,0,87.7,5.8,98.7,1,6,0,77.1,2,1,1,0,72.34
6.58,5,3,1,1,0,1,90.6,6.5,75.2,3,5,3,106.9,3,1,0,0,91.8
7.99,0,2,1,0,1,1,60.1,7.4,83.4,1,3,0,76.0,3,1,0,0,83.57
9.05,4,1,0,1,1,0,69.0,9.5,80.3,0,3,0,61.7,2,1,1,0,48.89
9.27,2,2,1,1,0,0,16.1,6.3,87.2,0,4,0,58.3,2,1,0,3,71.0
8.43,4,1,0,1,0,1,31.8,5.9,94.2,0,2,0,47.4,2,1,0,0,68.07
5.2,2,3,1,1,0,0,26.0,9.4,70.8,1,2,1,63.8,2,1,1,2,65.83
8.0,4,3,0,0,0,0,11.3,5.8,44.3,1,1,0,32.0,0,0,0,3,0.0
5.51,2,1,1,1,0,1,64.2,5.2,90.4,2,5,0,89.4,3,1,0,2,72.76
6.49,4,3,1,0,0,0,56.6,7.1,89.1,1,2,0,49.4,1,0,0,3,0.0
5.87,5,1,1,1,0,0,43.4,7.7,44.3,1,3,3,71.5,2,1,0,2,85.85
5.63,5,1,0,1,0,0,17.7,8.8,94.6,2,2,0,68.1,1,1,2,1,38.94
5.71,0,2,1,0,1,0,80.7,7.8,59.3,1,4,0,75.8,2,1,0,2,89.76
7.33,2,1,1,1,0,0,9.4,6.9,65.7,2,1,0,63.6,2,1,1,0,48.97
6.26,5,2,1,1,0,1,42.1,7.9,95.1,1,3,1,77.1,3,1,1,3,70.44
5.5,5,1,1,0,0,1,14.4,5.5,60.1,2,2,0,65.7,2,1,1,3,64.24
6.23,2,1,1,1,0,0,21.8,5.5,97.0,2,4,0,77.8,2,1,0,2,67.22
8.07,3,2,1,0,0,0,93.4,7.2,68.0,2,3,0,68.7,1,1,2,3,47.02
9.46,2,1,0,0,0,1,52.0,4.4,57.7,1,5,1,57.3,1,1,2,1,47.23
8.57,2,3,1,0,0,1,81.2,9.8,91.6,0,4,0,70.8,2,1,1,2,56.17
5.38,2,1,1,0,1,0,58.0,4.1,84.2,0,2,1,46.3,2,1,0,1,79.15
8.91,1,1,1,1,0,0,83.3,6.8,43.0,1,3,0,68.5,2,1,1,0,65.5
7.5,4,3,1,0,1,0,94.3,8.0,49.8,2,4,0,86.4,2,1,0,0,91.67
5.18,2,2,0,1,0,0,97.7,5.5,67.8,1,2,0,51.4,1,1,2,2,42.21
5.5,1,3,0,0,0,1,36.1,4.8,55.8,2,5,1,67.9,1,0,0,3,0.0
9.37,2,1,1,0,1,0,6.7,7.4,92.1,1,1,0,58.4,2,1,0,3,67.7
5.32,0,3,0,1,0,0,49.6,7.8,78.9,1,5,0,70.6,1,1,2,0,44.59
6.0,4,3,1,0,0,0,39.3,4.4,69.8,3,2,0,67.7,1,1,2,2,41.25
7.59,1,3,1,1,0,0,7.4,4.8,79.0,3,6,0,95.5,2,1,1,2,66.41
8.62,4,1,1,1,0,1,94.1,8.5,44.9,2,1,0,84.7,3,1,3,3,111.77
6.71,4,3,1,1,0,0,43.6,5.2,90.0,1,3,0,63.9,2,1,1,1,59.96
9.06,2,2,1,0,0,1,19.0,9.0,44.0,1,3,0,71.6,2,1,0,1,87.03
9.87,3,1,0,0,0,0,20.5,6.8,78.6,0,5,3,41.1,0,0,0,3,0.0
5.73,1,2,1,0,1,0,28.7,7.6,53.6,2,3,1,78.7,2,1,1,0,58.1
6.41,4,1,0,0,0,0,29.8,6.2,74.6,0,3,3,32.3,0,0,0,3,0.0
7.42,1,1,0,1,0,0,3.9,7.4,67.4,2,6,0,78.2,1,1,2,1,45.91
9.78,0,2,0,1,0,1,16.4,7.0,44.6,1,1,2,51.3,2,0,0,3,0.0
7.51,0,2,1,0,0,1,48.3,6.3,56.5,1,6,1,78.7,2,1,0,1,79.7
9.74,1,1,1,1,0,0,51.3,5.2,74.6,1,1,0,53.3,2,1,0,2,73.1
7.2,3,3,0,0,0,1,52.2,7.9,96.1,0,5,0,62.3,1,1,2,0,39.26
8.27,5,2,0,1,0,0,28.1,8.5,95.5,3,4,0,89.6,1,1,2,1,50.78
7.44,1,2,0,1,1,0,11.6,4.5,53.3,1,5,1,70.7,2,1,1,3,61.57
9.93,5,3,0,0,0,0,67.9,5.9,42.6,2,6,0,67.8,0,1,2,1,43.94
5.4,2,1,0,1,0,0,77.5,9.8,68.4,0,2,0,49.6,1,1,2,0,38.35
7.53,1,2,0,1,0,0,65.6,5.7,60.4,0,5,0,55.3,1,1,2,3,44.22
7.88,1,2,1,0,0,0,41.2,6.9,49.6,0,3,0,44.5,1,1,2,0,39.83
9.66,5,2,1,0,1,1,19.7,6.3,44.1,1,3,1,76.6,3,1,1,0,51.95
8.52,0,1,1,1,1,0,83.2,5.2,68.7,1,4,3,80.5,3,1,0,2,77.21
5.23,2,2,1,1,1,1,27.2,6.8,46.3,0,2,0,73.9,4,1,1,3,52.37
7.22,2,1,1,1,0,0,37.5,5.9,70.6,1,1,1,55.4,2,1,0,3,79.41
9.26,0,1,1,1,1,0,10.2,9.5,60.7,1,6,0,97.1,3,1,1,3,71.18
5.84,2,3,1,0,0,1,28.7,5.2,72.5,1,5,0,75.4,2,1,1,2,58.99
9.47,2,3,1,1,0,0,55.3,5.8,55.9,0,5,0,60.3,2,1,1,3,64.65
6.9,1,1,0,0,0,0,47.7,9.4,80.1,2,4,0,64.6,0,1,2,3,42.56
9.81,3,3,1,0,1,0,60.0,8.5,96.4,2,3,1,77.3,2,1,0,3,85.52
9.87,1,1,0,0,0,1,3.7,9.9,99.3,0,5,2,59.7,1,1,2,2,39.16
5.79,2,2,0,1,1,0,74.6,5.5,94.2,3,5,0,89.4,2,1,1,1,59.68
9.39,3,1,1,1,0,0,5.9,6.6,95.8,1,5,0,74.2,2,1,0,0,87.28
5.79,2,3,1,0,0,0,43.8,8.8,40.3,0,5,0,62.3,1,0,0,3,0.0
9.87,2,2,1,1,1,1,36.7,4.7,55.1,0,6,1,83.8,4,1,0,3,87.82
8.47,3,2,1,0,0,0,11.2,5.7,47.9,1,3,0,50.7,1,0,0,3,0.0
7.29,3,2,1,1,0,0,69.0,4.8,96.3,0,2,1,42.6,2,1,0,2,78.37
9.79,2,2,0,0,0,1,99.4,5.0,58.4,2,3,1,63.8,1,1,2,1,51.21
8.27,2,3,1,1,0,0,2.9,6.7,83.3,3,6,2,98.8,2,1,0,2,71.12
9.03,2,2,0,0,0,0,61.1,5.5,96.1,0,6,1,49.4,0,1,2,3,42.02
7.29,4,3,0,1,0,0,41.2,6.6,84.3,0,5,0,50.0,1,0,0,3,0.0
6.79,4,3,1,1,1,1,29.0,6.1,49.0,2,5,0,101.3,4,1,1,1,59.55
6.59,1,1,1,1,0,0,37.1,5.0,84.3,1,5,0,65.2,2,1,0,0,87.56
9.92,4,3,0,1,1,1,31.7,4.7,80.1,1,2,0,63.4,3,1,0,2,70.98
8.43,1,1,1,1,0,0,32.0,8.4,73.3,2,6,0,93.4,2,1,1,3,64.61
5.27,0,3,1,1,0,0,30.0,6.2,89.6,3,3,0,80.7,2,1,0,0,76.63
7.17,2,3,1,1,0,0,95.2,5.5,87.8,0,4,0,61.1,2,1,0,2,71.61
6.64,1,1,1,0,0,0,89.2,9.7,59.4,1,6,0,78.8,1,1,2,1,39.87
8.49,2,3,1,1,0,0,49.0,4.9,59.8,1,3,0,59.1,2,1,0,1,67.55
8.81,4,3,0,1,0,1,89.8,6.9,90.7,0,4,1,64.7,2,1,0,3,67.7
5.96,1,1,1,1,0,0,89.0,7.7,52.1,1,4,0,77.6,2,1,1,0,62.7
7.59,4,2,1,1,0,0,21.5,6.3,66.1,2,1,0,62.2,2,1,0,0,76.24
6.8,3,1,0,1,0,0,46.9,9.5,99.3,3,4,0,84.8,1,1,2,1,48.41
5.44,0,1,1,1,0,0,96.4,9.7,81.9,1,4,0,81.3,2,1,1,2,68.73
7.2,5,1,1,0,0,1,95.2,4.8,48.1,1,1,0,53.6,2,1,0,3,80.98
6.41,3,1,1,0,0,0,79.7,9.6,40.3,2,4,1,75.6,1,1,2,1,39.73
7.29,2,2,1,0,0,1,32.7,5.0,75.5,0,1,1,45.0,2,0,0,3,0.0
7.71,0,1,0,0,0,0,33.3,6.1,88.8,1,5,1,57.0,0,1,2,1,47.49
9.5,0,2,1,1,0,1,71.0,8.9,84.3,0,6,1,82.3,3,1,1,2,57.19
8.92,3,3,0,1,0,1,26.0,9.1,62.6,1,3,0,68.2,2,1,0,3,86.18
9.0,4,3,0,1,1,1,46.7,8.8,74.5,1,3,0,77.0,3,1,1,0,61.84
7.14,0,1,1,0,1,0,26.2,7.6,75.9,1,1,0,56.0,2,1,0,2,80.64
5.28,5,3,1,0,0,0,24.7,4.9,57.4,0,2,0,31.9,1,0,0,3,0.0
6.3,1,3,1,0,0,0,50.2,6.0,50.2,0,1,0,34.1,1,0,0,3,0.0
7.3,3,1,1,1,0,1,0.0,7.3,97.8,2,6,2,102.6,3,1,0,2,91.92
9.94,1,3,0,0,0,0,3.3,7.2,76.5,0,2,0,28.1,0,0,0,3,0.0
7.11,5,1,0,1,0,0,50.1,6.4,82.9,3,1,0,59.4,1,1,2,2,37.18
9.99,1,3,1,1,1,1,10.4,7.2,59.3,1,1,0,76.3,4,1,0,3,72.16
8.33,4,3,1,0,0,1,30.1,4.5,70.2,1,6,0,72.6,2,1,1,0,65.09
7.41,2,2,1,1,0,1,79.7,7.5,84.8,3,6,1,114.5,3,1,1,2,67.67
6.96,2,2,0,0,1,0,24.2,7.7,87.6,1,3,0,53.3,1,1,2,3,41.48
8.76,4,1,0,0,0,0,74.0,9.9,79.3,0,1,0,35.8,0,1,2,0,37.09
9.09,1,3,1,0,0,0,88.2,4.9,71.5,1,3,0,51.6,1,1,2,3,41.79
9.11,3,2,0,1,0,0,56.7,8.9,67.5,1,5,0,75.4,1,1,2,3,41.76
5.21,0,1,1,1,0,1,37.9,7.7,85.8,2,5,0,102.3,3,1,0,3,80.98
8.01,5,2,1,1,1,0,1.9,4.8,49.9,0,5,0,67.4,3,1,0,3,82.86
7.94,2,3,1,1,1,0,0.8,4.2,93.5,0,3,0,56.0,3,1,0,1,72.75
8.13,3,1,1,0,0,0,11.3,5.0,60.2,2,2,0,58.2,1,1,2,3,44.76
9.22,1,2,0,1,0,0,25.9,6.4,48.6,0,6,2,54.8,1,0,0,3,0.0
6.26,2,3,1,0,0,0,98.8,4.2,85.5,0,5,1,45.3,1,0,0,3,0.0
5.11,1,1,1,1,0,1,58.3,6.3,70.4,0,1,1,50.7,3,1,0,3,73.31
5.23,4,3,0,1,1,0,17.3,5.2,54.2,1,3,0,58.3,2,1,0,2,60.97
6.05,3,1,1,0,1,0,44.9,5.4,45.1,1,6,1,78.2,2,1,0,3,62.49
8.84,2,2,1,1,0,0,6.8,9.0,50.8,3,2,1,82.1,2,1,1,2,74.05
6.13,1,2,0,1,0,0,59.7,5.1,53.7,0,4,3,50.2,1,0,0,3,0.0
6.2,2,1,0,0,0,1,51.6,9.1,95.2,2,5,0,80.3,1,1,2,2,42.06
6.95,0,3,0,0,1,1,58.1,8.1,72.1,0,3,0,56.1,2,1,1,1,67.65
7.0,4,2,1,0,1,1,25.0,6.9,74.6,1,2,2,71.8,3,0,0,3,0.0
9.66,5,1,1,0,0,0,14.1,5.2,63.8,2,1,0,55.2,1,1,2,2,50.03
8.57,4,2,1,0,0,0,52.3,6.6,94.4,2,1,0,59.3,1,1,2,3,52.19
9.45,5,3,0,0,0,0,46.5,6.9,67.8,2,2,1,54.0,0,1,2,1,47.53
6.62,0,2,0,0,0,0,90.7,8.2,53.6,0,4,0,42.4,0,1,2,0,43.5
9.79,3,2,1,0,0,1,7.3,5.9,60.4,1,4,0,71.6,2,1,1,0,64.4
6.77,4,1,1,1,0,0,5.6,4.7,81.4,0,2,0,44.9,2,1,0,0,60.78
5.66,1,3,1,0,1,0,70.0,6.0,83.2,1,1,0,56.7,2,1,0,3,73.73
6.57,0,2,0,0,1,0,84.5,5.7,76.2,3,2,0,67.9,1,1,2,1,45.13
8.79,5,2,1,0,0,0,58.9,9.2,56.1,1,2,1,58.5,1,1,2,3,45.83
6.4,2,3,0,1,1,0,54.1,6.5,57.6,2,4,2,74.7,2,1,1,1,63.44
5.07,2,2,1,0,1,0,87.5,6.4,48.2,0,1,0,40.3,2,1,1,3,64.86
8.95,5,3,1,1,0,0,72.6,7.9,63.5,0,2,1,49.3,2,1,0,2,79.19
6.61,0,2,1,1,0,0,23.1,8.6,46.5,2,4,0,81.4,2,1,0,2,84.21
9.68,3,1,0,1,1,0,80.2,8.8,97.9,3,6,0,111.4,2,1,1,2,70.62
7.11,4,3,1,1,0,1,58.9,8.4,43.7,3,3,3,104.2,3,1,0,2,78.07
8.63,4,1,1,1,0,1,77.1,7.4,71.9,1,4,0,85.5,3,1,3,3,107.11
9.31,0,1,0,0,0,0,67.2,8.3,48.9,1,4,0,59.4,0,1,2,3,47.1
8.63,3,1,0,1,0,1,73.0,9.6,62.6,2,4,0,89.7,2,1,0,3,79.15
5.02,4,3,0,1,0,0,42.6,4.1,88.1,1,6,1,62.0,1,0,0,3,0.0
9.56,5,2,1,1,1,1,54.4,9.6,52.6,2,2,0,96.3,4,1,0,3,94.79
5.28,0,2,1,1,1,0,77.8,7.9,84.5,0,6,0,83.2,3,1,0,2,76.19
7.84,3,2,1,1,0,1,73.4,5.8,50.0,0,2,2,55.0,3,1,0,0,76.62
6.57,5,2,0,0,1,1,31.2,4.1,72.4,0,4,0,48.4,2,0,0,3,0.0
7.98,5,2,1,1,1,1,95.6,9.7,86.7,2,6,0,114.9,4,1,1,1,59.15
6.9,4,2,1,0,0,0,87.0,5.2,88.9,2,5,1,72.9,1,1,2,1,45.8
9.8,5,3,1,1,0,1,21.2,4.8,58.3,1,6,1,81.9,3,1,1,0,59.88
8.83,5,3,1,1,0,1,26.2,6.9,52.7,1,3,0,71.2,3,1,1,0,65.98
5.1,3,2,0,1,0,0,15.2,8.5,57.9,0,3,1,50.2,1,0,0,3,0.0
5.31,4,2,1,1,0,1,78.3,8.8,72.2,0,5,0,78.7,3,1,0,1,82.28
8.64,4,3,1,0,1,0,63.5,5.4,89.6,2,1,3,58.0,2,1,0,3,75.58
7.21,0,2,1,1,0,1,78.8,4.6,97.6,0,4,0,65.4,3,1,1,3,61.29
7.93,4,1,1,1,1,1,84.1,7.2,90.9,2,4,0,105.8,4,1,3,3,116.64
7.4,0,1,0,0,1,0,2.6,7.1,99.7,0,2,0,36.8,1,0,0,3,0.0
8.32,2,3,1,0,1,0,92.5,7.2,78.6,0,4,1,57.6,2,1,1,1,51.25
7.27,4,3,1,0,0,1,85.4,7.1,83.7,1,4,1,69.9,2,1,0,2,70.24
9.43,5,2,1,1,0,1,37.3,8.2,76.5,1,5,1,92.1,3,1,1,0,71.41
7.71,0,1,1,1,1,1,21.6,6.6,71.7,1,3,0,84.3,4,1,0,3,91.04
6.0,5,1,1,1,0,1,80.3,7.9,84.1,1,2,0,72.3,3,1,3,2,105.03
5.93,2,3,1,0,0,1,84.0,6.4,98.5,3,1,0,71.7,2,1,1,1,60.42
6.65,2,3,1,1,0,1,60.2,9.8,83.4,1,4,0,87.0,3,1,0,2,92.59
6.31,4,2,0,1,1,1,74.9,6.4,99.7,0,4,3,68.7,3,0,0,3,0.0
8.19,2,2,1,1,1,0,53.1,9.0,44.5,0,5,0,85.6,3,1,1,0,59.71
5.01,2,3,0,1,0,0,92.7,9.0,56.2,0,1,0,45.0,1,1,2,3,37.12
5.64,2,3,0,1,0,0,86.0,7.5,74.7,0,5,0,58.2,1,1,2,1,46.88
5.78,0,3,1,0,1,0,77.9,9.3,76.8,1,2,0,71.9,2,1,0,1,88.25
7.8,0,3,0,0,0,1,65.8,7.3,41.9,0,3,0,43.6,1,1,2,1,44.1
5.68,2,1,0,0,1,0,17.2,7.3,91.0,2,4,0,69.9,1,1,2,0,50.35
7.9,5,1,1,1,0,0,72.6,8.5,95.5,2,3,1,76.4,2,1,0,1,73.35
8.81,5,3,0,0,0,0,20.3,8.7,66.5,1,6,0,70.2,0,1,2,3,38.74
7.37,2,3,1,1,0,1,25.5,7.7,91.3,0,1,0,62.2,3,1,1,0,67.49
6.79,1,3,0,1,0,0,98.7,8.2,88.9,3,1,0,69.8,1,1,2,3,44.15
9.29,4,1,1,1,0,0,12.3,5.6,88.2,1,5,0,68.7,2,1,0,2,81.02
5.93,4,1,1,1,0,1,26.8,7.8,52.1,0,4,0,72.4,3,1,1,2,61.19
6.05,5,1,1,1,0,0,68.3,8.6,96.7,1,5,1,76.4,2,1,0,1,88.04
8.02,4,2,1,0,0,0,31.5,4.7,58.6,0,6,0,54.3,1,1,2,2,39.26
5.58,2,1,0,0,0,0,81.2,6.3,77.9,1,1,0,34.0,0,0,0,3,0.0
6.93,0,1,1,1,0,1,17.5,4.2,70.4,1,4,0,74.8,3,1,0,3,79.08
7.83,3,3,1,1,1,0,14.7,8.0,72.4,2,5,0,98.9,3,1,0,3,75.62
7.26,2,2,1,1,1,0,45.2,9.0,90.2,3,2,2,97.2,3,1,1,2,66.16
6.2,4,3,1,1,0,1,47.4,6.0,94.9,3,1,0,84.5,3,1,0,3,84.26
9.57,3,2,1,0,1,0,49.7,9.1,75.1,0,2,0,60.9,2,1,0,3,81.66
8.15,2,2,1,1,0,0,81.5,7.2,84.7,1,3,0,69.9,2,1,0,0,72.29
9.42,5,1,1,0,0,0,85.4,6.8,54.2,0,2,0,36.5,1,1,2,1,40.55
7.96,4,3,1,1,0,0,26.6,6.9,92.7,3,5,0,97.9,2,1,1,0,68.68
5.36,1,1,0,0,0,0,65.7,6.7,86.5,2,5,0,61.8,0,1,2,3,40.57
8.0,5,2,1,0,1,0,98.5,9.1,68.3,1,6,0,90.2,2,1,0,3,82.93
9.63,1,2,1,0,1,1,91.3,6.6,61.6,3,6,1,108.4,3,1,0,2,75.45
7.03,5,2,0,0,1,1,7.2,7.0,73.6,1,3,0,62.4,2,1,1,0,59.14
8.32,4,1,0,1,0,1,21.6,9.7,87.9,0,1,0,51.8,2,1,0,0,87.44
5.67,3,3,0,0,0,0,55.1,9.2,87.3,1,5,1,61.6,0,0,0,3,0.0
6.24,2,3,1,1,1,0,0.3,9.2,53.7,2,2,0,82.9,3,1,0,3,68.29
8.38,4,3,1,1,0,1,90.6,6.7,97.2,0,2,0,64.6,3,1,1,1,67.51
9.03,3,2,1,0,1,1,59.0,6.2,64.9,0,5,0,74.0,3,1,0,1,77.73
8.66,1,1,0,1,0,1,14.4,4.9,84.5,3,1,1,65.3,2,1,1,1,52.53
8.17,3,2,0,0,0,0,16.4,9.7,84.7,1,5,0,63.6,0,1,2,1,34.49
9.35,0,3,1,1,0,0,10.2,9.4,63.0,1,6,0,92.7,2,1,0,0,85.61
9.58,2,1,1,1,0,0,52.9,5.9,64.4,0,4,2,55.7,2,1,1,0,49.23
9.28,2,3,1,0,0,0,22.7,4.9,65.6,0,1,0,28.1,1,0,0,3,0.0
6.71,0,3,1,0,0,1,45.0,4.4,84.2,1,6,0,77.2,2,1,1,0,51.07
7.44,0,3,0,0,1,0,59.2,9.5,70.8,1,4,3,66.6,1,0,0,3,0.0
7.6,2,3,1,0,0,0,90.0,7.9,57.3,1,5,2,64.5,1,1,2,3,52.63
9.98,3,1,1,1,1,0,91.7,7.6,70.6,2,6,0,98.3,3,1,3,0,117.35
9.12,2,3,0,1,0,1,46.4,7.7,69.9,1,1,2,60.4,2,0,0,3,0.0
6.03,0,3,1,0,1,0,66.7,9.4,90.3,0,5,0,68.5,2,1,0,2,68.05
5.98,1,2,0,1,1,0,55.3,9.5,94.5,2,5,0,97.4,2,1,1,3,69.41
6.69,3,1,0,0,1,1,35.9,4.0,96.3,1,5,0,67.2,2,1,0,3,72.76
8.84,1,3,0,0,0,0,40.8,4.2,53.6,0,2,0,19.5,0,0,0,3,0.0
7.72,5,1,0,0,1,0,93.6,4.0,40.0,2,5,2,70.9,1,1,2,2,46.03
6.36,2,1,0,1,0,0,58.0,5.2,64.8,0,3,0,40.0,1,1,2,1,42.03
9.1,1,3,0,1,0,1,52.5,10.0,91.7,0,6,2,79.0,2,1,0,1,76.23
7.93,4,1,1,1,0,1,3.8,8.1,48.5,1,4,1,83.3,3,1,0,3,71.93
5.54,0,1,0,0,0,0,90.4,5.5,95.2,3,1,0,48.9,0,1,2,3,45.15
9.72,1,3,1,1,0,0,52.9,5.4,41.6,0,3,0,53.8,2,1,1,2,55.87
5.82,2,1,1,0,0,0,62.4,6.6,75.3,2,2,2,59.9,1,1,2,0,47.03
6.51,4,3,0,0,1,0,46.1,8.1,82.6,1,3,0,63.4,1,1,2,2,41.24
8.63,2,3,0,1,0,0,24.6,8.2,74.0,1,2,0,57.1,1,0,0,3,0.0
9.18,2,3,0,1,0,0,13.6,10.0,60.1,1,1,0,54.8,1,0,0,3,0.0
6.51,4,3,1,1,0,0,94.5,6.0,93.7,2,1,0,67.8,2,1,1,0,73.27
5.7,5,1,0,1,0,0,69.5,8.7,57.1,0,3,0,53.1,1,1,2,3,40.34
7.81,3,3,0,0,0,1,21.7,5.1,83.3,3,6,0,89.8,1,1,2,2,41.78
5.36,0,1,1,0,1,1,59.9,8.2,89.3,2,6,2,106.1,3,1,0,1,92.53
8.29,1,2,1,1,0,1,40.0,6.6,79.5,0,1,0,51.0,3,1,1,2,56.26
9.68,4,2,0,0,0,0,10.4,6.7,91.8,2,5,2,66.2,0,0,0,3,0.0
7.78,0,2,0,0,0,1,1.8,8.7,89.6,0,3,0,53.1,1,0,0,3,0.0
9.1,5,1,0,0,0,0,31.0,4.7,41.1,2,3,0,49.9,0,1,2,3,46.74
8.16,4,3,1,1,0,0,10.2,4.8,82.1,2,1,1,63.9,2,1,1,2,60.73
7.88,2,2,1,0,1,1,79.0,5.6,94.2,0,4,1,66.4,3,1,1,0,61.48
5.72,0,2,1,1,0,1,76.3,9.0,54.5,1,4,0,83.9,3,1,0,3,82.86
6.55,5,3,0,1,0,0,44.9,5.2,63.1,1,6,0,63.7,1,1,2,2,42.08
6.91,5,2,1,1,0,0,26.8,8.3,55.7,1,4,1,73.8,2,1,0,2,74.38
8.53,0,1,1,1,0,1,88.6,4.4,82.5,2,3,0,83.1,3,1,3,1,94.06
6.89,1,1,1,0,1,1,100.0,5.5,92.1,1,1,0,63.6,3,1,0,1,79.77
5.91,2,3,1,0,1,0,9.7,7.8,99.1,1,5,0,75.7,2,1,1,2,65.48
8.85,4,1,0,0,0,1,18.6,7.9,79.5,1,4,0,60.5,1,1,2,1,42.52
5.46,1,2,0,1,0,0,62.1,8.1,54.5,1,1,0,45.0,1,1,2,3,44.93
5.98,0,3,1,0,0,0,75.1,7.0,93.6,0,5,2,52.8,1,0,0,3,0.0
9.1,4,2,1,1,0,1,45.0,9.1,64.6,2,6,0,108.9,3,1,0,1,93.08
8.27,1,3,1,1,0,1,99.3,5.0,82.9,1,6,1,80.6,3,1,1,1,71.99
7.57,2,1,1,1,0,0,34.8,4.9,71.8,1,5,1,74.2,2,1,1,3,71.0
9.74,1,2,0,1,1,0,67.9,8.2,77.8,2,2,0,77.4,2,1,0,1,89.44
7.17,2,1,1,0,0,1,60.3,4.8,99.3,3,2,0,76.7,2,1,0,0,92.41
9.28,3,1,0,0,0,1,11.0,8.4,48.2,3,1,0,74.7,1,1,2,1,44.06
9.14,2,1,1,1,1,0,40.0,9.5,68.0,2,5,2,101.1,3,1,0,1,72.76
5.53,2,2,0,0,0,0,92.2,9.3,84.9,1,1,0,39.4,0,1,2,3,44.68
9.18,2,1,0,0,0,1,48.6,5.5,41.9,1,2,1,48.4,1,1,2,3,49.73
6.22,2,3,1,1,0,1,16.5,4.2,72.2,0,4,1,57.9,3,0,0,3,0.0
6.5,2,2,1,1,0,1,29.8,7.9,63.9,1,6,1,92.1,3,1,0,3,71.52
7.78,1,3,1,0,0,0,92.8,8.1,85.4,0,2,0,48.2,1,1,2,1,46.06
7.02,0,3,1,0,1,1,92.9,6.3,69.4,0,5,0,70.9,3,1,1,3,55.96
6.02,4,3,0,0,0,0,34.3,7.1,52.0,3,4,0,66.5,0,0,0,3,0.0
9.26,5,1,1,0,1,0,47.3,7.1,73.8,1,2,0,66.2,2,1,0,3,70.33
9.15,2,3,1,0,0,0,41.4,7.2,57.6,1,2,0,55.4,1,0,0,3,0.0
7.42,1,2,1,0,0,1,42.2,8.3,48.9,0,5,0,70.2,2,1,0,1,65.94
5.8,2,3,0,0,0,1,63.1,9.8,75.4,2,1,0,65.7,1,1,2,0,48.16
9.05,0,3,0,1,0,1,3.2,6.3,97.8,1,6,0,76.4,2,1,1,1,64.3
9.9,2,1,0,1,0,0,48.5,5.4,80.6,1,6,0,65.8,1,1,2,3,42.28
8.36,2,1,0,1,0,1,94.5,8.6,89.4,1,5,1,79.8,2,1,0,2,72.52
7.78,5,3,1,1,0,1,40.6,7.2,72.0,1,5,0,83.7,3,1,1,1,68.38
7.28,3,1,1,1,1,1,18.0,8.5,61.5,0,1,1,69.8,4,1,1,3,69.41
5.01,5,2,1,1,1,1,43.3,6.6,50.0,3,4,0,110.4,4,1,0,0,75.59
7.82,5,2,1,0,1,0,20.4,6.5,95.4,1,5,2,73.8,2,1,1,2,63.27
6.06,2,3,1,1,0,0,92.9,4.0,65.0,0,6,2,57.4,2,0,0,3,0.0
8.44,0,3,0,1,0,1,39.1,6.3,68.3,3,1,1,69.2,2,1,0,0,74.01
9.58,0,1,1,0,0,0,5.1,6.1,57.6,3,1,0,67.6,1,1,2,3,44.92
9.63,3,2,0,0,0,1,32.7,9.5,55.4,0,4,1,56.9,1,0,0,3,0.0
5.54,2,3,0,1,0,0,95.2,7.3,71.9,1,3,0,58.2,1,1,2,2,53.43
7.32,4,2,0,0,0,0,39.5,6.6,91.2,2,1,1,44.7,0,1,2,0,47.14
9.5,4,2,1,0,1,0,93.4,9.1,95.0,1,2,1,67.5,2,1,0,1,72.19
7.11,0,2,1,0,0,1,68.0,4.5,42.0,0,3,1,53.1,2,0,0,3,0.0
8.25,5,2,1,0,0,0,45.3,5.8,73.2,1,1,0,45.4,1,1,2,3,49.81
6.74,1,2,0,0,0,0,7.5,7.8,74.1,1,5,0,58.9,0,0,0,3,0.0
8.62,3,1,1,1,1,0,66.7,7.9,89.4,2,3,2,87.8,3,1,0,0,76.4
8.07,1,2,0,1,1,0,68.2,9.8,53.9,1,5,0,88.3,2,1,1,0,66.18
7.82,3,3,1,0,0,0,69.6,7.2,77.3,0,3,0,46.5,1,1,2,3,51.23
9.84,2,1,1,0,0,1,30.5,6.5,80.5,0,4,0,62.7,2,1,0,1,79.6
5.68,5,1,1,0,0,1,50.0,8.2,88.1,2,1,0,67.6,2,1,0,3,74.77
6.03,3,2,1,1,0,0,19.4,5.8,56.8,2,5,2,78.0,2,1,1,3,68.51
7.44,5,1,1,0,0,1,59.5,6.9,46.0,0,2,3,46.6,2,0,0,3,0.0
5.47,4,3,1,1,0,0,93.3,4.4,60.9,1,3,0,56.7,2,1,1,1,57.2
9.97,2,3,1,1,0,0,86.2,6.0,46.4,0,1,1,39.7,2,0,0,3,0.0
5.38,1,3,1,1,0,0,16.6,6.3,94.4,0,3,0,49.3,2,0,0,3,0.0
9.3,4,3,1,1,0,0,3.8,5.5,99.5,1,3,0,63.7,2,0,0,3,0.0
5.07,4,1,1,1,1,0,98.8,6.8,86.0,1,4,0,82.4,3,1,0,0,84.98
7.5,0,1,0,0,1,1,78.3,4.2,62.9,1,1,2,50.7,2,1,0,0,66.84
5.13,4,2,1,1,1,0,64.2,8.2,57.2,1,1,0,65.9,3,1,0,3,66.5
6.3,3,1,1,0,1,0,32.0,5.5,76.1,0,5,0,61.0,2,1,1,3,61.61
7.15,0,3,1,1,1,1,36.8,8.2,59.2,2,5,2,109.5,4,1,1,1,67.76
6.89,4,1,1,1,0,1,7.7,7.8,96.5,1,4,0,82.9,3,1,0,0,83.84
5.57,2,1,1,0,0,1,36.4,9.5,46.5,3,6,0,103.6,2,1,0,1,83.81
7.86,4,1,1,0,1,1,53.4,5.0,91.9,0,6,1,79.3,3,1,1,3,56.85
9.88,0,3,1,0,0,0,20.2,8.2,83.4,2,1,0,56.4,1,1,2,1,44.45
7.8,4,3,1,1,1,1,72.8,7.7,62.0,1,1,0,78.1,4,1,0,0,72.78
6.09,0,2,0,1,0,0,46.1,5.3,73.7,2,2,0,53.4,1,1,2,1,41.0
5.45,2,1,0,1,0,1,71.7,7.4,67.0,1,3,1,72.1,2,1,0,3,85.24
5.95,5,3,1,1,0,0,40.1,5.1,43.6,2,5,0,83.5,2,1,1,3,67.33
9.73,1,1,1,0,0,1,1.7,5.0,94.5,0,5,0,63.2,2,1,1,3,53.98
8.04,1,2,1,1,1,0,2.6,5.7,49.3,0,6,0,73.6,3,1,0,3,62.54
9.3,1,1,0,0,0,0,72.7,4.0,86.8,2,3,0,45.5,0,1,2,2,40.79
9.95,3,1,0,0,0,0,50.2,9.6,81.8,1,5,1,60.0,0,1,2,0,42.98
5.35,4,2,1,0,1,1,34.0,5.4,79.0,3,1,0,85.6,3,1,1,0,69.21
8.62,2,3,1,0,0,0,43.7,6.4,51.0,0,1,0,39.0,1,0,0,3,0.0
6.82,1,2,1,0,0,0,0.2,8.2,90.1,1,1,0,50.9,1,0,0,3,0.0
5.47,5,2,1,1,0,0,23.3,6.3,52.3,2,3,0,76.9,2,1,1,2,51.16
8.36,2,2,0,0,0,1,52.4,6.1,96.3,3,4,0,75.0,1,1,2,2,54.07
8.62,4,3,1,0,0,0,72.0,6.7,94.3,1,3,2,54.1,1,1,2,1,39.13
7.97,4,2,1,1,1,1,31.0,9.8,95.1,1,5,0,104.8,4,1,1,0,55.57
5.09,2,3,1,1,1,0,50.0,8.5,46.2,2,2,1,89.9,3,1,1,2,54.55
7.77,5,3,1,0,0,1,74.5,7.0,74.5,1,3,1,63.4,2,1,1,3,54.12
7.18,0,3,1,1,0,0,1.9,6.6,56.1,1,1,0,57.0,2,0,0,3,0.0
8.1,4,1,1,0,0,0,99.8,9.9,47.5,0,4,0,61.9,1,1,2,3,42.58
9.79,4,1,1,1,0,0,94.6,4.4,85.6,3,2,0,72.9,2,1,1,1,75.79
7.12,2,2,0,0,1,0,84.2,7.2,57.0,1,5,0,68.7,1,1,2,2,41.75
9.19,2,2,0,0,1,1,80.4,7.4,65.7,3,5,0,99.2,2,1,0,1,91.37
9.1,3,1,0,1,0,0,44.9,6.9,46.2,1,6,0,72.6,1,1,2,0,47.97
9.3,2,2,1,0,1,1,80.7,4.3,93.8,1,5,0,80.0,3,1,0,3,75.59
5.8,0,2,1,1,0,1,48.1,9.7,48.4,0,3,2,73.7,3,1,1,3,59.45
9.87,4,1,1,1,0,0,59.2,6.7,68.0,0,6,0,69.1,2,1,0,3,73.46
8.83,1,3,1,1,0,1,9.7,6.3,91.2,1,6,0,84.6,3,1,1,2,56.11
5.27,3,1,1,1,0,0,0.6,5.5,65.7,1,2,0,56.8,2,1,0,0,80.64
6.99,1,3,0,1,0,0,8.6,8.2,82.7,1,3,0,55.4,1,1,2,2,43.68
9.72,1,2,0,1,0,0,84.2,6.8,42.0,0,5,0,54.0,1,1,2,2,49.41
7.97,4,2,0,0,0,0,33.8,8.3,63.2,3,5,0,84.6,0,1,2,1,40.99
8.76,5,3,1,1,0,0,49.5,5.2,53.7,1,4,0,62.1,2,1,0,3,89.48
7.07,1,2,1,0,1,0,15.3,4.5,54.5,0,5,0,53.9,2,1,1,2,54.64
5.78,3,3,1,0,0,0,33.9,7.9,60.5,2,4,1,75.4,1,0,0,3,0.0
5.25,1,2,1,0,0,0,65.8,8.2,44.5,0,4,2,54.4,1,0,0,3,0.0
7.78,3,1,1,1,0,1,80.0,6.4,90.5,0,5,0,73.3,3,1,3,0,107.01
7.43,3,2,1,1,1,1,35.8,6.6,94.2,0,6,0,85.9,4,1,1,2,63.07
6.19,5,2,0,0,1,0,18.4,8.0,94.0,0,2,1,41.4,1,0,0,3,0.0
9.24,5,2,0,1,0,1,55.2,7.2,82.1,2,6,0,87.7,2,1,0,3,89.27
9.73,1,2,0,1,0,1,34.2,4.4,83.8,2,3,0,66.7,2,1,0,0,74.06
5.11,0,1,1,1,1,0,65.5,6.8,89.6,0,1,0,53.6,3,1,0,3,71.51
9.97,5,2,0,0,1,0,46.5,5.3,79.9,1,2,0,50.5,1,1,2,2,48.4
7.42,4,1,1,1,1,0,24.3,6.1,46.6,1,3,0,70.0,3,1,0,0,77.08
5.16,1,3,0,0,0,0,84.9,4.2,79.6,0,3,0,29.7,0,0,0,3,0.0
9.55,2,1,1,1,1,0,3.5,4.1,75.2,1,1,2,60.0,3,1,0,3,70.3
5.93,3,1,1,0,0,0,92.0,6.8,89.4,1,5,0,68.5,1,1,2,3,45.06
7.75,2,1,1,1,0,1,42.1,8.7,85.6,0,1,0,62.3,3,1,1,2,54.23
6.15,3,2,1,1,0,0,22.9,8.2,98.8,1,5,2,84.2,2,1,0,0,80.72
6.89,0,3,0,1,0,0,85.4,8.0,51.7,0,3,0,49.4,1,1,2,0,40.43
7.37,2,2,1,0,0,1,65.0,5.6,48.3,3,3,0,83.7,2,1,1,0,70.34
8.78,1,2,1,0,1,0,64.9,7.1,91.0,1,1,0,53.2,2,1,0,2,71.07
8.36,5,2,0,0,0,0,95.9,6.4,59.7,1,6,0,60.3,0,1,2,1,42.88
8.15,2,2,1,1,1,0,64.8,9.5,54.2,0,1,0,61.4,3,1,0,3,89.33
9.53,0,2,1,1,0,0,6.0,8.4,76.8,2,6,0,97.6,2,1,0,0,68.54
5.98,2,3,0,0,0,1,86.1,5.4,53.4,1,4,0,56.4,1,1,2,2,48.04
5.13,5,1,1,1,1,0,82.7,8.8,97.7,1,6,0,99.3,3,1,0,0,78.75
5.18,1,1,1,1,1,0,46.0,4.2,87.4,0,6,0,69.6,3,1,0,3,77.57
5.3,4,1,1,0,0,1,7.5,6.3,76.9,3,3,1,86.7,2,1,0,2,71.39
5.6,5,1,1,1,1,0,62.0,9.1,43.0,1,4,2,83.9,3,1,0,1,88.85
6.64,1,1,0,0,0,0,97.5,5.5,90.2,1,3,0,37.6,0,1,2,3,41.41
9.4,3,2,1,0,0,1,7.3,8.2,57.7,1,5,1,80.8,2,1,0,0,78.26
5.63,3,3,1,1,0,0,24.5,8.0,96.1,2,6,0,91.2,2,1,0,1,69.33
7.64,1,3,0,1,1,1,92.5,6.0,45.3,2,5,0,88.5,3,1,1,3,56.97
7.39,0,1,1,0,1,1,78.8,6.2,99.1,1,1,0,66.1,3,1,3,0,100.79
8.61,2,1,0,0,0,0,81.6,9.0,70.7,1,6,0,69.1,0,1,2,1,47.25
8.46,5,3,1,0,0,1,15.5,5.0,72.0,1,4,1,62.8,2,0,0,3,0.0
8.21,1,1,1,0,1,0,65.5,9.9,78.1,0,3,0,67.0,2,1,0,3,79.34
8.68,5,3,1,0,1,1,4.5,4.2,73.1,1,6,0,84.4,3,1,1,2,62.95
6.15,2,3,0,0,0,0,0.9,8.5,42.4,0,3,0,36.9,0,0,0,3,0.0
7.87,1,2,0,1,1,0,32.5,6.6,53.0,2,5,0,79.8,2,1,0,3,70.48
7.05,3,1,1,0,0,0,33.5,5.9,86.7,3,5,1,83.3,1,1,2,1,45.92
7.28,1,2,0,0,1,1,91.9,5.2,69.5,0,4,0,52.7,2,1,0,2,80.88
5.67,3,1,0,1,1,1,30.9,5.0,84.6,0,6,1,74.6,3,1,0,1,68.4
8.89,5,2,0,0,0,1,32.0,7.0,76.2,2,5,0,72.1,1,1,2,0,44.97
7.92,5,3,0,0,0,0,51.0,4.2,99.5,2,4,0,49.3,0,1,2,1,49.22
9.46,1,1,1,1,0,0,72.1,6.5,49.7,0,4,0,59.4,2,1,1,0,62.9
9.75,5,2,0,1,1,1,0.1,8.1,97.3,2,4,0,94.4,3,1,0,1,94.14
9.95,3,2,1,1,0,1,61.0,5.9,77.0,0,1,0,56.6,3,1,0,1,79.96
6.69,2,3,1,1,1,0,41.7,4.3,90.2,2,5,0,89.3,3,1,0,2,87.34
5.59,5,2,1,1,0,0,74.6,6.4,82.4,0,5,0,60.3,2,1,1,1,67.44
8.27,1,2,1,0,0,0,66.5,5.7,80.7,1,2,0,47.2,1,1,2,0,50.3
9.48,0,2,1,1,0,0,7.0,9.0,54.5,0,5,0,73.6,2,1,1,1,54.76
5.82,0,2,1,1,0,0,82.6,7.0,57.0,1,6,0,81.3,2,1,1,1,61.3
6.53,2,2,0,0,0,0,69.4,9.8,52.6,0,3,0,45.9,0,0,0,3,0.0
7.2,3,3,1,0,0,0,26.9,7.6,42.9,2,4,1,77.5,1,0,0,3,0.0
6.04,1,2,1,0,0,0,56.6,6.5,57.2,2,3,0,62.7,1,1,2,2,45.03
8.52,4,1,1,1,0,1,19.9,4.8,94.4,0,3,0,60.0,3,1,0,2,73.72
5.47,1,2,1,0,0,0,9.2,6.1,80.0,0,1,0,32.1,1,0,0,3,0.0
8.82,4,1,1,0,0,0,45.3,8.1,87.3,3,3,0,81.2,1,1,2,0,48.31
5.35,1,3,0,0,0,0,26.5,7.2,97.0,3,6,0,78.3,0,1,2,3,38.83
7.6,5,2,1,0,0,0,47.7,7.4,48.1,2,3,0,64.3,1,1,2,0,41.09
8.56,5,2,1,0,0,0,33.7,7.5,93.9,2,2,1,65.3,1,1,2,3,39.94
7.34,5,1,0,1,0,0,45.1,9.3,70.1,0,4,1,54.6,1,1,2,0,38.94
6.77,2,2,1,0,1,1,11.5,4.0,93.3,0,1,0,43.9,3,1,1,0,48.71
6.04,3,1,0,1,0,0,76.3,9.0,95.0,1,3,1,58.7,1,1,2,3,51.04
6.83,1,2,0,1,1,0,94.5,4.4,74.1,3,3,0,82.9,2,1,0,1,86.03
7.67,5,3,1,1,0,1,24.0,8.8,96.3,2,2,0,83.3,3,1,0,1,75.95
5.86,1,2,1,1,0,1,43.6,6.8,93.3,2,4,2,92.0,3,1,0,0,80.21
5.22,3,1,0,1,0,0,81.6,7.4,72.9,0,1,3,37.3,1,0,0,3,0.0
9.19,1,3,1,1,0,0,64.0,9.1,69.6,0,2,0,56.7,2,1,0,2,84.1
7.97,1,2,1,0,0,1,81.6,9.3,66.3,2,5,0,96.4,2,1,0,0,79.94
5.57,0,1,1,0,0,0,33.0,9.7,45.0,2,5,0,84.3,1,1,2,0,45.93
7.78,2,2,0,1,0,1,89.5,8.7,87.8,0,3,0,58.3,2,1,0,0,90.47
5.34,3,3,1,0,1,0,56.2,6.2,76.4,1,3,0,64.1,2,1,1,3,52.13
6.92,0,1,0,1,0,0,11.3,4.2,61.3,1,1,1,41.4,1,0,0,3,0.0
5.86,5,3,1,1,0,0,79.9,8.4,80.4,1,2,1,67.0,2,1,0,1,80.82
6.34,5,2,0,0,1,0,60.9,8.6,86.8,1,1,0,54.6,1,1,2,3,39.4
6.06,3,1,0,0,0,1,85.3,7.3,95.2,1,1,0,43.1,1,1,2,0,46.63
7.73,5,3,0,0,0,0,65.1,5.1,86.4,1,4,1,44.7,0,0,0,3,0.0
9.51,3,1,1,0,1,0,91.4,9.5,74.8,0,6,0,82.6,2,1,1,3,71.21
8.16,5,1,1,0,1,1,67.1,4.6,75.3,0,5,0,66.8,3,1,0,3,80.34
6.34,5,1,0,1,0,0,25.1,5.2,87.7,2,5,0,68.3,1,1,2,2,35.65
7.82,3,1,0,1,0,0,95.0,5.5,49.7,1,1,0,42.0,1,1,2,1,46.53
9.59,0,3,1,1,1,0,88.0,5.4,51.4,1,5,0,80.7,3,1,0,0,80.91
9.63,4,1,1,1,0,0,80.9,7.1,49.8,3,6,1,97.9,2,1,0,3,82.25
6.09,5,2,1,1,0,1,24.0,6.0,58.5,1,3,0,74.7,3,1,1,0,59.35
5.6,4,2,0,1,0,0,69.6,5.3,42.6,1,5,2,58.6,1,0,0,3,0.0
7.42,5,2,1,1,0,1,38.6,6.1,80.8,1,4,0,81.6,3,1,1,0,51.06
6.46,2,3,1,0,0,1,89.2,9.0,47.0,3,3,0,90.5,2,1,1,2,77.63
7.89,1,3,1,1,0,0,15.9,6.4,68.0,2,2,1,66.2,2,0,0,3,0.0
5.66,1,3,1,1,1,1,98.4,4.6,73.2,2,3,1,88.2,4,1,0,0,72.16
7.36,5,3,1,0,1,1,66.2,5.7,53.0,1,2,0,69.3,3,1,0,3,92.02
6.17,4,2,1,1,0,0,96.9,6.8,65.5,0,6,1,66.7,2,1,0,3,84.1
6.8,3,2,0,0,0,0,51.4,9.5,88.6,0,1,0,30.2,0,1,2,3,42.31
7.16,4,1,1,1,0,0,25.2,8.9,73.6,2,6,0,100.2,2,1,1,3,69.49
5.05,2,1,1,0,1,1,0.2,9.5,89.8,3,6,0,120.9,3,1,1,0,72.07
6.11,3,3,1,0,0,0,43.2,6.6,87.0,1,5,0,65.0,1,1,2,1,45.78
6.67,1,1,0,0,1,0,80.7,4.4,45.4,1,1,0,34.7,1,1,2,3,51.45
8.58,5,3,1,1,0,1,30.2,4.0,82.9,0,2,1,54.8,3,0,0,3,0.0
5.52,3,2,0,1,1,1,62.6,4.3,53.3,0,6,0,76.4,3,1,0,3,90.97
8.41,4,3,0,1,0,0,68.6,5.1,45.5,1,2,0,46.1,1,0,0,3,0.0
7.34,0,3,1,1,0,1,91.4,7.7,85.9,1,1,0,69.2,3,1,1,1,57.72
5.89,4,3,1,1,0,0,70.7,7.2,46.3,3,2,0,78.0,2,1,0,2,91.03
8.86,5,3,1,1,0,0,76.0,7.1,89.2,3,5,0,99.5,2,1,1,3,79.77
6.52,0,2,1,0,0,0,97.9,6.9,97.2,0,5,2,54.6,1,0,0,3,0.0
7.62,5,1,1,1,1,0,44.2,5.5,74.7,3,3,0,96.4,3,1,1,1,62.73
5.54,5,3,1,0,0,1,56.8,8.2,77.2,0,2,1,58.1,2,0,0,3,0.0
5.83,3,3,1,1,0,1,83.4,4.1,41.2,1,2,1,59.3,3,1,1,2,58.74
5.97,2,1,1,1,0,1,0.4,6.4,84.6,2,5,0,94.7,3,1,1,3,63.25
5.01,5,3,0,1,0,0,50.5,5.9,77.5,2,3,0,63.6,1,1,2,1,47.68
7.24,4,2,0,0,0,1,95.0,6.7,41.7,1,1,0,44.9,1,1,2,0,53.77
5.08,1,1,0,1,0,0,7.9,8.0,51.1,0,1,3,40.1,1,0,0,3,0.0
8.65,4,2,1,0,0,1,25.1,7.5,56.5,2,3,2,80.5,2,0,0,3,0.0
6.03,1,1,1,1,0,1,31.8,9.5,81.9,2,5,0,99.6,3,1,0,0,92.25
9.76,4,2,0,0,0,0,78.4,5.7,57.3,0,5,0,44.4,0,1,2,2,47.38
6.77,0,1,0,0,0,1,42.5,4.2,97.3,0,6,0,48.2,1,1,2,3,40.22
8.24,3,1,0,1,0,0,75.5,9.0,54.0,1,1,0,55.6,1,1,2,3,44.22
7.56,4,1,0,0,1,1,72.5,4.4,94.5,3,4,0,82.0,2,1,1,3,68.85
8.08,5,3,1,1,0,1,75.8,7.4,96.3,2,5,0,100.5,3,1,0,2,77.86
5.97,5,2,1,0,0,0,84.6,8.1,92.3,0,1,0,41.5,1,1,2,1,49.99
7.76,4,2,1,1,1,1,90.7,7.8,80.2,1,3,0,89.8,4,1,0,2,90.01
9.74,0,3,1,1,1,1,70.2,8.7,67.2,0,3,0,83.6,4,1,0,2,72.04
6.88,1,3,1,0,0,0,24.1,8.4,99.1,0,5,0,65.2,1,0,0,3,0.0
7.5,3,3,0,0,1,0,54.6,9.6,68.8,0,5,0,59.7,1,1,2,3,45.63
7.08,3,1,1,1,1,1,82.1,5.6,65.9,0,3,0,67.9,4,1,3,3,118.91
6.65,2,3,0,0,0,1,18.3,4.1,47.8,2,1,0,51.5,1,0,0,3,0.0
9.12,5,1,1,1,0,0,69.4,8.9,98.1,1,3,1,74.5,2,1,0,2,72.02
9.15,3,2,1,0,0,0,82.4,7.7,75.4,0,4,0,48.3,1,1,2,2,39.49
8.17,2,2,1,1,1,1,21.4,8.2,78.3,0,3,0,81.1,4,1,0,2,82.83
6.61,2,2,0,1,1,0,70.8,8.9,64.4,2,4,0,86.1,2,1,0,3,83.66
6.3,3,1,1,1,0,1,91.0,5.9,43.0,1,2,0,65.0,3,1,3,2,110.09
5.15,4,2,0,1,1,0,78.4,6.5,63.3,0,2,1,46.2,2,1,0,2,71.03
7.02,1,1,1,0,0,0,34.9,8.2,99.8,1,5,0,66.8,1,1,2,0,41.8
5.43,3,3,1,0,0,1,20.3,10.0,42.9,0,2,3,64.5,2,0,0,3,0.0
9.86,2,1,1,0,1,0,45.7,4.0,77.2,1,3,0,53.3,2,1,0,1,82.7
5.69,3,1,1,1,0,0,43.9,9.8,98.0,2,2,0,78.1,2,1,1,0,53.82
5.81,0,2,1,1,1,1,15.9,9.0,60.1,2,1,2,89.6,4,1,0,2,79.41
5.05,3,3,1,0,0,1,36.0,6.4,83.7,2,2,0,66.3,2,1,0,3,88.75
6.63,4,2,0,1,0,1,74.2,4.6,88.8,1,6,0,68.8,2,1,0,0,74.32
9.48,2,3,0,1,1,0,34.6,8.4,82.9,0,2,0,55.1,2,1,1,3,55.56
7.35,2,2,0,0,0,1,75.2,7.4,78.3,1,5,0,63.2,1,1,2,0,52.26
9.07,5,2,1,1,0,0,60.8,6.1,60.8,2,2,0,70.3,2,1,0,2,76.86
5.77,4,1,1,1,1,1,93.7,6.2,87.7,1,1,2,72.3,4,1,3,0,97.03
9.04,0,1,1,1,1,1,38.4,5.1,46.8,2,2,0,87.3,4,1,1,0,60.82
8.56,5,2,1,1,0,1,5.4,9.7,67.2,0,2,0,68.8,3,1,0,0,68.38
6.28,2,3,0,1,0,0,15.6,8.2,58.2,2,3,0,68.4,1,0,0,3,0.0
9.15,4,3,1,0,1,1,64.7,6.1,64.8,0,4,0,63.3,3,1,0,0,88.0
8.26,3,3,0,1,0,1,53.8,6.0,54.0,1,3,0,65.0,2,1,0,3,91.47
5.27,1,2,1,1,1,1,63.9,9.5,79.7,3,6,0,132.1,4,1,0,1,79.33
8.44,1,3,0,0,0,0,27.7,4.3,43.7,2,1,0,38.6,0,0,0,3,0.0
10.0,4,1,1,0,0,0,36.4,6.2,78.4,1,5,0,65.6,1,1,2,0,47.94
5.31,3,2,1,0,0,1,27.8,6.7,76.9,1,1,0,57.2,2,1,0,1,79.13
8.19,0,1,0,1,1,1,51.1,6.2,59.8,2,1,0,70.0,3,1,1,0,56.53
6.69,4,3,1,0,0,0,54.9,7.6,67.3,0,4,0,49.2,1,1,2,2,42.0
8.8,2,2,1,1,0,0,14.9,9.8,78.5,0,4,0,71.9,2,1,0,3,79.04
5.02,3,3,0,1,1,1,31.0,6.6,51.7,2,4,0,85.1,3,1,0,1,88.7
7.2,2,3,0,0,0,0,72.0,7.3,54.0,2,1,0,44.0,0,1,2,1,45.33
5.6,5,3,0,0,0,0,35.9,8.3,64.5,0,2,0,32.4,0,0,0,3,0.0
6.58,2,3,1,0,0,0,14.4,7.9,72.7,0,1,1,37.6,1,0,0,3,0.0
9.43,2,2,1,1,1,0,88.5,9.2,43.6,1,2,0,79.1,3,1,0,3,88.98
9.08,1,1,1,1,1,1,16.2,8.9,97.2,2,3,0,106.1,4,1,1,3,53.84
7.83,4,2,0,0,0,0,61.1,5.3,57.5,2,6,0,63.8,0,1,2,3,50.94
5.9,0,3,0,0,1,1,28.7,6.0,79.8,0,2,1,49.6,2,0,0,3,0.0
8.98,0,2,0,1,0,1,50.6,6.3,71.1,1,1,0,57.4,2,1,1,1,58.06
9.0,2,1,1,1,1,1,72.7,9.1,53.2,0,4,0,84.9,4,1,0,1,89.93
6.91,4,2,0,0,1,1,91.6,4.7,58.1,1,4,0,67.6,2,1,0,2,82.33
7.46,1,1,1,1,1,0,47.9,7.5,46.8,0,3,0,63.8,3,1,1,0,68.03
6.61,3,2,0,0,0,1,37.8,7.2,56.7,1,6,0,68.8,1,1,2,2,41.54
5.15,1,3,0,0,0,0,84.7,6.1,60.9,0,5,0,42.5,0,0,0,3,0.0
5.79,4,3,1,0,1,0,99.3,6.5,44.3,0,3,1,51.2,2,1,0,1,86.07
7.89,2,3,1,1,0,1,47.4,7.8,91.2,0,5,1,76.1,3,1,0,2,74.43
6.92,3,3,0,1,0,1,23.4,5.1,60.8,1,5,1,70.7,2,0,0,3,0.0
8.58,0,2,1,0,0,1,95.5,5.6,72.9,0,6,1,71.1,2,1,1,2,62.23
5.19,2,3,1,1,1,0,28.3,6.4,92.8,2,4,0,89.0,3,1,0,2,65.85
6.91,0,2,1,1,1,1,42.2,6.8,61.6,0,6,2,86.8,4,1,1,1,71.32
8.3,4,2,0,1,0,1,95.3,7.3,96.6,0,3,0,55.5,2,1,0,1,93.3
5.45,1,3,0,0,0,0,7.3,8.6,45.5,0,3,0,45.7,0,0,0,3,0.0
9.18,4,1,0,1,1,0,95.6,6.6,60.7,2,2,1,73.7,2,1,0,3,94.97
5.53,4,1,0,1,0,0,64.5,6.7,98.1,0,1,0,30.6,1,1,2,0,44.23
8.48,5,2,1,1,1,1,16.0,5.3,72.6,2,6,0,105.6,4,1,0,2,86.52
9.79,1,1,1,1,0,0,47.8,4.2,93.0,0,2,0,45.7,2,1,0,2,86.38
8.77,4,3,0,1,0,1,53.2,5.1,77.4,0,5,0,60.6,2,1,1,0,61.54
8.65,0,1,1,0,0,0,52.6,4.1,88.1,1,3,0,45.3,1,1,2,1,43.42
5.12,4,3,1,1,0,1,5.2,7.3,57.1,0,4,0,72.8,3,1,1,3,53.7
9.98,3,1,1,1,0,1,17.6,4.7,53.3,2,6,0,94.4,3,1,1,2,66.36
8.6,2,3,1,1,0,0,20.9,5.7,89.9,1,6,0,79.4,2,1,0,2,76.31
5.89,4,2,1,1,0,1,99.1,7.7,56.1,1,3,0,74.1,3,1,0,2,87.89
7.35,3,1,1,0,1,0,57.4,7.1,46.2,0,2,1,55.3,2,1,0,3,66.48
6.72,4,1,1,0,0,1,66.8,8.0,48.0,1,2,0,66.2,2,1,0,1,76.68
6.52,5,2,0,1,0,0,69.6,4.2,58.7,0,4,0,42.5,1,1,2,0,42.61
6.12,5,1,0,1,0,0,35.8,9.9,48.6,1,5,1,70.0,1,1,2,3,48.22
9.51,0,3,1,0,0,1,56.1,5.3,44.2,1,6,0,72.7,2,1,0,3,83.46
7.65,1,1,1,0,0,1,33.9,5.3,73.8,3,6,0,100.4,2,1,0,3,83.32
8.89,0,2,1,0,0,0,15.0,5.4,60.0,1,3,1,56.1,1,1,2,3,41.21
7.61,5,2,1,0,0,0,66.1,7.9,40.0,2,5,3,79.2,1,1,2,3,42.45
6.8,1,1,1,1,0,0,44.4,8.3,56.4,2,5,0,94.2,2,1,0,0,86.48
6.38,5,2,0,1,0,1,41.3,9.6,93.4,0,1,0,50.5,2,1,0,0,70.21
6.26,1,2,1,1,0,1,72.9,9.4,68.5,0,3,1,73.6,3,1,1,0,60.77
7.53,5,1,1,0,1,1,43.1,8.6,74.9,0,4,0,71.6,3,1,1,0,56.95
5.36,2,3,1,0,0,0,34.4,9.6,70.8,0,5,0,63.1,1,0,0,3,0.0
8.04,5,3,0,1,0,1,97.3,9.3,83.2,1,2,0,64.9,2,1,0,0,81.92
8.23,1,2,1,1,0,1,22.1,9.2,94.7,0,2,0,67.2,3,1,1,2,47.4
8.77,4,2,1,1,1,0,3.2,5.1,82.8,0,5,1,70.0,3,1,1,2,55.4
7.64,2,3,1,1,0,0,29.5,9.5,89.6,0,3,0,67.7,2,1,1,3,54.4
7.23,3,1,0,1,0,1,90.6,7.4,60.5,2,5,0,85.5,2,1,0,1,73.92
6.17,0,2,0,0,1,1,3.2,5.4,66.5,0,3,1,49.5,2,0,0,3,0.0
6.02,1,2,0,0,0,1,59.5,7.4,84.1,0,3,0,48.1,1,1,2,2,47.24
8.22,3,2,1,1,1,0,4.8,9.6,46.7,2,1,2,82.4,3,1,1,1,63.29
7.12,4,1,1,0,0,1,96.5,8.4,98.6,3,5,1,98.2,2,1,0,1,95.07
8.51,4,2,1,1,0,1,19.7,5.3,56.0,2,5,1,86.6,3,1,0,0,87.3
7.51,2,3,1,1,0,0,13.1,5.0,83.3,0,2,1,46.3,2,0,0,3,0.0
5.54,3,1,0,0,0,1,89.1,8.1,74.4,0,5,1,55.1,1,1,2,0,39.89
7.41,5,1,1,0,0,0,75.6,7.3,87.6,1,5,0,63.3,1,1,2,1,39.71
5.91,2,1,0,0,0,1,15.8,7.8,90.0,3,6,0,89.4,1,1,2,1,38.09
6.98,3,1,1,1,1,1,7.6,4.3,57.9,2,5,0,94.7,4,1,0,1,86.09
5.75,5,3,0,0,1,0,72.9,4.9,64.5,0,5,0,49.5,1,0,0,3,0.0
5.39,4,2,1,1,0,0,31.2,9.4,55.8,3,2,0,91.3,2,1,1,3,62.75
8.69,1,3,0,1,0,1,98.1,7.9,72.3,1,5,2,77.6,2,1,0,3,91.57
8.58,1,2,0,1,0,1,24.3,5.0,43.8,2,3,0,74.4,2,1,0,1,75.87
9.99,2,2,0,1,0,1,38.4,9.6,76.6,2,5,0,95.1,2,1,1,0,74.93
8.92,2,1,0,0,0,1,69.9,6.1,48.5,2,3,0,62.3,1,1,2,0,51.72
7.38,2,3,1,1,0,1,71.2,5.0,82.6,3,6,0,103.3,3,1,1,0,60.97
7.43,1,2,1,1,0,1,67.6,7.2,89.9,3,2,0,94.9,3,1,0,3,78.38
5.33,2,2,1,0,0,1,56.2,7.7,77.4,1,3,0,70.0,2,1,0,3,81.44
5.38,3,1,0,0,0,1,53.7,6.8,51.5,3,2,1,72.4,1,1,2,3,50.0
6.05,0,2,1,1,1,0,28.1,8.6,62.7,3,4,0,106.1,3,1,0,0,69.47
9.01,1,1,1,1,0,1,50.4,4.1,72.2,0,4,0,65.7,3,1,0,3,76.83
8.6,2,1,1,0,0,0,10.8,6.1,61.3,3,3,0,72.5,1,1,2,1,48.5
8.76,4,3,0,0,1,0,8.0,4.6,66.1,1,3,1,47.1,1,0,0,3,0.0
5.04,1,2,1,1,0,0,91.4,4.6,53.7,2,2,0,59.0,2,1,0,0,88.31
5.36,2,1,1,1,0,0,97.1,5.5,80.6,1,5,0,74.8,2,1,1,0,66.83
7.19,3,2,1,0,0,1,75.4,9.0,81.8,0,1,0,52.2,2,1,1,0,64.11
8.8,5,3,1,0,0,1,27.8,6.1,75.4,1,6,0,82.6,2,1,1,1,56.84
6.19,4,3,1,0,0,0,15.9,8.3,93.9,0,2,0,49.1,1,0,0,3,0.0
9.91,5,2,0,0,0,1,38.8,5.1,84.3,0,1,0,30.9,1,1,2,0,40.39
6.33,0,1,1,0,0,1,59.5,6.4,42.2,1,2,0,63.6,2,1,1,1,68.59
9.38,4,2,1,1,0,1,39.9,4.6,91.5,2,5,0,83.8,3,1,1,3,57.47
7.14,1,3,1,0,0,0,5.8,8.3,90.8,2,4,0,71.1,1,1,2,3,37.32
7.61,0,3,0,1,1,0,92.7,7.9,49.8,1,2,0,62.1,2,1,0,3,74.24
5.99,1,3,1,0,0,0,56.0,4.3,86.3,2,2,0,54.4,1,1,2,3,46.15
7.85,4,2,1,0,0,0,3.5,5.8,59.6,2,4,0,68.6,1,1,2,3,50.48
6.35,0,1,1,0,0,0,20.0,4.6,65.7,1,2,0,48.0,1,0,0,3,0.0
7.14,0,3,0,1,1,1,40.9,8.7,73.0,2,1,0,77.0,3,1,0,0,82.0
7.49,2,3,1,1,0,0,44.6,9.9,40.3,0,4,1,65.2,2,1,0,0,81.99
6.32,3,2,1,0,1,0,12.1,9.9,94.7,1,1,0,68.0,2,1,0,2,86.86
6.1,3,1,1,1,0,1,20.4,7.5,97.7,1,3,0,74.2,3,1,1,2,70.98
5.36,2,3,1,1,0,0,42.8,5.9,71.1,0,6,0,63.8,2,1,0,3,73.94
5.98,4,1,0,1,1,1,80.9,9.7,57.0,0,3,0,74.2,3,1,3,0,97.13
7.49,5,1,1,0,0,0,71.0,9.0,83.5,3,6,0,101.0,1,1,2,2,53.27
9.89,3,1,1,0,0,0,86.1,6.4,77.2,2,4,0,71.7,1,1,2,0,46.68
6.48,5,3,1,1,1,0,67.7,9.6,46.5,1,1,0,70.7,3,1,0,0,77.99
9.03,5,3,1,1,0,1,79.1,8.2,72.2,2,4,0,93.2,3,1,1,0,77.77
7.04,1,1,1,1,0,0,11.5,9.3,80.5,1,2,0,64.4,2,1,1,1,63.75
6.69,0,3,0,0,0,1,91.3,4.5,67.7,3,1,0,59.0,1,1,2,0,52.36
6.93,2,2,1,0,0,0,7.0,8.0,88.0,3,6,0,97.9,1,1,2,1,42.54
7.86,4,2,1,1,1,0,99.8,9.1,77.8,1,5,0,90.0,3,1,0,3,76.93
9.85,4,2,1,1,1,0,73.1,8.5,55.5,3,2,0,93.7,3,1,0,0,72.25
5.25,2,1,1,1,0,0,94.5,7.2,73.4,1,5,0,72.8,2,1,0,0,73.52
8.52,2,3,0,1,1,0,66.1,6.0,46.4,1,6,1,75.3,2,1,0,2,92.15
5.12,4,1,0,1,0,1,61.4,6.8,90.0,0,5,0,64.4,2,1,1,3,63.47
8.59,3,2,1,0,0,0,63.9,6.2,48.7,2,4,0,68.2,1,1,2,3,42.49
6.43,0,3,0,1,1,0,89.6,7.9,52.1,1,5,0,82.8,2,1,0,2,87.87
8.2,5,2,1,1,1,1,13.8,6.3,53.1,0,4,0,78.4,4,1,0,2,90.2
8.46,5,2,1,1,0,0,60.4,8.0,55.5,0,3,0,57.4,2,1,0,2,83.65
5.71,5,2,0,1,1,1,96.4,6.3,60.4,3,4,0,101.7,3,1,0,3,86.29
6.74,2,3,1,1,1,0,87.7,5.4,63.0,1,6,0,85.1,3,1,1,0,57.93
9.68,1,1,1,1,0,1,31.1,9.2,80.4,2,2,0,83.1,3,1,0,2,73.44
6.74,5,1,0,0,1,1,59.9,5.8,65.7,1,3,0,62.2,2,1,0,2,85.5
5.3,5,1,1,1,0,0,64.0,6.1,94.3,2,1,0,67.9,2,1,0,2,75.08
6.64,5,2,1,0,0,0,20.2,5.7,96.8,1,5,1,59.0,1,1,2,1,48.45
8.27,0,3,0,0,0,0,56.1,6.5,45.4,0,5,1,44.2,0,0,0,3,0.0
9.19,3,2,1,0,1,1,89.0,4.3,61.2,0,3,2,61.8,3,1,0,3,77.08
5.65,3,3,1,1,0,1,84.3,9.5,57.1,0,1,0,59.3,3,1,0,1,87.67
8.35,1,2,1,1,0,0,6.2,7.3,79.0,2,5,0,82.4,2,1,1,2,53.8
7.87,4,3,1,1,0,0,2.2,6.8,52.2,3,5,0,93.3,2,1,1,0,63.53
9.79,3,3,0,0,0,0,3.3,8.5,45.8,0,1,0,27.5,0,0,0,3,0.0
8.02,1,3,1,0,0,1,39.0,8.3,56.3,1,4,0,70.0,2,1,1,3,59.54
6.25,0,2,1,0,0,0,85.8,8.5,41.1,0,2,0,47.2,1,1,2,0,42.03
5.56,0,3,0,0,0,1,25.6,9.7,90.8,0,5,1,59.2,1,0,0,3,0.0
5.46,3,1,0,1,1,0,45.9,9.2,87.8,1,5,0,83.3,2,1,1,2,68.32
9.91,4,2,0,0,1,0,81.7,8.0,88.3,1,5,1,69.7,1,1,2,3,51.76
6.75,4,2,1,0,1,0,23.9,5.1,97.2,1,2,0,52.2,2,1,0,1,62.68
7.38,5,3,0,1,0,1,61.8,9.2,65.5,1,4,2,74.4,2,1,1,0,73.7
5.77,5,2,0,0,0,1,91.6,9.4,40.1,1,4,0,69.5,1,1,2,1,52.51
5.05,5,2,1,1,1,0,12.6,9.4,98.9,0,6,0,86.8,3,1,1,1,63.7
9.52,4,1,0,1,0,1,16.8,6.1,45.2,0,2,0,50.4,2,1,0,1,69.02
7.9,2,1,0,1,0,0,18.7,4.7,98.9,1,3,0,52.6,1,1,2,2,41.9
7.92,0,3,1,1,0,0,31.6,4.6,63.2,3,1,0,71.2,2,1,0,2,82.21
7.14,4,3,1,0,0,1,71.2,9.2,47.0,2,6,0,94.0,2,1,1,0,66.6
7.22,0,2,1,1,0,1,78.4,8.2,94.0,1,3,0,78.1,3,1,0,0,92.35
7.85,4,3,1,0,0,0,68.3,9.6,52.7,0,2,0,47.7,1,1,2,1,48.92
5.15,4,2,1,1,0,1,11.1,8.0,77.2,0,4,0,75.0,3,1,0,1,74.89
7.24,3,2,0,1,0,0,24.4,9.7,97.7,1,2,0,62.9,1,1,2,1,45.74
8.04,4,2,1,1,1,0,28.8,4.6,76.7,0,1,0,49.4,3,1,0,2,66.53
7.73,4,2,0,0,0,0,33.7,6.9,46.0,3,5,0,73.1,0,1,2,2,43.06
9.53,3,1,1,0,0,1,5.3,4.7,56.7,1,3,0,63.9,2,1,1,3,57.86
8.96,1,3,1,1,0,0,4.7,4.2,56.9,2,5,0,76.2,2,1,1,1,70.75
9.14,3,1,0,1,1,0,98.6,5.1,77.2,2,1,0,63.5,2,1,0,3,96.1
8.15,3,2,0,0,1,0,31.8,5.9,93.4,2,2,1,55.0,1,1,2,1,40.98
7.78,4,2,0,1,0,0,44.7,9.8,93.5,2,1,0,62.4,1,1,2,2,49.37
9.92,0,1,1,1,1,0,2.2,5.0,95.0,0,3,3,64.4,3,0,0,3,0.0
8.41,5,3,1,1,0,0,67.6,5.8,58.5,0,5,0,67.2,2,1,1,2,67.59
7.25,4,1,1,0,0,0,82.6,7.4,85.8,2,6,0,81.2,1,1,2,2,53.68
6.95,3,3,1,0,0,0,67.1,5.1,92.7,1,6,2,62.0,1,0,0,3,0.0
5.98,5,2,1,1,1,1,62.9,8.9,64.2,0,3,0,86.6,4,1,0,0,84.41
5.42,3,1,1,0,1,0,74.7,4.8,83.4,0,2,1,44.2,2,1,0,1,83.38
8.03,0,3,1,1,0,1,80.7,6.9,64.2,3,3,0,96.0,3,1,0,0,76.7
9.7,3,2,0,1,0,1,38.1,5.6,73.9,2,5,0,79.4,2,1,1,2,68.36
5.72,3,1,0,1,1,1,91.2,4.2,49.7,0,1,0,50.7,3,1,3,2,104.45
6.02,3,2,1,0,0,1,72.6,5.2,82.8,0,4,0,60.1,2,1,0,3,76.64
6.72,0,2,1,1,0,0,81.3,5.3,70.9,3,2,0,78.4,2,1,1,0,56.89
5.03,2,1,0,1,1,0,33.4,4.7,93.4,1,4,0,64.7,2,1,0,3,73.47
7.14,1,2,1,0,1,0,37.3,7.7,54.8,1,1,2,57.2,2,0,0,3,0.0
5.71,4,3,1,1,1,0,76.9,4.0,71.9,2,6,0,96.5,3,1,0,2,68.27
8.36,1,3,1,1,0,0,26.6,4.3,90.3,0,3,1,47.5,2,0,0,3,0.0
6.83,3,2,1,0,0,0,75.9,5.6,44.0,2,6,1,73.6,1,1,2,2,40.42
6.14,2,3,1,1,0,1,0.1,7.5,56.9,2,2,0,83.1,3,1,0,0,71.11
8.39,0,1,0,1,1,0,97.4,5.7,58.5,0,6,0,69.2,2,1,1,1,50.77
7.53,4,3,0,0,0,1,85.0,4.1,88.8,1,3,0,49.0,1,1,2,2,43.93
9.39,4,3,0,1,0,1,22.8,9.7,85.1,2,5,1,93.6,2,1,0,1,87.08
7.12,4,3,0,0,0,1,3.3,4.0,76.8,0,2,0,31.4,1,0,0,3,0.0
8.1,3,1,1,1,1,0,7.3,8.1,91.2,1,6,0,92.4,3,1,1,2,53.92
7.66,5,1,0,0,0,1,41.4,5.6,92.8,2,2,0,52.7,1,1,2,0,36.82
5.39,2,3,1,0,0,0,61.3,7.7,55.9,0,2,0,45.9,1,1,2,3,42.86
6.47,4,2,1,0,0,1,25.1,4.8,79.1,1,4,3,61.4,2,0,0,3,0.0
6.67,4,1,1,1,0,1,36.9,8.8,76.1,2,6,2,111.4,3,1,1,1,53.42
7.44,1,3,1,0,0,1,21.2,7.1,72.3,3,4,0,88.0,2,1,0,1,87.47
8.41,2,1,1,1,1,1,21.1,6.5,57.3,2,2,0,94.3,4,1,0,1,91.84
7.49,0,2,0,1,0,0,99.0,5.3,59.9,1,3,0,47.4,1,1,2,1,41.33
6.52,2,2,1,1,1,0,55.4,8.1,81.3,1,4,0,82.3,3,1,1,0,69.54
9.83,2,3,0,0,0,0,77.6,8.4,43.3,2,6,0,71.6,0,1,2,0,49.41
8.64,0,1,0,1,0,1,51.1,9.5,75.1,1,4,3,73.7,2,1,1,0,60.83
8.09,0,2,1,0,0,1,55.2,9.7,41.0,0,1,2,51.4,2,1,0,2,65.07
6.38,1,1,1,0,0,1,29.1,5.6,51.4,0,4,2,53.9,2,1,0,3,83.65
7.08,0,3,1,1,0,0,6.3,8.8,57.5,0,3,0,61.5,2,0,0,3,0.0
7.52,3,3,0,1,0,0,9.2,7.2,68.1,3,1,0,67.4,1,0,0,3,0.0
8.56,1,3,1,0,0,0,79.0,7.0,57.0,2,3,0,66.7,1,1,2,1,43.55
7.48,4,1,0,0,0,0,53.6,4.8,76.4,1,5,1,49.5,0,1,2,2,38.82
5.07,2,1,1,1,1,1,52.6,5.3,80.7,2,6,2,102.9,4,1,0,2,90.97
8.8,3,1,1,1,1,0,71.6,7.9,44.2,0,1,0,62.5,3,1,0,2,83.78
8.64,3,2,0,1,1,0,52.4,8.4,56.8,1,1,0,57.3,2,1,1,3,71.83
5.79,5,2,1,1,0,0,82.9,9.9,49.8,2,5,0,93.4,2,1,1,1,70.86
5.02,5,3,1,1,0,0,7.9,5.1,69.4,0,6,0,62.6,2,1,1,2,55.36
7.07,2,2,1,0,0,0,82.0,9.0,60.6,0,4,1,53.0,1,1,2,3,52.13
6.16,2,1,1,0,1,0,80.7,9.8,98.9,0,2,0,54.6,2,1,0,0,81.2
8.49,1,3,1,0,0,0,49.7,5.4,53.3,1,6,0,66.2,1,1,2,0,44.35
7.25,5,3,1,1,0,1,12.5,7.5,95.7,0,2,0,59.4,3,1,1,2,55.23
9.64,3,2,0,1,0,1,18.3,8.1,94.3,0,2,0,54.0,2,1,0,1,74.57
7.58,4,1,0,1,0,0,40.9,7.6,99.3,0,5,2,59.1,1,1,2,1,49.91
8.56,4,1,1,1,0,0,15.1,6.6,71.0,2,4,0,80.0,2,1,0,2,83.52
7.28,1,1,1,0,1,0,73.6,10.0,90.0,1,6,2,92.2,2,1,0,3,79.63
5.31,2,3,1,0,0,1,35.6,8.4,94.7,2,4,0,88.2,2,1,0,2,72.41
6.02,4,1,1,0,1,0,83.6,8.8,47.3,1,1,0,62.7,2,1,1,0,64.11
6.25,4,3,1,1,1,0,75.3,4.8,95.0,0,4,0,63.1,3,1,1,0,67.21
6.49,2,3,1,1,1,0,6.0,9.5,94.5,0,3,1,72.8,3,1,0,3,85.08
8.85,1,3,1,1,0,0,4.9,9.0,94.6,1,4,0,77.7,2,1,0,0,78.39
9.7,4,2,0,1,0,1,55.5,5.1,59.2,2,6,1,88.2,2,1,0,3,76.78
6.96,2,3,1,0,0,1,78.3,7.5,91.5,3,1,2,75.2,2,1,1,1,65.71
9.61,5,3,0,1,0,0,36.8,8.6,95.8,1,1,0,52.9,1,1,2,2,40.22
6.11,1,2,1,0,0,0,95.1,6.2,80.7,1,3,0,55.6,1,1,2,2,43.11
6.86,4,1,1,1,0,0,88.0,8.8,99.9,1,4,0,75.3,2,1,0,2,69.6
5.82,4,3,0,0,0,1,44.5,5.5,40.8,0,1,1,30.6,1,0,0,3,0.0
8.84,0,1,1,0,0,0,83.0,9.9,69.7,0,6,0,69.2,1,1,2,1,48.81
6.31,3,2,0,0,0,0,27.6,5.0,94.1,0,1,0,23.7,0,0,0,3,0.0
5.09,0,3,1,1,0,0,44.8,6.5,70.2,0,6,1,67.9,2,0,0,3,0.0
6.4,3,2,0,0,1,0,44.8,5.3,77.3,1,1,0,44.8,1,1,2,0,36.22
5.12,4,3,1,0,0,0,49.8,4.9,73.0,3,2,0,67.6,1,0,0,3,0.0
6.41,5,2,1,1,0,0,44.0,9.6,75.2,0,1,0,58.5,2,1,0,3,65.63
6.6,4,2,1,1,0,0,51.2,8.3,75.5,0,5,0,65.8,2,1,0,0,66.43
9.6,5,2,0,0,1,0,44.1,4.6,87.7,2,4,0,66.6,1,1,2,2,43.96
6.42,1,2,0,0,0,0,47.3,8.0,83.5,0,3,0,38.0,0,1,2,0,40.75
8.39,2,1,0,0,0,1,24.0,9.5,44.7,1,2,3,55.6,1,0,0,3,0.0
9.77,2,2,0,1,0,0,65.5,7.3,54.9,2,6,0,78.9,1,1,2,3,42.96
7.96,5,2,0,0,0,1,49.4,5.2,82.7,1,5,0,62.4,1,1,2,2,39.96
9.89,1,2,1,0,0,0,53.9,8.5,98.9,2,2,0,61.7,1,1,2,0,50.47
8.5,0,2,0,0,0,0,74.3,6.2,53.2,3,1,0,58.5,0,1,2,3,53.77
7.14,1,1,1,1,0,1,30.5,5.4,44.9,1,2,0,67.3,3,1,0,1,70.52
7.25,0,1,1,0,0,0,74.3,6.8,54.3,2,1,0,53.8,1,1,2,3,47.34
9.39,0,1,1,0,0,0,65.2,7.7,98.7,1,5,0,71.8,1,1,2,0,42.83
7.26,4,2,0,0,1,1,99.7,6.6,58.2,0,4,1,56.4,2,1,0,0,82.53
5.28,3,2,0,1,1,0,97.9,6.2,97.6,3,5,0,90.6,2,1,0,2,90.22
9.88,5,1,1,0,1,0,53.7,4.6,62.8,0,2,0,46.9,2,1,0,3,76.75
8.18,5,1,1,0,1,0,44.5,5.7,95.7,0,4,0,57.6,2,1,0,1,78.17
5.77,1,1,0,1,0,0,27.9,9.2,59.3,1,2,1,60.9,1,1,2,2,45.42
7.8,4,3,1,0,0,0,57.7,7.5,81.0,2,3,3,67.0,1,0,0,3,0.0
7.49,1,2,0,0,0,0,14.1,7.6,72.3,3,4,2,77.4,0,0,0,3,0.0
8.12,5,3,0,1,1,0,96.0,8.6,81.8,1,2,0,61.8,2,1,0,1,93.94
8.24,5,3,1,0,0,0,62.5,7.3,45.0,0,1,0,32.8,1,0,0,3,0.0
5.77,5,1,0,0,0,1,57.2,6.0,87.4,2,2,0,61.2,1,1,2,0,47.13
5.41,5,1,1,0,0,0,74.5,9.3,79.0,1,2,0,59.4,1,1,2,1,47.16
5.08,2,1,1,0,0,0,18.7,7.1,94.9,0,2,2,43.7,1,0,0,3,0.0
8.38,0,3,1,0,0,1,37.1,5.1,43.2,0,1,0,42.1,2,1,1,1,64.0
8.4,1,3,1,1,0,0,34.7,4.2,68.0,0,4,0,55.3,2,1,1,1,66.07
7.66,1,1,0,1,0,0,55.6,9.4,97.9,2,4,0,81.5,1,1,2,3,42.77
5.94,4,2,1,0,1,1,13.7,8.4,70.7,3,4,0,106.2,3,1,1,2,65.07
7.88,3,2,0,1,1,0,44.2,5.1,54.3,0,3,0,47.5,2,1,1,3,61.69
8.25,5,2,1,0,0,1,63.2,7.8,54.2,3,3,0,92.6,2,1,1,3,70.34
9.07,3,2,0,1,1,1,93.7,6.2,96.5,0,6,1,78.9,3,1,0,1,93.69
6.05,1,2,1,0,1,0,29.6,4.9,70.5,1,1,0,48.0,2,1,1,2,59.04
8.06,0,2,0,1,0,1,87.5,9.3,96.0,1,6,0,90.1,2,1,1,0,69.24
6.19,4,3,1,0,0,1,8.6,9.2,43.0,0,5,1,76.5,2,0,0,3,0.0
9.23,5,3,0,1,0,0,24.2,7.8,52.5,1,5,0,70.3,1,1,2,2,44.49
6.17,0,2,1,1,0,0,36.6,7.4,85.0,0,1,0,50.6,2,1,1,1,68.6
9.25,4,2,0,1,1,0,4.2,4.2,98.7,1,5,0,64.3,2,1,0,1,84.02
5.85,4,2,1,1,0,0,33.1,8.0,72.4,1,1,1,54.8,2,1,1,1,67.57
8.42,1,2,1,0,1,0,74.8,5.7,64.9,2,1,0,59.9,2,1,0,3,85.59
5.37,5,1,0,1,0,1,64.0,6.9,40.0,2,3,0,72.5,2,1,0,1,73.92
9.29,2,1,0,0,1,0,52.3,8.5,60.6,2,4,0,75.7,1,1,2,1,46.38
7.93,2,1,0,1,0,0,71.2,5.2,55.6,0,1,2,32.9,1,0,0,3,0.0
8.51,3,1,1,1,0,1,13.0,6.7,44.9,0,2,2,58.2,3,1,1,1,48.98
6.89,4,2,1,0,1,0,88.2,7.6,75.5,1,4,0,75.1,2,1,1,1,72.55
9.39,1,2,1,1,1,0,75.5,7.7,41.6,2,3,0,92.7,3,1,1,0,75.41
6.73,0,3,1,1,0,0,73.1,7.7,96.0,3,1,0,77.6,2,1,1,2,62.81
8.63,5,2,0,0,1,0,18.6,8.1,55.5,2,3,0,71.4,1,1,2,2,40.73
5.15,1,3,1,0,1,1,70.5,8.0,65.1,3,3,2,101.7,3,1,0,3,76.03
5.44,4,3,0,1,0,1,77.5,6.3,47.8,3,5,0,90.7,2,1,0,3,77.77
7.67,2,1,1,1,0,1,98.5,6.4,78.6,0,5,1,76.8,3,1,3,3,107.21
8.69,4,1,0,0,0,0,70.5,7.5,43.0,3,4,1,75.5,0,1,2,0,55.41
5.39,2,1,0,1,0,1,7.4,8.4,82.1,3,6,0,104.7,2,1,0,3,76.19
8.31,2,1,0,1,0,0,82.6,8.9,75.2,1,4,1,63.9,1,1,2,3,48.42
6.47,3,3,1,0,0,1,46.4,4.6,97.7,0,4,0,58.2,2,0,0,3,0.0
5.33,4,3,1,1,0,0,28.9,9.0,81.9,3,4,0,93.1,2,1,0,3,74.01
7.08,2,1,1,1,0,0,69.3,7.8,82.5,0,3,0,57.2,2,1,1,2,70.99
5.88,0,3,0,0,1,0,74.9,9.7,82.4,2,5,0,86.5,1,1,2,0,43.71
9.59,4,3,1,0,0,0,65.4,7.7,55.8,1,2,0,54.9,1,1,2,3,47.31
6.29,1,2,1,0,0,0,82.7,8.7,50.5,0,4,2,55.9,1,0,0,3,0.0
5.12,3,1,0,0,0,0,87.9,4.3,88.1,1,4,0,38.8,0,1,2,2,39.51
6.17,2,3,0,0,0,1,52.5,6.7,99.5,0,3,0,47.6,1,0,0,3,0.0
7.35,1,2,1,1,1,0,48.2,8.3,84.0,1,4,0,88.5,3,1,1,0,61.9
5.84,1,3,1,0,0,0,49.4,4.2,67.3,3,3,1,68.0,1,1,2,0,38.26
8.54,3,3,0,1,0,0,93.8,7.6,85.6,0,5,0,60.8,1,1,2,0,47.51
5.38,2,1,1,0,0,1,64.0,4.6,63.8,0,4,0,49.3,2,1,1,2,60.89
7.95,0,3,0,0,1,0,92.7,6.9,88.4,1,3,1,57.7,1,1,2,3,52.33
9.04,4,3,1,0,0,0,53.3,9.2,49.4,1,5,0,75.9,1,1,2,3,44.27
8.3,4,3,1,1,0,0,4.9,7.0,49.5,0,2,0,53.9,2,0,0,3,0.0
9.81,3,3,1,1,1,0,39.9,4.4,76.9,2,5,0,88.6,3,1,1,0,70.81
6.41,0,3,1,1,0,0,77.2,9.9,71.8,2,2,1,77.2,2,1,0,3,85.6
7.86,5,3,1,1,1,0,43.4,5.3,59.9,0,6,1,73.7,3,1,0,3,85.18
7.07,5,3,1,1,0,1,70.8,9.5,53.9,0,5,0,81.0,3,1,1,3,57.39
8.13,0,3,0,1,0,0,39.3,5.3,54.4,1,6,0,67.4,1,1,2,2,41.11
9.17,5,3,1,0,0,0,46.5,8.2,84.1,1,5,2,70.8,1,1,2,2,44.95
5.29,5,1,1,0,0,0,93.1,6.9,52.9,2,6,0,82.2,1,1,2,2,50.49
9.36,4,2,0,1,1,0,94.9,9.2,43.4,1,3,0,76.7,2,1,0,3,72.56
6.83,3,3,0,1,0,0,26.2,8.1,78.9,0,6,0,62.1,1,0,0,3,0.0
5.69,1,1,1,1,0,0,34.1,8.1,51.2,3,1,0,77.4,2,1,0,0,75.31
9.98,1,2,1,1,0,1,55.9,6.8,53.4,3,6,0,110.9,3,1,1,3,78.7
5.25,5,3,1,1,1,0,67.6,4.3,61.1,0,6,0,74.4,3,1,0,2,85.56
8.12,3,3,0,1,0,1,34.8,4.1,53.3,2,6,0,81.1,2,1,1,3,54.2
5.1,1,1,1,1,0,0,91.2,8.0,98.5,1,1,1,54.5,2,1,1,1,59.57
6.28,5,1,1,1,0,0,47.5,7.5,47.3,3,1,1,72.7,2,1,0,2,72.55
6.27,1,2,1,1,0,0,29.3,7.2,42.7,1,1,1,58.7,2,1,0,2,62.49
5.22,2,2,0,1,1,0,95.7,6.5,50.3,1,6,0,84.2,2,1,1,2,74.81
6.81,1,2,0,0,0,1,88.9,4.1,99.2,0,5,0,47.0,1,1,2,0,45.5
6.23,2,3,1,1,1,0,92.9,9.7,85.5,0,5,0,82.2,3,1,0,0,89.67
6.01,2,1,1,0,1,0,12.2,8.6,88.3,2,5,0,92.3,2,1,1,0,71.09
5.51,3,1,0,0,0,1,84.0,7.6,68.8,2,3,0,67.8,1,1,2,0,44.21
8.0,3,3,1,0,0,0,93.0,7.1,60.4,0,3,1,46.9,1,0,0,3,0.0
9.1,1,2,1,1,0,0,49.8,4.1,64.4,3,3,1,80.1,2,1,0,1,93.32
8.42,4,3,1,0,0,0,87.8,4.3,83.6,0,5,0,50.9,1,1,2,0,42.83
5.81,1,2,0,1,0,0,51.2,6.3,44.6,1,3,0,51.5,1,1,2,0,48.69
6.57,4,2,0,1,0,0,63.1,9.2,83.6,0,6,2,67.3,1,1,2,2,41.81
9.76,2,2,1,0,1,0,3.9,6.9,80.2,0,6,0,68.3,2,1,1,1,55.36
7.58,2,2,1,0,0,0,35.3,5.1,47.7,2,4,0,64.7,1,1,2,2,44.0
9.12,1,1,0,1,1,1,37.7,7.0,50.1,1,6,0,94.1,3,1,0,3,82.0
9.16,2,3,1,1,0,1,73.3,7.1,86.4,1,5,1,88.5,3,1,1,3,67.48
9.25,1,1,0,1,0,1,95.4,8.6,53.8,1,6,0,84.9,2,1,0,3,80.57
7.57,4,2,1,1,0,0,99.6,4.4,62.3,0,2,1,42.2,2,1,0,3,68.81
9.03,2,2,0,1,0,1,50.3,4.9,61.4,1,2,1,56.4,2,1,0,3,70.75
6.13,2,1,1,0,1,0,89.4,5.9,41.0,0,2,3,48.7,2,0,0,3,0.0
6.04,4,2,0,0,0,0,41.3,5.0,80.0,1,4,0,45.2,0,1,2,2,36.12
6.4,0,1,1,1,1,0,85.6,6.9,72.9,0,3,0,61.5,3,1,0,0,93.89
8.54,5,3,1,1,0,1,21.7,7.2,52.5,0,2,1,61.3,3,0,0,3,0.0
7.49,1,3,0,0,0,1,57.9,4.6,53.1,0,1,0,31.5,1,1,2,0,35.32
5.69,5,3,1,0,0,1,12.1,6.1,48.7,3,1,1,71.1,2,1,1,1,50.04
9.37,3,3,1,0,0,1,59.8,5.4,80.2,0,2,0,49.9,2,1,0,2,89.12
5.32,4,1,0,1,1,1,42.5,5.6,87.3,3,6,0,107.9,3,1,1,2,55.68
8.13,1,3,1,1,0,0,46.4,9.8,92.8,0,6,2,78.5,2,1,0,3,73.39
9.51,2,1,1,1,0,0,85.5,5.7,92.0,0,6,0,69.6,2,1,1,0,68.02
6.79,5,2,1,1,0,0,20.3,7.0,50.1,1,6,0,79.4,2,1,0,3,78.69
9.5,4,2,0,0,0,1,88.8,6.8,41.8,3,4,0,75.8,1,1,2,2,50.6
7.97,1,2,1,0,0,0,72.7,4.1,42.1,2,1,0,48.3,1,1,2,2,43.98
7.39,2,1,0,1,0,0,9.7,4.7,55.2,1,1,0,38.8,1,1,2,3,36.24
8.17,0,1,1,0,0,0,21.9,5.8,67.4,1,5,0,64.2,1,1,2,1,47.6
6.67,1,2,1,1,1,0,89.7,6.0,85.0,3,2,0,90.9,3,1,1,2,72.74
7.84,3,1,1,0,0,0,76.7,5.4,95.2,1,2,0,49.2,1,1,2,1,45.02
9.01,4,1,1,1,1,1,56.5,4.4,49.3,1,1,1,67.4,4,1,1,3,67.66
6.74,1,1,1,0,0,0,92.6,5.4,63.9,0,4,1,42.3,1,1,2,1,45.18
6.85,0,2,1,1,0,0,34.4,8.0,98.6,3,4,1,95.6,2,1,0,1,95.6
5.83,0,3,0,0,0,0,3.9,4.4,68.2,3,3,0,53.4,0,0,0,3,0.0
5.05,3,2,1,0,0,1,39.0,6.7,62.5,0,5,0,64.7,2,1,1,3,49.8
8.13,5,3,0,1,0,0,63.1,4.5,68.4,1,1,3,43.2,1,0,0,3,0.0
5.94,5,1,1,1,0,0,80.9,7.8,64.3,1,5,0,78.2,2,1,1,3,54.88
8.8,4,3,0,0,1,0,91.9,8.9,76.6,2,6,1,87.5,1,1,2,3,47.91
9.87,1,3,1,0,0,1,42.8,5.9,58.6,0,2,0,43.3,2,0,0,3,0.0
9.54,3,3,1,0,1,1,91.5,8.6,90.3,2,6,0,101.2,3,1,1,0,56.33
9.64,1,2,0,0,0,0,36.4,8.7,64.6,1,6,3,68.0,0,0,0,3,0.0
7.83,2,2,1,1,0,0,52.4,8.8,50.9,0,6,1,74.2,2,1,1,0,69.16
6.47,2,1,1,1,1,1,27.2,9.8,85.6,3,4,0,122.6,4,1,0,0,92.2
8.59,5,2,1,0,1,0,2.4,6.1,58.2,0,5,0,61.4,2,1,1,2,56.17
9.44,1,1,1,0,0,0,20.8,8.2,50.5,1,2,2,54.6,1,0,0,3,0.0
5.71,2,3,0,1,0,1,54.3,6.4,52.8,1,6,1,83.1,2,0,0,3,0.0
9.37,4,3,1,1,0,1,34.8,7.5,66.5,2,5,1,98.0,3,1,0,1,94.22
6.55,0,3,0,0,0,0,5.3,7.3,99.3,1,4,1,47.2,0,0,0,3,0.0
5.59,1,2,1,0,0,1,30.2,6.8,45.8,0,1,0,46.9,2,1,0,0,77.35
9.71,0,3,1,1,1,1,41.9,9.0,51.3,1,3,0,95.9,4,1,1,1,62.82
6.74,1,2,1,1,0,1,35.5,8.6,79.0,1,2,0,80.6,3,1,0,1,83.42
5.7,3,2,1,1,1,0,47.9,5.5,70.3,0,4,0,64.8,3,1,0,2,67.59
6.18,3,3,0,1,0,0,17.2,6.7,92.2,2,4,0,73.6,1,1,2,3,44.26
8.41,3,3,1,0,0,1,81.3,9.3,45.4,2,2,1,77.6,2,1,0,3,88.25
6.47,0,1,1,0,1,1,83.1,8.2,65.7,0,6,0,85.8,3,1,3,2,93.44
9.65,5,2,0,0,1,0,97.8,9.8,60.1,1,1,3,56.0,1,0,0,3,0.0
7.12,5,3,0,1,1,0,42.9,6.4,67.0,0,4,0,61.7,2,0,0,3,0.0
5.77,0,2,1,0,1,0,52.9,9.3,99.4,0,3,0,58.5,2,1,0,3,85.5
9.68,1,1,1,1,0,1,2.0,5.0,44.9,2,1,0,72.8,3,1,0,2,65.32
5.89,1,2,0,0,0,0,31.8,7.2,88.3,3,3,0,69.5,0,1,2,2,48.59
6.33,1,2,1,1,1,1,53.4,7.9,92.4,0,5,0,85.8,4,1,0,0,71.45
9.58,1,1,1,1,0,1,47.5,7.8,57.6,3,6,0,108.5,3,1,0,3,87.64
9.64,3,3,0,0,0,0,45.5,7.8,82.4,0,6,0,48.7,0,1,2,1,44.92
8.41,3,1,1,1,0,0,43.6,7.9,79.3,1,1,0,54.2,2,1,1,3,63.65
5.35,2,3,1,1,0,0,65.3,4.4,49.9,1,6,1,72.6,2,1,0,0,72.75
7.24,2,1,0,1,0,1,30.7,6.2,50.3,3,6,1,94.5,2,1,1,3,59.27
6.9,4,3,0,1,1,1,58.1,9.9,72.5,0,1,0,64.1,3,1,0,0,80.16
7.77,0,3,0,1,0,0,64.0,4.5,58.9,3,3,1,73.0,1,0,0,3,0.0
9.53,0,3,0,1,1,1,8.4,7.0,93.7,1,2,0,68.5,3,1,0,0,90.75
6.39,5,1,1,1,1,0,76.5,6.9,77.9,1,4,0,84.0,3,1,3,2,90.7
6.54,5,1,1,1,0,1,73.0,6.2,70.6,0,3,2,60.6,3,1,0,3,67.81
9.95,1,1,1,1,0,0,57.0,8.3,80.1,0,5,0,74.1,2,1,0,1,93.24
7.52,4,3,1,0,0,0,84.7,7.6,67.5,1,4,0,62.3,1,1,2,1,47.09
7.31,4,1,0,0,0,0,55.3,5.8,49.6,1,1,0,33.7,0,0,0,3,0.0
7.53,1,2,1,1,0,0,74.0,8.2,90.1,3,1,0,79.7,2,1,0,2,80.42
5.01,2,1,0,0,1,0,62.3,7.6,61.5,0,6,2,62.0,1,1,2,2,43.85
9.57,3,3,0,0,1,1,37.2,4.5,63.2,3,5,1,91.5,2,1,1,3,68.38
7.77,3,2,1,1,0,0,70.0,4.2,93.7,3,1,0,69.9,2,1,0,3,93.2
9.93,4,2,1,1,0,0,84.1,8.4,97.8,1,4,0,76.1,2,1,0,1,96.61
5.53,0,2,1,0,1,0,99.6,5.1,62.7,0,3,0,46.0,2,1,1,0,63.03
5.92,4,3,0,0,0,1,0.2,6.4,65.2,2,6,1,76.2,1,1,2,3,45.08
5.87,2,2,0,0,1,0,44.7,10.0,70.6,2,1,0,67.2,1,1,2,2,39.93
9.83,4,2,0,1,1,0,51.5,8.8,60.4,1,3,1,75.5,2,1,1,3,52.45
7.38,4,1,1,0,0,1,95.8,4.8,94.0,2,1,1,61.7,2,1,0,0,72.1
8.37,1,3,0,0,0,0,31.7,8.1,68.6,2,5,3,68.5,0,0,0,3,0.0
7.26,0,2,0,0,0,0,43.0,4.1,96.4,1,4,0,40.2,0,0,0,3,0.0
7.43,3,1,1,1,0,0,0.4,9.1,92.7,0,4,1,63.0,2,1,0,0,83.52
7.93,0,3,0,0,0,0,77.7,6.2,70.3,0,4,0,34.8,0,0,0,3,0.0
5.09,0,3,1,1,0,0,69.2,8.2,59.4,0,3,0,62.6,2,0,0,3,0.0
7.94,0,3,0,1,0,1,76.2,7.0,57.9,2,5,0,87.6,2,1,1,0,59.82
8.99,0,1,1,0,0,0,78.4,6.6,82.8,2,2,0,58.1,1,1,2,2,45.32
6.6,5,1,1,1,1,0,16.9,9.1,85.8,0,5,0,78.9,3,1,0,2,68.68
5.51,2,2,1,1,0,1,38.8,8.3,79.8,1,6,0,96.3,3,1,1,0,55.41
9.09,0,3,1,1,0,1,28.3,4.6,91.3,0,1,1,45.8,3,1,0,0,71.41
8.22,0,1,1,1,0,1,19.9,8.3,73.4,1,5,3,85.8,3,1,1,1,56.94
8.97,1,3,1,1,0,1,58.6,6.5,90.7,2,5,0,94.2,3,1,1,3,73.26
9.13,4,3,1,0,0,0,56.8,4.0,79.2,1,4,0,49.0,1,1,2,1,51.47
6.92,2,1,1,0,0,0,25.6,7.3,44.8,2,3,0,71.9,1,1,2,1,36.94
6.77,5,2,1,1,0,0,83.8,5.2,44.7,2,4,1,80.1,2,1,1,1,61.47
9.78,3,3,1,1,0,1,49.0,8.3,46.0,0,5,0,79.9,3,1,1,1,63.27
9.96,5,1,1,1,1,0,78.7,7.6,97.7,2,6,0,99.8,3,1,3,3,124.13
6.6,0,3,1,0,0,0,95.1,4.8,48.1,2,3,0,56.5,1,1,2,2,52.29
6.25,5,1,0,0,0,0,55.6,7.3,61.7,2,4,1,57.0,0,1,2,0,50.6
7.94,2,1,1,0,0,0,15.1,7.4,60.0,1,5,2,69.0,1,1,2,0,36.5
7.74,1,1,0,0,0,0,33.3,6.8,74.9,1,3,0,49.5,0,1,2,1,43.29
6.77,0,2,1,1,0,0,59.1,9.4,78.2,2,1,0,70.7,2,1,1,1,54.9
5.97,5,1,1,1,0,0,15.0,8.8,54.5,0,5,0,73.5,2,1,0,0,81.62
7.39,3,3,1,1,1,0,5.9,5.3,58.2,1,5,1,79.2,3,1,1,3,64.14
6.36,3,1,0,1,0,1,24.8,8.0,51.2,1,2,0,62.0,2,1,0,2,83.63
5.19,2,1,1,1,0,1,48.8,8.4,72.7,2,2,2,87.0,3,1,0,0,75.13
8.78,4,1,1,0,0,1,72.8,9.2,95.4,1,5,1,83.9,2,1,1,3,69.98
7.1,4,2,0,1,0,0,41.1,8.1,63.4,0,1,0,41.2,1,1,2,2,47.34
7.97,2,1,1,1,0,0,98.3,4.4,68.8,2,5,1,78.3,2,1,0,3,72.56
8.07,1,3,1,1,1,0,41.2,4.6,74.9,0,5,0,70.9,3,1,1,2,68.51
7.18,5,1,0,1,1,0,22.6,9.6,68.1,2,6,1,97.9,2,1,0,0,84.05
8.24,5,3,0,1,0,1,47.4,4.5,74.6,1,4,0,61.4,2,1,0,3,82.62
9.14,5,3,1,0,0,0,6.5,9.9,92.0,0,3,0,56.2,1,1,2,1,40.89
9.27,2,2,0,1,1,0,37.5,5.2,56.1,1,3,0,65.5,2,1,1,1,62.26
8.66,3,1,0,1,1,0,30.2,4.6,91.4,2,3,1,65.1,2,1,1,0,51.9
7.3,1,2,0,0,0,1,10.3,4.8,43.5,1,6,3,67.6,1,0,0,3,0.0
6.9,3,2,1,1,1,0,24.6,9.9,69.3,1,2,0,83.7,3,1,1,3,68.99
9.55,0,2,0,1,0,0,51.0,5.6,54.0,3,1,0,63.2,1,1,2,2,55.44
8.33,3,1,0,1,0,1,86.3,7.8,71.0,2,4,0,78.6,2,1,0,0,68.55
8.4,5,2,1,1,1,0,66.0,7.9,79.6,1,4,0,82.8,3,1,1,3,70.52
8.45,2,2,0,1,0,0,86.6,6.7,93.9,1,2,1,54.3,1,1,2,0,47.18
8.1,1,3,1,1,0,1,1.4,5.5,71.2,2,3,0,80.3,3,1,0,2,84.38
7.14,5,1,0,1,0,1,31.6,9.5,55.8,0,5,0,70.0,2,1,0,1,80.85
7.37,0,2,1,1,0,0,30.0,9.1,93.1,2,5,1,90.1,2,1,0,1,88.19
6.55,1,2,0,0,0,0,34.6,7.5,49.7,1,5,0,53.5,0,0,0,3,0.0
9.48,1,1,0,0,1,0,77.2,5.6,92.1,0,2,1,35.7,1,1,2,2,40.94
8.03,0,2,1,1,0,1,49.8,7.9,77.3,1,3,0,82.2,3,1,1,3,76.5
7.69,4,2,1,1,1,0,47.6,5.4,43.1,1,3,0,70.3,3,1,0,2,79.52
6.01,1,2,1,0,0,0,57.9,7.6,93.9,3,4,0,86.8,1,1,2,1,49.03
5.55,5,2,1,0,0,0,80.5,6.5,82.1,1,3,0,51.3,1,1,2,2,44.1
7.0,4,1,0,0,0,0,30.5,4.9,45.4,3,6,0,76.8,0,1,2,3,42.77
6.11,4,1,1,0,0,0,69.4,7.8,74.5,1,3,0,54.9,1,1,2,0,42.08
5.39,0,3,1,1,0,0,74.9,9.3,62.0,1,4,2,77.5,2,0,0,3,0.0
9.23,4,2,1,1,0,1,62.2,8.7,68.3,2,2,0,88.3,3,1,1,1,63.26
6.8,5,3,1,1,0,0,86.4,5.9,40.9,2,1,0,64.1,2,1,0,2,83.18
5.77,0,2,0,1,0,1,16.4,9.9,42.7,2,5,0,95.7,2,1,0,1,78.93
9.52,1,1,0,1,0,0,16.0,8.5,63.6,0,3,0,47.5,1,1,2,0,40.33
5.91,0,1,1,0,0,0,95.0,9.5,45.1,0,5,1,61.6,1,1,2,0,48.54
5.3,4,2,0,1,0,0,39.4,9.2,69.2,0,4,2,58.6,1,0,0,3,0.0
6.2,4,2,1,1,0,1,29.1,6.9,52.8,1,3,2,72.9,3,0,0,3,0.0
6.34,3,1,0,0,0,0,28.3,8.3,98.2,0,4,0,42.6,0,0,0,3,0.0
9.59,4,1,0,0,0,1,35.8,4.4,90.2,2,5,0,71.9,1,1,2,1,40.76
7.15,5,3,1,0,0,1,19.2,8.5,96.0,0,3,1,61.2,2,0,0,3,0.0
7.48,2,2,1,1,0,0,88.7,4.2,80.3,0,3,1,51.3,2,1,0,0,79.26
9.59,4,3,0,0,1,1,8.1,6.8,69.7,0,3,1,57.9,2,0,0,3,0.0
6.86,1,2,1,1,0,0,14.3,9.4,56.0,0,3,0,63.7,2,1,0,3,84.77
6.93,1,1,1,0,1,1,94.7,8.9,74.5,0,2,0,67.3,3,1,0,3,78.85
5.91,3,2,0,1,0,0,7.1,4.1,58.4,2,3,1,56.4,1,0,0,3,0.0
8.57,2,1,1,0,0,1,92.5,8.0,98.0,0,6,2,69.0,2,1,0,3,92.42
7.81,2,3,1,1,0,0,6.6,9.3,72.8,1,5,0,87.6,2,1,1,2,69.38
8.73,1,3,1,1,0,0,76.9,4.3,59.7,0,1,2,34.7,2,0,0,3,0.0
5.74,3,1,1,1,0,0,92.7,7.0,67.2,0,6,1,70.4,2,1,1,3,54.24
5.34,4,3,1,0,1,1,85.4,7.0,70.5,3,5,0,105.0,3,1,1,1,73.55
5.36,0,3,1,0,0,1,14.2,8.5,60.4,0,2,2,54.2,2,0,0,3,0.0
8.08,0,1,1,0,1,1,47.5,6.4,74.5,0,5,1,74.4,3,1,0,1,89.36
6.45,3,1,1,0,0,0,9.5,6.6,78.9,1,5,0,61.7,1,1,2,1,42.71
6.72,5,2,0,1,0,1,20.8,4.4,94.7,0,3,0,45.0,2,0,0,3,0.0
7.89,4,3,1,1,1,1,90.1,5.8,45.4,2,3,1,93.4,4,1,1,0,65.12
9.96,1,3,0,0,0,0,14.8,6.0,53.2,2,3,0,49.5,0,1,2,3,43.79
6.36,2,3,1,1,0,0,32.9,6.9,56.6,2,3,1,76.0,2,1,0,0,74.39
6.05,2,3,1,1,0,0,67.4,9.3,49.6,0,6,1,77.3,2,1,1,0,71.05
6.37,0,1,1,1,0,0,10.4,9.1,60.5,2,6,0,96.2,2,1,1,3,55.1
9.89,4,1,0,1,0,1,34.8,9.4,65.7,2,4,0,90.1,2,1,0,3,69.54
9.74,4,1,1,1,0,1,51.7,7.2,74.6,2,5,2,93.4,3,1,0,2,70.68
5.91,3,2,0,1,1,0,34.3,5.8,92.9,0,5,0,67.4,2,1,0,2,75.68
5.56,0,1,1,1,0,1,28.5,9.4,73.6,1,1,1,69.6,3,1,0,2,84.37
8.47,3,1,1,0,0,0,38.1,9.0,60.3,1,6,0,76.1,1,1,2,2,47.99
8.51,1,1,1,0,0,0,6.8,4.5,82.1,0,2,1,34.1,1,0,0,3,0.0
6.46,4,2,1,1,0,0,62.0,6.0,65.1,0,3,0,56.1,2,1,0,0,79.35
8.73,3,3,1,0,0,1,50.5,5.4,80.7,1,4,1,63.1,2,0,0,3,0.0
6.22,4,2,1,0,0,0,94.3,4.8,94.0,1,1,0,37.8,1,1,2,2,46.9
7.59,1,3,1,1,0,1,15.5,5.2,77.1,2,1,1,67.3,3,1,1,1,65.98
8.43,4,3,1,1,1,0,6.8,5.2,49.1,1,6,0,86.0,3,1,0,0,67.37
7.88,0,3,0,0,0,0,94.5,7.2,69.0,1,2,0,44.1,0,1,2,2,50.37
5.13,4,2,1,0,0,1,46.2,8.2,51.6,1,6,1,81.0,2,1,0,0,76.11
9.55,4,2,0,1,0,0,97.2,6.9,92.7,2,2,0,62.5,1,1,2,3,53.99
6.33,4,3,0,1,0,0,48.3,8.4,99.7,1,2,0,56.8,1,1,2,2,47.5
5.86,3,2,1,1,1,0,62.8,8.4,76.0,2,1,0,80.9,3,1,1,1,51.22
9.61,2,3,1,0,0,1,24.9,4.3,85.3,3,1,2,70.2,2,0,0,3,0.0
9.93,0,1,1,0,0,1,19.3,5.4,61.5,1,5,0,67.5,2,1,0,1,70.31
7.66,1,1,1,1,0,1,36.1,8.8,93.8,3,4,3,105.6,3,1,0,0,80.27
7.38,1,3,1,0,1,0,18.3,4.1,92.2,0,1,2,35.6,2,0,0,3,0.0
5.52,3,1,1,1,0,1,72.4,6.9,91.9,0,4,0,67.0,3,1,0,3,72.61
6.65,0,1,1,0,0,1,34.2,4.8,92.6,3,3,0,77.4,2,1,1,0,59.69
5.66,5,1,1,1,1,0,6.4,6.1,84.8,0,4,0,72.5,3,1,0,1,84.61
7.73,5,2,1,0,0,0,83.8,9.8,95.8,1,5,1,71.3,1,1,2,2,53.17
9.48,0,3,1,0,0,1,3.3,5.6,77.2,1,3,0,57.8,2,1,0,2,69.84
7.71,3,3,1,1,1,1,11.9,7.5,80.7,0,2,0,71.3,4,1,0,2,73.4
7.69,5,3,1,0,1,0,64.5,4.2,93.5,1,5,0,67.4,2,1,1,1,66.23
9.54,1,2,0,1,1,1,24.9,9.2,57.6,1,4,2,91.3,3,1,0,0,72.61
6.96,0,1,1,1,0,0,98.6,4.9,98.8,1,6,0,75.9,2,1,0,2,70.95
7.61,1,1,1,0,0,1,67.9,9.1,93.7,1,6,1,89.2,2,1,0,2,82.08
5.5,3,1,1,0,1,1,9.4,8.2,83.9,0,5,1,84.0,3,1,0,2,80.35
5.65,3,3,1,0,0,0,48.9,4.1,68.5,1,1,1,41.9,1,0,0,3,0.0
5.35,0,1,1,1,0,0,44.1,5.8,77.5,0,2,0,43.6,2,1,0,2,81.33
6.42,5,3,1,0,0,0,30.4,9.5,48.9,1,2,2,62.7,1,0,0,3,0.0
9.72,0,1,0,1,0,0,7.9,5.8,92.4,0,4,0,47.5,1,1,2,3,45.2
6.91,5,3,1,1,0,1,80.5,7.6,70.7,1,2,0,68.2,3,1,1,3,64.19
8.6,2,3,0,1,1,1,60.4,8.3,54.0,1,4,0,81.5,3,1,0,3,77.86
5.7,3,3,0,1,1,1,79.3,7.4,61.6,2,6,0,99.8,3,1,0,1,95.07
5.82,1,2,1,1,0,0,12.1,4.4,67.0,3,3,0,81.6,2,1,1,0,66.59
9.63,2,3,0,1,0,1,97.6,4.5,51.8,1,4,0,67.0,2,1,1,3,60.13
5.22,3,1,1,1,0,0,84.3,8.6,67.2,0,5,0,67.7,2,1,1,3,54.56
6.86,5,2,1,0,0,0,16.1,8.4,83.8,0,6,3,66.3,1,0,0,3,0.0
7.49,4,1,1,1,0,0,85.4,9.4,94.9,3,6,0,105.5,2,1,0,0,95.94
8.15,1,3,1,1,0,0,32.8,5.8,71.3,1,5,0,77.1,2,1,0,1,72.95
9.7,3,2,1,1,0,0,14.8,5.6,50.0,0,3,2,51.9,2,0,0,3,0.0
7.26,4,2,1,1,0,0,18.3,8.3,83.8,1,4,0,76.2,2,1,1,2,56.1
5.37,3,2,1,1,0,0,48.9,6.0,70.1,1,2,1,56.3,2,1,0,1,65.02
5.97,0,2,1,0,0,1,0.3,9.2,83.6,2,6,0,98.0,2,1,0,3,86.24
9.18,1,3,1,0,1,0,5.3,8.1,51.9,1,4,0,78.2,2,1,1,1,68.84
5.12,3,1,0,0,0,0,69.2,7.1,60.7,1,4,1,47.2,0,0,0,3,0.0
9.78,1,2,1,1,1,0,97.7,9.4,45.9,2,5,2,105.2,3,1,1,1,63.03
6.65,3,2,0,1,0,1,80.7,7.1,51.4,0,3,0,61.2,2,1,0,3,86.06
8.1,3,3,1,0,0,0,99.2,7.5,69.4,0,3,2,47.8,1,0,0,3,0.0
6.64,3,2,1,1,0,1,57.1,5.5,63.5,1,6,0,83.0,3,1,0,3,85.12
7.84,3,2,1,1,0,0,52.2,5.9,98.6,1,1,0,56.2,2,1,1,0,66.18
8.95,2,3,1,0,1,1,16.0,8.6,80.6,0,2,0,66.1,3,1,1,3,62.48
7.73,4,3,1,1,1,0,83.2,8.9,71.8,1,1,1,67.7,3,1,0,1,72.36
7.41,4,1,1,1,0,0,62.1,7.2,43.1,3,5,3,99.7,2,1,0,1,95.64
6.38,5,1,1,1,0,0,4.7,5.8,69.8,0,4,0,52.5,2,1,1,0,61.3
9.08,3,3,0,1,1,0,23.7,4.3,69.9,0,6,0,61.7,2,1,1,3,51.0
8.23,2,3,1,0,0,1,91.3,9.9,68.9,1,1,0,64.5,2,1,1,0,72.9
7.82,4,2,1,1,0,0,41.8,6.3,43.5,2,2,0,67.1,2,1,0,1,89.28
5.89,3,1,1,1,0,1,22.4,9.4,44.5,2,3,0,90.0,3,1,0,3,88.07
7.88,2,3,1,1,1,0,62.1,6.1,54.4,1,2,0,63.7,3,1,1,3,50.68
6.79,0,1,1,1,1,1,81.4,6.1,54.7,0,6,0,92.8,4,1,3,1,109.07
7.97,2,3,1,1,0,1,62.9,8.4,84.4,2,6,0,103.0,3,1,0,1,82.39
6.55,1,2,1,1,0,0,15.6,8.2,44.4,0,1,0,44.9,2,0,0,3,0.0
6.51,5,2,1,0,0,1,13.1,7.0,42.1,1,2,0,61.5,2,0,0,3,0.0
7.98,4,2,1,1,0,0,91.5,6.1,98.3,0,5,1,61.8,2,1,0,2,87.72
6.71,1,1,1,1,0,0,2.0,9.5,62.3,0,3,1,64.7,2,1,1,3,64.74
7.34,5,3,1,0,0,0,11.5,10.0,99.8,0,5,1,69.8,1,0,0,3,0.0
9.66,4,2,1,1,0,0,78.8,9.1,51.9,0,4,0,62.9,2,1,0,1,79.2
9.93,1,2,1,0,0,0,9.2,9.9,98.9,3,2,0,76.0,1,1,2,1,54.9
7.62,4,2,1,0,0,0,0.3,9.8,62.9,1,6,3,78.5,1,0,0,3,0.0
8.16,2,2,0,1,0,1,36.2,7.6,94.2,1,1,1,55.3,2,1,1,1,56.37
9.65,1,1,1,1,0,0,69.3,4.8,63.2,2,2,0,63.0,2,1,1,3,54.87
5.37,2,3,1,0,0,0,77.0,5.6,79.8,1,2,0,43.8,1,1,2,2,40.49
9.81,1,1,1,0,1,0,7.5,7.2,63.5,0,3,1,56.1,2,1,0,2,63.27
8.9,0,1,1,0,1,0,25.9,8.7,41.6,0,1,0,51.7,2,1,0,2,83.89
8.19,0,2,1,1,1,1,61.5,6.0,59.5,2,1,0,78.4,4,1,0,2,97.08
7.44,2,2,1,0,1,1,5.1,7.0,96.9,3,2,0,92.9,3,1,0,1,76.86
9.26,1,1,1,0,0,1,98.0,5.2,78.2,0,5,0,61.0,2,1,1,1,53.26
7.62,2,1,1,1,1,1,82.1,5.8,66.3,0,4,0,75.6,4,1,3,0,99.53
9.99,5,2,0,1,0,0,27.6,7.0,67.4,1,1,1,49.3,1,0,0,3,0.0
8.02,5,2,1,0,0,0,41.7,8.4,88.3,2,2,0,68.7,1,1,2,3,43.49
5.62,2,3,1,0,0,1,10.7,7.4,95.5,2,1,0,71.5,2,0,0,3,0.0
5.1,4,2,1,1,1,0,37.7,9.4,98.5,0,1,0,60.2,3,1,1,0,63.96
6.63,0,3,1,1,0,0,79.2,8.0,73.9,2,5,0,85.8,2,1,1,1,62.13
7.81,4,1,1,0,0,1,83.3,8.1,84.0,0,5,0,66.2,2,1,1,3,70.45
8.47,0,3,1,1,1,1,16.2,4.4,78.4,1,3,2,81.7,4,1,1,3,68.36
5.5,4,3,1,0,0,0,92.7,4.6,47.0,2,1,0,48.5,1,0,0,3,0.0
5.52,5,3,1,1,1,0,93.3,7.8,49.0,0,2,1,58.8,3,1,0,3,76.09
8.18,1,2,1,0,0,0,96.5,5.5,89.6,3,6,0,90.0,1,1,2,1,48.75
8.32,0,3,1,0,0,1,81.8,6.2,77.3,2,6,1,83.7,2,1,0,1,70.47
8.01,3,1,1,1,0,0,22.0,4.5,91.7,1,5,1,71.6,2,1,0,2,67.02
7.49,4,2,0,1,0,0,51.0,5.6,68.6,1,4,0,61.6,1,1,2,3,44.27
8.07,3,2,1,1,0,1,22.7,7.7,50.3,2,2,1,87.5,3,1,0,1,78.13
8.94,0,3,0,1,0,1,98.1,9.3,61.7,1,1,1,64.9,2,1,0,0,74.66
5.48,3,3,1,0,1,1,31.3,6.7,45.3,0,1,0,53.9,3,0,0,3,0.0
8.99,5,1,0,0,0,1,71.7,5.9,82.1,0,6,1,60.1,1,1,2,3,38.01
6.52,0,2,0,1,0,0,41.5,4.6,80.7,0,3,1,40.0,1,0,0,3,0.0
9.38,1,3,1,1,0,0,3.4,8.8,86.6,1,2,0,68.6,2,1,0,0,67.84
5.86,2,1,1,0,1,1,86.2,7.1,64.2,0,3,0,62.5,3,1,0,0,85.28
5.75,0,1,1,1,0,0,32.1,8.7,72.6,0,1,0,53.3,2,1,0,1,64.39
9.41,5,2,1,1,1,0,82.6,4.0,49.7,2,2,0,73.9,3,1,1,3,66.51
8.92,4,1,0,1,1,1,48.7,5.8,60.3,0,3,2,59.8,3,1,0,1,70.67
9.15,1,2,0,1,0,0,34.5,8.6,51.9,0,1,0,41.7,1,1,2,0,48.62
6.43,1,1,1,1,0,0,6.0,4.8,76.6,1,4,0,64.2,2,1,0,0,74.44
9.74,5,2,0,0,0,1,34.6,9.4,72.6,0,5,1,58.4,1,1,2,2,49.59
6.42,5,3,0,0,0,0,89.5,6.7,98.4,3,2,0,59.7,0,1,2,3,48.78
9.31,4,2,0,1,0,1,64.7,7.5,68.1,1,6,3,87.0,2,1,1,0,66.51
9.84,4,3,1,0,1,0,34.2,6.8,64.4,3,2,2,85.2,2,1,0,0,76.88
5.35,5,1,1,1,0,0,68.3,5.1,71.4,1,2,0,59.5,2,1,1,3,56.42
7.62,2,1,1,1,1,1,17.4,9.7,64.0,3,3,0,116.9,4,1,1,2,56.72
5.3,1,1,1,0,0,1,33.2,9.3,89.9,2,3,0,78.5,2,1,1,0,66.71
8.22,2,2,0,0,0,0,62.8,4.6,86.4,1,2,2,35.3,0,0,0,3,0.0
5.43,3,2,1,0,0,1,17.9,4.2,57.8,0,5,1,60.3,2,0,0,3,0.0
8.75,0,2,1,0,0,0,58.6,7.3,68.9,1,6,0,70.6,1,1,2,3,43.13
8.06,1,1,1,1,1,1,93.4,4.3,99.4,0,1,1,60.9,4,1,3,0,89.54
9.82,5,1,0,0,0,1,55.3,5.1,97.6,2,6,1,78.7,1,1,2,1,43.49
7.62,5,1,1,1,0,0,57.0,7.2,94.5,1,6,1,77.9,2,1,1,2,66.79
6.55,2,2,1,0,1,0,47.9,4.6,82.6,2,6,0,83.4,2,1,1,1,50.59
8.95,3,2,1,1,0,0,46.1,5.2,60.8,2,2,0,68.1,2,1,0,3,70.24
6.35,0,3,0,0,1,0,77.0,9.4,60.5,2,3,1,71.3,1,1,2,0,53.01
5.99,1,2,1,1,1,1,83.5,8.4,61.0,3,3,0,106.6,4,1,0,0,77.11
6.56,2,3,1,1,0,1,65.1,7.0,96.0,2,5,0,100.6,3,1,0,3,87.73
8.22,3,3,1,0,0,0,83.5,8.4,92.4,2,6,0,84.7,1,1,2,0,52.69
7.85,4,2,1,0,0,1,9.9,5.4,75.6,0,1,1,43.2,2,0,0,3,0.0
8.91,1,2,1,1,0,0,9.0,8.3,48.5,2,4,0,80.6,2,1,1,1,68.2
9.45,3,2,0,1,0,0,28.7,5.2,92.9,1,5,0,58.0,1,1,2,0,40.65
9.43,0,2,0,1,1,1,54.8,4.4,70.2,1,4,0,77.1,3,1,1,2,58.75
5.73,1,2,1,0,1,0,73.5,6.6,48.1,1,1,0,50.2,2,1,0,2,63.3
5.78,0,1,1,1,0,1,49.7,4.4,42.0,0,2,2,53.8,3,0,0,3,0.0
6.29,0,1,1,0,0,0,6.6,5.5,96.2,2,3,3,61.2,1,0,0,3,0.0
6.12,0,1,0,1,1,0,73.2,4.5,93.8,0,6,1,58.6,2,1,0,0,86.64
8.25,0,1,1,1,0,0,62.4,4.9,58.8,2,4,1,70.6,2,1,1,1,69.74
9.16,0,1,1,0,0,0,16.8,5.6,64.5,0,3,1,37.0,1,1,2,2,39.57
7.88,1,1,0,0,1,1,43.4,4.5,63.4,2,1,1,61.0,2,1,0,0,80.92
9.34,5,1,0,1,0,0,13.2,6.1,47.0,1,6,1,70.8,1,1,2,1,39.25
9.64,5,3,1,0,0,1,66.3,5.5,51.2,0,5,0,57.0,2,1,0,3,89.5
5.12,1,2,0,0,0,0,73.0,6.9,63.2,0,1,0,21.0,0,0,0,3,0.0
7.54,1,1,1,1,0,1,79.3,7.8,74.9,1,4,0,78.6,3,1,0,2,73.97
9.25,0,3,1,1,0,1,59.7,9.1,56.4,0,3,1,72.5,3,1,1,1,72.89
8.93,4,3,0,0,0,0,54.6,6.3,47.7,0,3,1,33.9,0,0,0,3,0.0
8.2,0,1,0,1,1,0,1.7,6.2,67.3,2,1,0,67.3,2,1,0,2,67.98
5.97,1,1,1,1,0,1,53.2,4.4,55.5,3,5,2,98.8,3,1,1,2,75.97
9.55,3,3,1,1,0,0,47.7,4.2,44.6,1,3,0,55.5,2,1,0,1,80.31
6.33,4,1,1,1,0,0,6.4,8.5,58.0,1,3,2,73.6,2,0,0,3,0.0
6.53,1,1,0,0,0,0,23.1,6.1,89.3,2,4,0,56.1,0,1,2,3,46.84
7.29,2,3,1,0,1,0,21.1,6.1,41.4,1,6,0,79.1,2,1,0,1,84.25
7.65,3,1,1,0,0,0,28.5,5.6,61.5,1,5,0,58.3,1,1,2,3,44.48
8.07,5,3,1,0,1,1,36.3,8.7,56.2,1,6,0,97.2,3,1,0,1,70.52
7.34,3,2,0,0,0,0,15.5,5.4,54.8,1,6,0,53.3,0,0,0,3,0.0
5.25,1,3,0,1,1,1,15.5,7.3,95.9,1,1,0,65.2,3,1,1,2,53.84
8.81,3,1,1,0,0,1,12.6,6.9,50.0,2,4,0,81.6,2,1,0,2,74.56
7.13,0,1,1,1,0,0,28.7,6.2,50.3,1,5,0,70.2,2,1,1,1,52.53
8.25,2,1,0,0,0,0,56.2,4.6,43.0,1,1,1,27.4,0,0,0,3,0.0
5.22,5,3,1,0,0,1,14.0,7.3,90.1,1,1,0,59.3,2,1,0,1,68.3
6.72,1,1,1,0,1,0,6.4,9.7,60.0,2,4,1,93.0,2,1,0,2,72.64
6.43,4,1,0,1,0,1,74.7,6.2,91.8,1,6,0,82.5,2,1,0,0,86.2
9.13,4,1,1,0,0,1,51.7,5.3,95.4,1,2,0,58.8,2,1,0,3,78.76
7.4,1,3,1,1,0,0,72.1,5.6,93.5,1,1,0,49.5,2,1,0,0,84.19
8.43,5,2,1,1,1,0,43.1,5.7,41.0,0,4,0,70.7,3,1,1,0,52.46
9.15,4,2,1,1,0,1,82.3,5.8,92.4,3,2,0,92.2,3,1,0,0,76.79
9.32,2,3,0,0,0,0,12.6,7.2,46.1,0,1,0,22.8,0,0,0,3,0.0
5.28,4,3,1,1,1,0,80.0,7.8,47.2,1,1,0,63.8,3,1,0,2,83.86
7.74,1,3,0,1,0,0,63.3,5.1,70.8,2,5,0,67.8,1,1,2,0,44.63
8.59,2,1,0,1,0,0,63.0,5.9,96.5,2,5,0,76.3,1,1,2,2,45.48
8.8,0,1,1,1,0,0,74.6,6.3,77.6,1,1,0,56.9,2,1,0,3,78.35
8.8,2,3,1,0,1,1,82.9,7.9,89.2,3,3,0,97.9,3,1,0,2,101.06
6.63,5,2,1,1,0,1,60.9,5.9,78.3,0,5,0,71.0,3,1,0,2,86.5
5.33,1,3,0,1,0,1,44.1,9.2,57.7,0,6,0,74.7,2,1,0,3,79.11
6.11,0,3,1,1,0,0,8.4,7.3,41.3,0,6,0,75.6,2,1,0,2,60.01
8.32,2,3,0,1,1,0,77.0,5.0,97.4,1,4,1,65.5,2,1,1,0,71.98
5.97,1,3,1,1,0,0,0.6,6.3,68.2,3,3,0,85.8,2,1,0,2,82.29
5.16,5,2,1,1,1,0,42.5,7.3,44.5,0,2,1,65.5,3,0,0,3,0.0
5.03,1,2,1,0,0,0,29.5,9.9,89.5,1,6,0,80.1,1,1,2,3,45.04
9.77,2,3,1,1,0,0,20.6,4.6,50.1,1,6,0,69.2,2,1,1,3,57.41
5.72,2,2,1,0,0,0,27.5,5.0,58.0,2,3,0,58.2,1,1,2,0,39.64
8.02,3,2,1,1,0,0,92.0,9.0,89.7,1,1,0,62.9,2,1,1,1,76.23
9.88,4,3,1,1,0,0,15.9,6.7,49.8,1,4,1,68.5,2,0,0,3,0.0
9.3,4,1,0,1,0,1,24.7,6.4,58.7,0,4,0,59.3,2,1,1,0,66.16
9.22,3,2,1,0,1,1,67.2,8.3,53.5,0,6,0,81.4,3,1,0,3,93.54
5.83,2,2,1,0,0,1,43.6,6.1,81.4,2,1,0,60.7,2,1,1,3,71.05
6.18,3,2,0,1,1,1,77.1,8.8,79.7,2,1,0,80.5,3,1,0,1,96.95
9.84,4,3,1,1,0,1,40.7,4.8,80.3,2,4,0,87.6,3,1,1,3,61.27
8.46,3,1,1,1,1,1,54.2,8.3,74.6,2,5,0,113.7,4,1,0,1,92.15
9.94,2,2,1,1,0,1,43.4,7.5,79.7,3,5,0,104.0,3,1,0,1,72.34
5.13,3,2,1,1,0,0,86.8,7.0,81.4,0,6,0,72.2,2,1,1,2,60.0
8.18,3,3,1,1,1,0,50.8,7.3,45.4,0,1,0,60.8,3,1,1,1,65.99
7.01,4,3,1,0,0,0,64.0,8.5,47.8,1,6,0,77.6,1,1,2,1,46.43
8.86,4,1,1,0,1,0,97.7,6.2,83.6,3,6,1,100.6,2,1,0,2,82.2
5.8,3,2,1,1,0,0,72.6,4.6,63.4,2,1,0,57.7,2,1,1,1,50.51
5.36,2,2,1,1,0,0,52.8,7.8,65.3,0,5,0,69.6,2,1,1,1,48.48
7.78,0,2,1,1,0,0,36.8,6.6,90.9,0,6,0,64.9,2,1,0,3,86.3
5.23,4,2,1,0,0,1,5.0,9.3,63.2,0,5,1,70.7,2,1,1,0,47.52
9.88,4,1,0,0,1,0,67.5,5.8,51.9,0,5,1,54.6,1,1,2,3,44.97
9.68,5,3,0,1,0,0,24.4,7.7,84.9,1,5,1,71.2,1,1,2,3,49.86
6.66,3,2,1,0,0,1,58.7,4.6,44.2,0,1,2,36.1,2,0,0,3,0.0
6.7,4,2,1,0,0,1,27.1,4.3,99.6,1,5,0,71.0,2,1,0,2,79.16
8.12,2,1,0,0,1,0,21.5,4.6,55.8,0,6,0,53.5,1,1,2,2,37.31
6.87,2,3,1,1,1,0,47.5,9.7,82.6,1,2,0,75.8,3,1,1,3,68.37
5.92,5,2,1,1,0,1,95.3,6.2,70.9,0,4,0,69.6,3,1,0,1,71.92
5.52,4,3,0,1,1,1,89.0,6.4,62.2,2,5,1,90.8,3,1,1,3,61.06
8.24,4,2,1,1,0,0,95.5,7.2,63.8,2,1,1,69.2,2,1,1,3,75.3
5.75,0,2,1,0,0,0,64.5,6.4,70.9,2,3,3,60.6,1,1,2,1,44.74
7.49,2,3,1,1,0,0,65.3,4.2,83.6,0,5,0,54.6,2,1,0,0,86.92
5.15,1,3,1,0,1,1,91.7,6.6,82.8,0,3,0,68.7,3,1,0,3,75.94
9.17,5,1,0,0,0,0,0.4,6.0,55.6,1,2,0,40.2,0,1,2,1,43.24
5.28,5,2,1,0,0,1,19.1,7.2,85.3,2,4,0,83.4,2,1,1,0,60.48
7.19,1,2,1,0,0,0,28.2,5.6,76.3,2,5,0,74.5,1,1,2,1,40.29
7.75,2,3,1,1,0,0,1.9,4.8,42.4,1,1,0,45.2,2,0,0,3,0.0
9.7,3,1,1,0,1,0,62.1,7.0,95.5,1,1,1,56.1,2,1,0,2,84.36
9.56,3,2,1,1,0,0,41.6,8.3,56.0,1,4,0,71.1,2,1,0,3,91.35
8.2,4,1,1,0,0,1,52.3,9.4,94.5,0,3,1,65.2,2,1,0,0,68.31
8.17,1,1,1,0,1,1,81.2,6.9,59.1,0,2,1,60.5,3,1,0,0,69.36
6.17,1,2,0,1,1,0,39.0,7.6,68.4,0,6,0,72.9,2,1,0,0,86.75
6.64,5,2,0,1,0,0,25.6,4.1,59.3,1,2,0,46.6,1,0,0,3,0.0
5.14,5,2,1,0,1,0,96.8,4.2,72.0,0,2,0,43.4,2,1,0,1,80.11
9.41,4,2,0,1,0,0,57.0,9.7,76.5,2,1,1,61.3,1,1,2,1,52.39
5.16,1,3,1,0,1,1,84.5,5.2,46.8,2,2,1,73.0,3,1,0,1,89.91
7.35,4,2,0,1,0,1,41.1,7.2,75.4,0,3,0,60.7,2,1,1,3,54.51
5.16,0,2,0,1,0,0,72.3,7.4,46.1,1,2,1,53.8,1,1,2,2,41.56
6.71,3,1,1,1,0,0,12.6,4.1,76.6,2,2,0,65.4,2,1,1,0,62.46
7.99,0,3,0,0,1,0,20.3,4.8,81.9,0,6,0,59.1,1,0,0,3,0.0
9.72,3,2,1,1,0,0,58.8,4.6,82.7,0,6,1,68.4,2,1,0,0,85.7
7.38,0,2,1,0,0,1,22.9,9.8,81.4,2,2,0,74.7,2,1,1,3,64.33
8.51,4,2,1,1,0,1,57.6,6.9,72.2,0,4,0,71.0,3,1,0,1,68.0
5.56,2,1,0,0,0,0,18.3,5.6,61.2,0,1,0,26.7,0,0,0,3,0.0
8.91,3,1,1,1,0,0,27.2,9.6,62.4,0,6,1,76.9,2,1,0,1,71.18
6.89,1,1,1,1,0,0,44.8,5.3,62.8,3,2,0,80.7,2,1,0,0,73.8
8.24,2,3,0,0,0,0,40.9,6.6,50.3,0,6,0,48.3,0,0,0,3,0.0
5.87,3,3,0,0,0,0,10.1,9.4,69.9,1,6,0,67.3,0,1,2,1,36.48
5.67,2,2,1,0,1,1,29.7,7.0,85.4,2,5,0,100.4,3,1,0,3,75.38
7.94,2,3,0,0,0,0,66.7,7.5,59.0,0,3,1,36.8,0,0,0,3,0.0
9.59,5,1,0,1,1,0,74.8,5.6,41.5,0,2,0,46.6,2,1,1,1,63.58
8.23,5,3,1,1,1,1,75.9,6.9,57.8,1,1,0,78.8,4,1,0,2,90.38
7.4,2,3,1,0,1,0,85.6,9.1,98.8,3,6,1,111.0,2,1,0,2,95.72
8.78,1,1,1,0,1,0,51.5,8.4,51.5,1,1,0,62.7,2,1,1,0,59.3
7.04,4,2,0,1,0,0,36.5,7.1,45.0,1,2,0,48.7,1,1,2,3,48.05
7.87,1,1,1,0,1,1,60.0,7.5,46.7,2,6,1,100.7,3,1,0,0,92.71
7.06,2,1,1,0,0,1,86.5,7.5,46.1,3,3,0,82.6,2,1,1,1,65.32
7.44,2,1,1,0,0,1,56.1,9.3,48.3,2,1,0,69.6,2,1,1,2,53.66
6.44,1,3,1,1,0,1,98.3,8.5,81.9,2,5,0,101.2,3,1,1,3,58.32
8.67,0,2,1,0,0,1,90.3,6.9,97.1,0,6,1,67.9,2,1,1,3,57.54
6.6,4,2,1,1,0,1,21.6,9.6,90.4,0,1,0,66.5,3,1,0,3,80.78
8.71,5,1,1,1,0,1,57.2,6.8,48.7,0,3,3,61.6,3,1,0,3,85.77
5.56,2,1,0,1,0,0,24.9,6.3,98.4,0,1,1,32.3,1,0,0,3,0.0
9.63,2,2,0,1,0,1,1.1,4.1,70.5,1,3,3,56.8,2,0,0,3,0.0
8.4,2,1,0,1,0,1,72.2,8.3,58.4,1,1,0,57.0,2,1,1,3,56.91
9.22,2,1,1,1,0,1,96.0,5.8,52.0,3,2,1,91.5,3,1,3,1,94.57
7.29,2,1,1,0,0,1,50.0,9.0,97.1,2,6,0,95.7,2,1,1,2,57.1
9.81,0,2,1,0,0,0,95.6,7.1,68.3,2,4,0,70.2,1,1,2,3,45.88
7.56,2,1,0,0,0,1,22.5,9.5,91.2,0,5,0,59.8,1,1,2,0,43.1
7.46,1,2,1,0,0,0,81.8,8.8,78.6,1,4,0,68.2,1,1,2,2,47.58
5.55,1,2,0,1,0,0,12.0,7.9,86.5,1,3,0,60.5,1,1,2,0,38.3
8.58,3,1,0,1,0,0,82.6,8.2,70.4,0,5,0,56.4,1,1,2,0,48.61
5.36,5,1,1,0,1,1,72.4,5.4,99.3,3,6,3,106.0,3,1,0,0,85.23
6.14,2,3,1,1,0,0,81.4,7.2,52.9,0,2,0,46.8,2,1,0,2,76.73
8.89,5,1,0,1,0,0,64.9,4.2,76.0,2,6,1,72.5,1,1,2,1,52.35
8.29,3,1,0,0,1,1,95.6,9.2,65.6,0,4,0,71.5,2,1,1,2,75.98
7.44,4,1,1,1,0,1,27.3,4.4,98.9,2,3,1,78.4,3,1,0,2,87.55
8.4,5,1,1,1,0,0,72.7,7.9,66.7,1,4,0,71.2,2,1,0,1,76.08
7.43,0,2,1,0,0,0,19.8,9.8,71.1,1,2,0,58.5,1,1,2,0,49.22
9.44,2,1,1,1,0,1,86.2,9.2,97.0,0,2,0,63.5,3,1,3,3,109.42
5.05,2,1,1,1,0,0,58.2,9.2,61.1,3,1,1,83.7,2,1,0,3,69.81
5.28,3,3,1,0,0,1,71.2,4.3,70.6,1,1,1,46.4,2,0,0,3,0.0
8.01,0,3,0,0,0,1,33.0,6.8,45.2,1,5,0,63.4,1,1,2,3,48.08
5.42,1,2,1,1,0,1,34.7,8.1,74.4,1,5,0,89.9,3,1,0,1,76.29
6.2,5,1,0,1,1,1,91.8,5.6,89.3,0,2,0,57.6,3,1,0,1,76.41
5.18,3,1,1,0,1,0,18.3,5.0,56.6,1,5,1,69.3,2,1,0,2,69.2
6.83,2,1,0,1,1,1,82.6,9.0,81.8,1,1,0,68.0,3,1,3,1,100.55
5.16,0,3,0,0,1,0,81.0,5.9,48.4,2,5,1,69.6,1,1,2,2,50.14
9.13,0,3,0,0,0,0,97.8,4.7,49.0,0,2,0,24.5,0,0,0,3,0.0
9.16,1,1,1,1,1,1,14.2,4.2,90.9,2,5,0,93.4,4,1,0,3,90.89
8.84,0,1,1,0,0,1,56.9,5.7,51.2,2,4,0,80.7,2,1,1,1,65.7
5.09,4,1,1,1,0,1,29.6,6.8,69.0,1,5,0,82.3,3,1,1,1,57.51
5.05,5,2,0,0,1,0,26.4,7.5,93.4,1,4,0,64.9,1,1,2,0,42.39
6.88,3,3,1,1,0,0,78.1,7.8,80.7,0,3,0,53.6,2,1,0,3,76.79
7.96,0,3,1,0,0,0,5.6,9.2,47.5,0,2,2,44.7,1,0,0,3,0.0
5.81,2,2,1,1,0,1,12.1,6.9,76.1,2,6,0,97.5,3,1,0,2,82.0
7.13,1,3,1,0,0,1,58.9,6.7,94.5,0,4,0,55.5,2,1,0,3,84.2
6.6,5,1,1,0,0,0,99.0,8.6,99.1,1,2,1,57.5,1,1,2,2,53.04
5.92,4,3,1,1,1,0,93.4,5.1,50.5,0,4,0,64.1,3,1,0,2,86.63
5.23,4,1,1,0,1,0,11.7,6.7,67.1,0,2,1,51.5,2,0,0,3,0.0
9.74,5,2,0,1,0,0,29.1,6.9,55.4,0,1,1,38.7,1,0,0,3,0.0
8.68,0,2,1,1,0,1,86.9,7.3,86.0,0,3,1,66.0,3,1,0,2,71.48
5.45,5,2,1,1,1,1,2.1,6.7,49.4,0,1,1,62.4,4,0,0,3,0.0
6.05,5,1,1,1,0,1,71.9,9.1,96.2,3,3,0,106.1,3,1,1,3,68.39
9.4,4,1,1,0,1,1,61.7,9.9,85.4,0,3,0,78.5,3,1,0,2,92.74
8.41,1,3,1,0,1,1,2.5,8.3,60.7,0,4,0,74.6,3,1,1,0,66.23
9.79,2,3,0,1,0,0,62.7,7.5,50.0,3,3,0,73.3,1,1,2,0,53.41
5.35,5,2,0,0,0,1,71.2,4.9,91.8,1,5,0,58.7,1,1,2,1,47.05
5.74,4,3,0,0,1,1,59.6,6.8,58.1,0,2,0,54.4,2,1,1,0,58.67
5.66,2,1,1,0,0,1,35.1,7.5,85.7,1,3,0,69.4,2,1,1,0,65.95
8.11,2,2,0,0,0,0,54.4,9.7,47.6,1,2,0,50.7,0,1,2,2,48.71
7.04,1,2,0,1,0,0,87.7,8.9,74.9,1,2,2,61.3,1,1,2,3,43.92
6.38,0,2,1,0,0,0,99.6,8.0,96.4,2,6,0,80.3,1,1,2,3,43.2
8.52,4,1,1,0,0,1,92.2,6.7,85.9,2,3,0,78.6,2,1,1,2,58.03
5.77,0,2,0,1,1,1,28.2,6.7,61.0,3,6,2,113.4,3,1,0,2,89.01
6.17,1,1,1,1,0,0,90.6,9.4,79.7,1,2,0,69.0,2,1,0,1,70.77
6.66,5,3,0,1,0,1,12.8,4.3,99.7,3,3,0,82.6,2,1,1,0,70.88
7.8,1,3,0,0,1,1,66.8,7.4,81.0,1,3,1,66.9,2,1,0,1,83.13
8.06,5,2,1,0,0,0,37.0,8.8,42.9,0,1,1,40.2,1,0,0,3,0.0
6.54,2,2,1,0,0,1,77.1,7.9,54.8,0,5,0,64.9,2,1,0,2,74.05
7.42,1,3,1,1,0,1,47.5,8.1,75.9,2,6,1,106.7,3,1,1,1,67.97
9.3,5,2,0,1,0,0,88.8,9.3,87.2,2,6,0,85.3,1,1,2,1,54.32
9.61,5,1,0,1,1,0,63.0,7.6,58.5,0,2,0,51.3,2,1,1,0,70.9
8.3,0,1,0,1,0,0,2.2,7.5,66.1,1,2,0,56.9,1,1,2,1,41.37
6.14,2,1,1,0,0,1,37.4,7.9,91.7,1,6,0,80.7,2,1,1,3,69.89
9.4,1,2,1,1,0,1,91.9,7.4,56.5,1,2,2,72.4,3,1,0,0,76.27
6.83,3,2,1,0,0,0,56.2,7.0,99.2,0,6,0,62.1,1,1,2,1,49.81
5.12,3,2,1,1,1,0,50.2,4.6,56.5,3,4,0,94.8,3,1,1,0,54.83
5.29,1,1,0,1,0,0,39.4,5.5,92.3,2,5,0,73.3,1,1,2,2,38.55
8.53,5,1,1,1,0,0,45.7,4.6,69.8,0,5,0,62.2,2,1,0,2,80.56
9.6,0,3,1,1,1,1,6.6,8.3,92.5,3,4,0,112.4,4,1,0,2,79.92
6.17,0,2,1,1,0,0,2.7,4.5,41.1,1,5,0,69.8,2,1,0,2,76.66
9.84,2,2,1,1,0,1,54.4,9.8,65.4,2,6,0,114.0,3,1,0,3,95.1
5.3,1,3,1,0,1,0,4.5,9.7,89.9,3,4,1,96.1,2,1,0,1,85.2
6.15,0,1,1,1,0,0,25.6,9.6,92.6,3,5,0,101.7,2,1,1,0,67.61
9.32,4,3,1,1,0,0,13.2,4.7,99.3,0,3,0,47.1,2,1,0,1,61.92
8.06,3,3,1,0,1,0,45.5,4.2,78.4,1,4,0,59.6,2,1,0,0,72.21
6.26,0,2,1,1,0,0,72.8,4.2,85.0,0,4,0,51.3,2,1,0,3,80.98
8.19,1,1,0,1,1,0,84.8,9.5,62.3,2,6,0,101.1,2,1,0,0,83.71
7.72,0,1,1,0,0,0,55.7,4.4,92.8,2,5,1,67.6,1,1,2,0,45.89
9.8,4,2,1,1,0,0,30.2,7.9,94.6,1,2,0,61.2,2,1,1,3,55.96
7.27,4,1,1,0,1,1,91.4,7.2,80.3,2,4,3,94.5,3,1,3,2,101.55
5.9,3,1,0,1,0,0,75.3,4.9,93.6,0,1,0,27.2,1,1,2,2,45.56
5.71,0,1,1,0,1,0,61.6,7.4,50.2,0,2,0,57.0,2,1,0,1,71.47
6.68,3,3,1,0,1,1,99.9,7.1,58.4,2,1,0,76.1,3,1,0,0,82.71
7.0,2,1,1,1,1,0,13.3,4.8,51.3,2,3,0,78.0,3,1,1,3,59.0
7.08,0,3,1,1,0,0,35.5,4.3,89.9,1,5,0,69.6,2,1,0,1,81.0
8.17,4,1,1,1,0,1,59.6,4.6,58.1,1,5,1,78.8,3,1,1,3,54.36
8.4,1,2,1,1,0,1,42.7,7.0,47.6,1,1,0,66.5,3,1,0,2,79.02
6.71,0,2,0,0,0,1,61.4,4.4,55.5,2,1,0,49.3,1,1,2,3,43.17
6.03,3,2,0,1,1,0,14.9,6.9,50.7,2,5,0,86.6,2,1,0,1,75.79
9.63,0,3,1,1,0,0,83.6,9.8,93.4,1,1,0,59.7,2,1,0,2,92.8
5.71,1,1,0,0,0,1,78.4,5.0,50.1,0,2,2,35.0,1,0,0,3,0.0
6.06,2,3,0,1,0,1,75.4,9.1,89.4,0,5,0,77.2,2,1,1,0,56.62
8.23,1,2,0,1,0,0,27.3,9.5,89.5,1,4,0,64.3,1,1,2,1,46.87
5.3,2,1,0,0,0,0,5.7,6.7,94.2,1,2,0,37.7,0,0,0,3,0.0
9.58,1,2,1,0,0,0,65.0,5.4,59.3,1,3,1,54.4,1,0,0,3,0.0
8.75,4,1,1,0,0,1,88.1,6.5,70.4,0,5,0,63.1,2,1,1,3,58.29
9.47,0,3,1,1,1,0,56.4,5.7,45.1,2,4,0,83.2,3,1,1,2,55.81
9.86,5,2,0,1,0,0,70.0,5.5,75.8,0,4,0,43.7,1,1,2,3,40.42
6.32,4,3,0,0,0,0,26.3,5.1,78.2,1,6,0,54.7,0,0,0,3,0.0
6.31,1,1,0,1,0,0,76.1,9.2,71.0,1,3,0,57.6,1,1,2,0,42.74
7.57,2,1,0,0,0,1,81.1,5.4,82.7,1,3,0,50.1,1,1,2,0,38.24
9.65,3,2,1,0,0,0,72.4,7.0,98.7,1,5,0,70.3,1,1,2,1,54.67
7.65,2,3,0,0,0,1,25.7,8.3,75.3,0,3,0,46.7,1,1,2,0,40.01
8.68,1,3,1,1,0,1,84.6,4.2,93.1,1,3,1,66.0,3,1,0,1,85.34
7.15,2,3,1,1,1,0,93.6,6.3,79.3,1,4,0,78.3,3,1,1,0,67.39
9.27,3,1,1,1,0,0,11.7,8.2,52.2,0,5,0,74.5,2,1,1,3,64.74
6.42,2,2,0,0,1,0,45.1,7.7,43.4,1,3,3,57.6,1,0,0,3,0.0
9.81,2,2,0,1,0,1,1.4,7.3,71.3,0,3,1,53.2,2,0,0,3,0.0
9.44,4,3,0,1,1,0,37.7,8.4,44.6,2,1,1,68.6,2,0,0,3,0.0
7.52,3,3,1,0,1,1,18.3,6.9,77.7,1,4,1,79.0,3,1,0,3,92.89
9.1,2,2,1,0,1,0,79.9,7.7,90.8,1,1,0,59.8,2,1,0,2,76.27
7.52,5,2,0,1,0,1,21.4,7.0,81.7,3,4,0,87.5,2,1,1,1,73.31
6.78,2,2,1,0,1,0,55.5,4.8,91.0,1,3,0,55.4,2,1,0,3,71.35
8.96,3,3,0,0,1,1,16.4,7.4,72.6,2,3,0,77.5,2,1,1,1,52.47
8.17,0,2,0,1,1,1,72.6,5.1,87.1,1,4,0,73.0,3,1,1,1,68.6
9.87,5,2,1,1,1,0,83.8,7.0,88.4,1,4,0,82.2,3,1,1,1,69.51
9.66,5,1,0,1,1,1,77.2,5.3,45.2,1,4,0,79.5,3,1,3,1,101.91
6.83,1,2,1,1,0,1,68.7,9.4,52.5,1,6,1,99.9,3,1,0,2,95.69
9.19,3,1,0,0,0,0,0.7,7.7,80.4,2,3,3,59.5,0,0,0,3,0.0
7.36,5,3,1,1,0,1,33.3,6.7,80.1,1,6,0,92.4,3,1,1,2,55.71
6.52,5,1,1,0,0,0,96.7,9.0,43.5,0,4,0,52.1,1,1,2,2,39.33
8.28,2,3,1,1,0,0,87.6,8.0,44.7,0,3,0,59.0,2,1,0,1,80.77
9.92,1,1,0,1,0,1,80.4,6.2,52.5,0,5,1,66.7,2,1,1,0,56.48
8.31,3,1,1,0,0,1,43.4,6.9,77.2,2,2,1,69.3,2,1,1,0,58.63
6.65,1,2,1,1,0,0,36.5,6.4,42.2,2,2,0,69.9,2,1,0,3,66.49
7.71,5,3,1,1,1,0,91.1,9.1,94.1,1,6,3,97.0,3,1,1,3,60.72
7.87,4,3,0,0,0,0,25.2,6.8,86.7,1,3,0,49.6,0,0,0,3,0.0
7.41,2,3,1,0,0,1,41.4,4.6,82.2,2,5,1,81.2,2,1,1,3,50.82
5.81,1,1,0,1,0,1,27.7,5.5,93.8,0,2,0,47.0,2,1,0,1,73.06
5.6,1,3,1,1,1,0,12.4,9.8,42.4,1,5,0,89.7,3,1,0,3,86.45
6.17,4,3,1,0,0,0,6.9,5.7,82.0,1,2,0,43.5,1,0,0,3,0.0
5.21,4,3,0,0,1,1,17.2,9.2,57.1,1,3,0,70.1,2,1,0,2,80.43
8.55,5,1,1,1,0,1,71.8,7.7,69.1,3,6,0,113.2,3,1,0,3,83.57
9.22,4,1,1,1,0,0,21.3,8.1,52.7,2,4,0,85.7,2,1,1,0,69.76
5.66,4,2,1,1,0,0,71.8,6.1,54.9,1,5,0,69.1,2,1,0,0,65.28
5.16,4,3,1,1,1,1,27.1,6.1,71.2,1,5,0,94.0,4,1,0,2,75.3
9.51,4,1,1,0,0,1,17.0,8.0,60.4,2,3,0,75.3,2,1,0,2,69.31
7.6,0,2,1,1,0,1,94.0,5.6,67.4,1,5,0,86.3,3,1,0,2,77.34
6.54,4,1,0,0,0,0,86.2,6.2,70.8,2,6,0,65.7,0,1,2,2,50.38
7.74,0,2,1,1,0,1,50.4,5.6,66.1,1,3,0,71.9,3,1,0,3,91.68
5.28,0,2,0,1,0,0,74.4,8.9,57.2,2,6,1,84.1,1,1,2,0,42.49
7.6,1,2,1,0,1,0,21.3,7.4,93.4,0,4,0,58.4,2,1,1,2,63.37
5.29,1,3,1,1,0,0,2.3,5.0,95.2,3,2,0,77.2,2,1,0,0,81.66
9.95,2,2,0,1,1,0,46.3,8.5,68.0,0,2,0,53.4,2,1,1,0,63.81
8.21,4,2,0,0,1,0,55.8,4.5,45.3,0,4,0,47.6,1,1,2,3,44.39
5.73,5,3,1,0,0,0,21.7,6.2,77.5,0,4,0,44.3,1,1,2,3,36.06
8.6,1,3,0,1,0,1,10.1,4.2,48.3,2,2,2,64.5,2,0,0,3,0.0
6.56,5,1,0,0,0,1,77.0,4.3,48.9,3,3,0,65.7,1,1,2,3,51.94
9.29,0,2,1,0,0,1,28.9,8.2,61.9,0,2,0,52.9,2,1,0,0,90.43
8.51,2,1,0,1,1,0,12.2,6.7,64.1,0,1,1,45.7,2,1,0,0,67.62
7.12,1,2,1,0,0,1,10.9,5.0,76.3,0,6,1,61.2,2,1,0,3,73.19
5.36,5,1,1,1,0,0,38.4,9.3,95.7,1,1,0,60.8,2,1,0,3,84.8
7.08,1,3,1,0,0,0,26.6,7.2,78.5,1,4,0,60.7,1,0,0,3,0.0
8.3,5,2,1,1,0,0,71.2,8.8,57.0,1,1,1,60.7,2,1,0,3,86.6
7.02,0,2,1,1,0,1,14.6,9.8,58.4,0,5,0,80.5,3,1,1,2,59.6
8.54,3,1,0,0,1,0,47.0,9.0,57.3,3,2,2,79.1,1,1,2,3,49.48
8.64,2,3,0,1,0,0,68.2,8.9,97.3,1,1,0,53.3,1,1,2,2,49.58
9.15,0,1,1,1,1,1,8.4,4.0,97.3,0,5,0,75.4,4,1,0,2,87.14
6.62,3,2,0,0,1,0,82.1,4.1,42.1,0,1,2,28.4,1,0,0,3,0.0
8.87,1,2,1,1,0,0,30.7,8.6,79.4,0,5,3,73.4,2,0,0,3,0.0
8.14,4,3,1,0,0,0,88.1,9.2,61.9,0,4,1,61.4,1,1,2,3,46.56
9.16,0,2,0,1,0,0,52.4,8.4,89.3,0,4,0,55.0,1,1,2,0,47.27
6.56,5,3,1,0,1,1,12.2,6.4,48.7,3,5,0,102.9,3,1,0,3,77.66
9.56,4,3,0,0,1,1,9.1,6.8,96.2,2,1,0,61.5,2,1,0,3,89.0
9.55,0,1,1,0,0,1,37.2,5.9,81.1,2,6,0,84.0,2,1,1,1,58.6
6.03,5,3,1,0,0,1,0.3,6.6,83.6,2,5,1,86.3,2,1,0,2,74.45
7.02,5,2,1,1,0,0,28.9,9.8,96.6,1,2,1,67.7,2,1,0,2,76.53
8.91,5,1,1,0,0,1,65.1,5.2,83.2,1,5,0,70.9,2,1,0,3,74.74
8.25,2,3,0,1,0,1,60.2,8.7,67.8,3,4,0,92.0,2,1,1,3,57.12
9.64,5,3,1,1,0,0,30.6,5.8,47.7,0,6,0,67.3,2,1,1,2,53.13
6.1,2,3,1,0,1,1,79.0,4.8,40.9,0,1,0,51.6,3,0,0,3,0.0
6.24,0,3,1,0,1,0,5.2,4.4,98.2,3,1,1,72.9,2,0,0,3,0.0
5.12,5,2,0,0,1,0,89.8,9.5,62.1,1,5,0,71.4,1,1,2,1,45.94
7.99,3,2,1,1,0,0,28.6,6.2,41.5,2,4,1,77.1,2,1,0,1,76.49
8.43,0,2,0,1,1,1,81.8,9.4,76.9,0,6,0,90.6,3,1,1,0,77.0
6.52,3,1,1,1,0,0,98.7,9.3,76.6,1,6,0,88.8,2,1,0,1,83.82
5.57,0,1,1,0,0,0,1.1,7.7,87.8,0,2,1,41.1,1,0,0,3,0.0
8.21,3,2,1,1,0,1,84.6,7.5,98.5,1,3,0,76.7,3,1,1,1,64.4
9.2,0,2,1,1,0,0,73.6,6.4,66.8,1,3,0,64.6,2,1,0,1,79.07
7.41,3,1,1,1,1,1,24.3,9.0,83.3,1,1,0,79.4,4,1,1,0,71.54
9.88,4,1,1,0,0,0,74.7,5.9,46.1,1,3,1,57.5,1,1,2,0,45.84
5.39,1,3,1,0,0,1,29.2,8.6,44.6,0,4,0,67.5,2,0,0,3,0.0
9.77,3,1,1,1,0,0,40.9,9.5,68.4,0,5,1,75.8,2,1,1,3,57.44
9.68,1,1,1,0,0,1,35.5,9.2,86.9,2,3,3,84.8,2,1,0,2,88.91
5.32,4,1,0,1,1,1,77.2,5.4,98.1,0,5,0,68.9,3,1,3,1,103.65
8.1,1,3,1,0,0,0,1.4,8.1,65.2,1,4,0,59.3,1,0,0,3,0.0
9.21,5,1,1,1,0,0,56.9,8.3,87.3,1,4,0,79.8,2,1,0,3,79.79
6.95,3,2,1,0,0,0,65.9,9.5,56.3,3,2,0,80.9,1,1,2,3,53.05
8.41,0,3,0,1,1,1,72.8,5.9,55.1,2,4,0,88.3,3,1,0,0,81.76
8.69,1,3,1,0,1,0,51.9,6.2,95.2,0,5,0,64.5,2,1,1,2,53.62
7.69,3,2,1,0,0,1,37.0,4.8,85.5,1,2,0,58.3,2,1,0,2,80.68
9.94,2,2,1,1,1,1,79.6,7.7,61.9,0,5,0,84.5,4,1,1,3,75.87
7.15,0,1,0,0,0,1,28.5,6.9,98.7,0,6,0,63.4,1,1,2,2,36.8
6.93,2,3,1,0,0,1,88.1,7.0,51.6,2,6,1,90.7,2,1,1,0,69.91
6.12,3,2,1,1,0,1,19.2,6.1,43.2,0,1,1,52.8,3,1,1,1,66.48
8.29,4,1,0,1,0,0,97.2,6.4,48.1,0,4,0,53.9,1,1,2,2,39.54
7.36,4,1,1,0,0,1,59.9,6.9,61.4,1,1,1,56.3,2,1,0,1,65.8
5.81,1,1,1,0,0,0,25.1,7.7,81.7,0,1,0,35.6,1,1,2,3,45.54
9.13,1,3,0,0,0,0,78.1,6.9,45.4,1,4,0,48.1,0,1,2,0,49.0
5.07,5,2,1,0,1,0,99.4,4.2,73.1,0,1,0,36.9,2,1,1,3,47.82
5.51,0,3,1,1,0,0,69.6,4.2,79.8,0,1,0,42.1,2,1,1,1,64.72
6.76,5,2,0,0,1,1,86.1,9.2,51.2,2,4,0,92.0,2,1,0,2,78.1
6.32,5,1,0,1,0,0,60.7,7.7,67.3,3,5,2,86.0,1,1,2,1,50.82
6.81,4,1,0,1,1,0,2.0,7.0,63.0,0,5,0,63.4,2,1,1,0,58.81
6.22,4,3,1,0,0,0,20.2,9.4,47.2,0,6,0,68.2,1,1,2,3,40.6
8.18,0,2,1,1,0,1,55.2,6.8,90.5,1,4,2,78.6,3,1,0,2,77.67
5.4,5,1,1,1,1,1,48.0,8.0,49.3,0,5,1,84.9,4,1,0,2,84.01
7.67,5,3,0,0,0,1,62.8,6.7,70.4,1,6,0,69.7,1,1,2,0,44.36
8.99,5,3,1,1,0,1,70.2,7.9,76.4,2,3,1,93.5,3,1,0,2,83.7
7.7,2,1,1,0,1,0,79.9,6.6,99.4,1,4,0,72.9,2,1,0,0,71.98
6.76,4,2,1,1,1,1,43.5,9.1,47.2,0,3,0,78.5,4,1,0,1,92.01
5.43,4,3,0,0,0,0,44.5,8.8,46.0,0,5,0,47.2,0,1,2,3,41.99
5.31,3,2,1,0,0,0,56.8,4.1,72.0,2,2,0,49.8,1,1,2,1,48.92
7.28,0,1,0,0,0,0,16.4,7.8,97.9,2,3,1,58.7,0,1,2,3,42.13
5.01,5,3,1,0,0,1,52.2,5.7,85.2,1,2,0,61.5,2,1,0,2,78.95
5.14,4,3,1,0,1,0,78.2,4.6,92.5,0,3,1,50.8,2,0,0,3,0.0
9.74,4,3,1,0,0,1,88.2,9.9,82.4,1,1,0,62.0,2,1,0,1,87.14
8.87,0,2,0,0,1,0,86.1,5.7,67.6,0,1,1,36.6,1,1,2,2,48.02
8.48,5,1,1,0,1,0,11.6,4.1,44.0,0,2,0,44.8,2,1,1,1,59.56
6.16,1,2,1,1,0,1,10.8,7.9,56.7,2,2,0,85.4,3,1,1,0,58.42
8.08,4,2,0,0,0,0,13.0,9.0,59.5,1,5,3,60.6,0,0,0,3,0.0
8.51,3,1,1,1,0,1,20.3,6.3,64.0,0,6,0,83.5,3,1,0,3,78.4
7.58,0,2,0,0,0,0,15.5,4.1,66.0,1,5,1,45.3,0,0,0,3,0.0
9.88,3,1,1,0,0,1,33.1,8.6,42.4,0,4,1,62.2,2,1,0,1,83.97
8.1,1,3,1,0,0,0,76.1,5.0,55.1,2,5,0,70.5,1,1,2,0,41.36
8.55,3,2,0,0,0,0,19.9,6.8,84.9,0,2,0,27.1,0,0,0,3,0.0
7.81,5,1,1,0,1,0,53.4,9.1,83.7,2,4,0,87.7,2,1,0,1,82.91
7.28,3,3,0,1,1,1,92.8,5.7,62.9,1,5,0,84.6,3,1,0,3,76.28
5.75,1,3,1,1,1,0,59.0,8.0,87.3,1,4,0,81.8,3,1,0,1,67.39
8.68,4,3,0,1,1,0,52.5,5.9,62.5,1,1,0,50.8,2,1,0,0,85.68
7.91,3,1,1,1,0,0,29.8,8.9,50.2,1,6,0,90.3,2,1,0,3,79.36
8.62,5,1,1,1,0,1,43.8,4.3,55.5,3,2,1,82.4,3,1,0,3,70.56
7.53,0,3,1,0,0,0,4.1,9.2,89.6,1,3,0,58.6,1,0,0,3,0.0
8.81,0,3,0,1,1,0,53.2,8.4,81.0,0,4,0,67.2,2,1,0,1,75.98
5.73,1,1,1,1,0,0,74.1,6.3,44.3,0,6,0,70.3,2,1,0,0,75.06
7.12,2,2,1,0,0,0,42.4,6.4,67.6,0,5,0,54.2,1,1,2,0,35.02
6.29,3,3,0,1,0,0,81.6,5.7,76.3,3,1,0,64.2,1,1,2,0,51.09
7.06,2,3,0,1,0,1,76.1,6.2,98.7,2,5,1,79.6,2,1,0,0,92.02
6.16,2,2,1,1,0,1,0.2,7.4,76.9,0,5,0,77.5,3,1,0,3,69.87
8.09,3,3,0,1,1,1,89.1,9.5,51.3,2,1,0,79.6,3,1,1,1,77.77
8.26,3,2,0,0,1,1,99.0,4.5,60.9,2,2,0,62.3,2,1,0,2,90.76
8.28,1,2,1,1,0,1,9.2,5.5,95.5,0,2,0,55.7,3,1,1,0,66.73
9.87,5,3,1,1,0,1,94.9,9.9,76.8,2,3,0,90.3,3,1,0,2,92.22
9.68,2,3,1,1,1,1,11.8,7.9,49.4,2,5,0,111.4,4,1,0,0,76.93
7.68,2,2,1,0,1,0,75.7,9.0,92.0,0,6,1,78.4,2,1,0,1,70.27
6.63,2,2,1,1,1,0,91.9,6.3,90.3,1,1,0,63.3,3,1,0,1,82.25
8.72,5,1,0,0,0,0,64.8,5.7,42.5,3,5,0,73.8,0,1,2,0,50.26
9.91,2,1,1,1,0,0,95.4,4.8,92.5,1,1,1,54.1,2,1,0,0,76.72
8.85,5,3,0,0,0,0,92.4,5.0,64.8,1,2,0,37.6,0,0,0,3,0.0
9.25,3,2,1,1,0,1,19.1,7.2,63.7,1,4,0,78.4,3,1,1,0,69.25
7.92,5,2,1,0,0,0,24.9,9.6,46.5,2,3,0,78.2,1,1,2,1,47.29
6.15,5,1,1,1,0,0,71.7,5.7,45.8,3,4,1,87.7,2,1,1,0,68.37
7.15,4,3,0,1,0,0,57.3,9.6,52.5,0,4,3,53.9,1,0,0,3,0.0
8.42,1,2,0,0,0,1,58.3,5.0,76.9,0,1,0,30.1,1,1,2,0,39.97
5.86,4,2,0,1,1,1,47.5,8.2,67.3,1,4,1,81.9,3,1,1,1,61.66
6.14,0,3,1,0,0,0,27.8,6.8,97.0,1,4,0,56.3,1,1,2,0,39.21
8.76,1,1,0,0,0,0,27.6,7.4,71.5,1,3,0,48.3,0,0,0,3,0.0
8.55,4,3,1,0,0,0,21.0,6.2,85.3,1,1,0,46.5,1,0,0,3,0.0
9.55,1,2,0,1,0,1,56.6,4.7,66.2,1,5,0,70.5,2,1,1,1,72.46
5.95,1,2,1,0,0,0,54.6,7.2,91.0,1,5,3,63.5,1,0,0,3,0.0
6.75,2,1,1,1,0,0,29.6,9.3,49.2,1,3,0,73.8,2,1,0,3,85.11
6.11,3,3,1,0,1,1,67.8,5.9,93.6,0,2,2,58.9,3,0,0,3,0.0
7.21,2,3,1,1,0,0,42.1,8.0,56.0,2,3,0,78.4,2,1,0,3,91.51
6.08,5,2,1,0,0,0,85.1,7.1,86.9,0,1,0,31.6,1,0,0,3,0.0
5.12,4,2,0,1,1,0,8.1,8.2,73.2,0,2,0,50.3,2,1,0,2,77.27
9.99,2,1,0,1,0,1,41.0,8.0,99.7,0,1,3,53.4,2,0,0,3,0.0
5.49,3,3,1,1,1,1,61.5,4.7,66.5,1,6,0,95.8,4,1,0,3,84.2
9.95,0,1,1,0,0,1,52.2,9.9,66.0,2,1,0,79.7,2,1,0,1,87.8
8.52,2,2,1,1,0,0,29.9,8.7,87.6,1,6,0,85.7,2,1,1,3,69.91
9.35,5,3,1,0,0,1,68.6,9.1,94.3,0,5,0,68.5,2,1,1,0,64.28
9.69,5,3,0,0,1,1,77.8,6.3,56.5,1,2,1,60.3,2,1,0,3,77.82
7.55,4,2,1,0,1,1,23.6,4.2,50.3,1,2,3,64.8,3,0,0,3,0.0
5.9,0,2,1,0,1,0,19.7,7.7,94.9,0,4,2,59.5,2,0,0,3,0.0
6.0,1,2,0,0,1,1,12.0,4.8,96.1,1,6,0,70.5,2,1,0,2,77.76
5.17,3,2,1,1,0,1,65.7,6.3,87.8,2,3,0,86.4,3,1,1,3,56.7
6.23,2,1,0,0,0,0,66.7,6.6,51.3,1,3,0,42.2,0,1,2,1,46.38
5.47,4,1,1,0,0,1,88.8,5.6,56.1,2,1,0,64.2,2,1,0,0,81.04
8.35,0,1,1,0,0,0,8.6,9.6,91.7,1,1,0,51.7,1,1,2,2,47.26
5.46,2,1,0,0,0,0,26.9,9.4,85.2,0,2,1,39.2,0,0,0,3,0.0
5.9,5,3,1,1,0,1,94.4,8.3,95.4,1,5,0,86.2,3,1,1,0,53.21
9.63,4,1,0,1,0,1,52.1,6.7,93.5,1,6,0,79.4,2,1,0,3,88.26
9.61,4,1,1,0,0,0,27.6,7.2,54.0,2,5,0,75.4,1,1,2,2,47.91
5.21,0,1,1,0,0,0,98.2,9.7,89.5,0,3,0,54.7,1,1,2,0,48.3
7.06,5,3,1,1,1,1,94.6,6.6,44.2,0,4,0,79.0,4,1,1,0,63.02
5.44,2,2,0,0,0,0,9.4,9.4,89.7,1,2,0,49.7,0,0,0,3,0.0
7.92,4,1,1,0,0,0,8.0,5.8,52.1,0,6,0,58.4,1,1,2,1,44.66
9.84,5,3,1,0,1,0,15.2,6.3,60.0,1,6,1,74.7,2,1,0,0,83.79
7.84,5,2,0,0,1,0,66.0,8.8,71.8,1,5,0,70.7,1,1,2,1,39.48
8.34,4,1,0,0,1,1,34.6,10.0,58.6,0,4,0,73.6,2,1,1,0,62.38
7.03,4,1,1,0,1,0,54.4,6.1,95.3,1,6,0,81.0,2,1,0,3,72.72
7.66,4,3,0,1,1,0,74.0,7.9,56.2,0,3,0,55.4,2,1,0,2,76.45
5.26,4,1,1,1,0,0,8.3,5.0,66.9,2,5,1,83.9,2,1,0,0,80.57
7.97,3,1,1,1,1,1,2.1,8.4,59.9,2,3,0,103.9,4,1,0,2,92.96
8.78,4,2,1,1,1,1,5.6,4.9,72.5,3,5,0,111.2,4,1,0,1,92.44
9.3,4,2,1,1,0,0,59.6,5.6,88.4,2,1,0,64.7,2,1,0,1,85.89
8.52,4,1,0,1,0,0,12.8,4.8,75.3,0,4,0,42.9,1,0,0,3,0.0
9.2,2,1,1,0,0,0,1.7,5.8,52.6,0,6,0,53.1,1,1,2,2,45.37
9.27,4,3,0,1,1,0,16.4,6.3,85.6,2,3,0,78.6,2,1,0,0,82.98
7.89,3,3,1,1,0,1,24.3,5.3,44.5,1,1,0,57.9,3,1,1,3,65.63
5.29,3,1,0,0,0,0,8.3,6.8,71.8,1,6,0,64.4,0,1,2,1,42.81
7.63,0,1,1,1,1,0,11.4,4.3,92.0,0,5,0,71.7,3,1,0,3,66.09
7.11,1,2,1,1,1,1,34.3,7.1,89.6,1,3,0,88.0,4,1,0,3,70.37
6.58,4,3,0,0,0,0,97.1,4.1,57.0,3,6,0,76.4,0,1,2,3,48.26
6.41,5,2,1,0,0,1,16.1,4.1,61.5,0,2,1,38.9,2,0,0,3,0.0
7.69,0,3,1,0,1,0,87.1,6.5,59.6,3,5,0,91.6,2,1,0,0,80.43
6.82,4,3,1,1,0,1,70.0,8.9,48.2,1,6,0,93.9,3,1,0,3,79.46
8.33,3,3,1,0,0,0,42.6,10.0,66.8,0,1,0,48.8,1,1,2,0,38.19
8.29,2,1,0,1,0,1,7.5,8.3,60.2,1,2,1,63.6,2,1,1,3,60.57
8.5,5,3,1,0,0,0,31.6,9.7,69.4,3,1,0,76.7,1,1,2,3,54.29
7.02,3,3,0,1,0,0,85.2,6.3,49.1,1,6,0,66.6,1,1,2,1,47.42
6.97,2,1,1,0,0,1,13.0,5.1,98.3,2,2,0,62.1,2,1,0,2,82.64
7.04,5,3,0,1,0,0,44.9,8.6,44.3,2,1,0,57.1,1,1,2,3,49.32
9.35,4,2,0,0,1,0,66.5,5.1,70.4,3,3,1,70.3,1,1,2,1,44.63
6.34,4,2,0,1,0,0,73.0,7.7,51.0,0,4,3,52.2,1,0,0,3,0.0
8.7,2,2,1,1,0,0,31.5,9.5,61.0,1,4,3,79.6,2,1,0,0,78.99
5.97,4,3,1,0,1,0,60.7,4.8,40.0,2,4,1,70.7,2,1,1,0,49.69
9.18,4,2,0,0,0,1,96.5,5.3,46.5,0,2,0,38.2,1,1,2,3,38.78
8.04,0,3,1,0,0,0,13.4,7.5,52.0,0,4,0,54.7,1,0,0,3,0.0
7.62,5,1,0,1,0,1,30.9,6.5,89.6,3,5,1,89.6,2,1,1,2,54.85
6.69,3,3,1,0,1,0,78.3,8.1,83.9,0,6,0,78.6,2,1,0,2,76.86
5.6,3,3,0,0,1,0,96.4,9.0,55.7,0,3,1,56.2,1,0,0,3,0.0
7.29,2,2,1,0,0,1,70.0,4.7,92.0,2,3,0,65.2,2,1,0,3,74.93
5.12,0,2,1,1,0,1,76.6,6.1,64.8,2,6,0,97.7,3,1,1,3,65.2
9.45,1,2,1,0,0,1,96.9,5.1,65.0,0,4,0,57.3,2,1,1,3,64.99
5.47,0,2,0,0,1,1,24.8,5.8,50.2,1,2,1,57.0,2,0,0,3,0.0
6.82,2,2,1,0,0,0,95.7,7.2,72.2,1,4,0,64.9,1,1,2,1,50.18
9.21,2,2,1,1,1,0,38.6,9.3,40.8,0,1,3,67.2,3,0,0,3,0.0
6.26,2,2,1,0,0,0,60.2,8.1,82.9,3,4,2,86.7,1,1,2,1,47.47
8.49,4,1,1,1,0,0,41.0,4.0,70.4,1,6,1,68.7,2,1,0,1,86.52
7.91,0,2,0,1,0,1,88.0,8.9,89.3,0,5,0,73.9,2,1,1,0,52.23
6.57,0,1,1,0,1,1,12.3,5.5,48.6,1,4,0,73.4,3,1,1,2,58.24
6.94,1,1,1,1,1,0,20.1,7.3,83.6,1,2,0,67.5,3,1,0,2,90.98
5.36,5,3,1,0,1,1,53.6,9.6,76.4,2,5,0,106.0,3,1,1,2,71.36
7.3,2,1,1,0,0,0,93.2,7.8,94.1,0,1,0,34.9,1,1,2,0,50.43
5.03,3,1,1,0,0,0,75.5,9.6,40.6,0,1,0,39.2,1,1,2,0,44.08
6.88,4,2,1,0,0,1,27.1,5.0,93.1,3,6,0,93.5,2,1,0,0,87.69
7.51,4,1,1,0,0,0,5.4,6.4,97.1,1,6,0,71.5,1,1,2,3,43.8
7.4,2,1,1,0,0,1,98.6,7.4,73.0,1,5,0,73.8,2,1,0,2,72.13
8.36,4,1,1,1,0,0,22.4,4.2,92.8,2,3,1,65.5,2,1,0,2,85.97
9.72,5,3,1,1,0,1,4.2,4.1,58.2,2,3,0,73.1,3,1,1,1,70.41
7.09,2,3,0,0,0,0,91.2,6.1,87.8,1,4,0,51.5,0,1,2,3,46.82
5.5,3,1,1,0,0,0,77.9,6.4,79.9,1,1,0,44.7,1,1,2,1,48.36
8.08,0,1,0,1,0,0,96.4,9.2,50.8,2,5,3,84.7,1,1,2,2,52.54
8.53,0,1,1,1,0,1,16.0,8.4,40.3,1,1,0,71.7,3,1,1,0,61.07
9.75,4,3,1,0,1,0,15.7,5.4,98.1,1,2,0,58.2,2,1,0,2,82.16
8.57,3,3,1,1,0,0,25.1,8.9,44.8,0,4,0,64.8,2,0,0,3,0.0
6.68,2,3,1,0,1,0,71.8,6.4,54.3,0,3,1,49.4,2,0,0,3,0.0
8.72,4,1,0,0,0,0,42.1,4.7,90.3,2,1,0,42.8,0,1,2,1,40.02
9.44,4,1,1,1,0,0,98.2,6.1,66.9,0,4,0,60.1,2,1,0,0,78.49
9.9,4,2,1,0,0,1,27.2,9.3,96.5,1,5,0,80.6,2,1,0,2,69.02
7.4,5,3,1,0,0,0,77.5,6.9,72.5,1,3,0,54.7,1,1,2,2,41.42
8.17,3,1,0,1,1,0,49.8,8.8,85.8,1,5,0,77.9,2,1,1,1,56.01
6.0,0,2,1,1,0,1,69.9,9.5,90.1,2,4,1,94.6,3,1,1,1,53.92
5.17,4,1,1,1,0,1,30.4,4.7,99.5,0,5,0,73.9,3,1,1,0,47.71
9.28,5,2,1,1,0,1,23.1,9.2,97.4,0,1,0,63.9,3,1,0,3,73.28
6.57,4,2,0,0,0,1,62.8,5.7,86.3,3,4,0,75.0,1,1,2,1,41.4
9.14,1,1,1,1,0,0,53.1,7.8,71.5,0,4,1,66.9,2,1,0,1,85.46
9.3,4,3,1,0,1,0,31.8,6.7,93.2,0,5,1,66.3,2,1,0,2,75.68
9.23,0,2,0,0,0,1,21.0,5.4,58.9,2,1,1,51.1,1,1,2,1,36.98
9.16,0,2,1,1,0,0,3.9,5.6,92.9,0,4,0,61.2,2,1,0,3,80.24
5.83,5,2,0,0,0,0,48.4,4.2,98.0,1,5,0,48.8,0,1,2,3,43.44
9.76,5,3,0,0,1,1,71.7,7.8,71.6,0,2,0,49.5,2,1,1,3,53.6
8.95,5,2,0,1,1,1,30.8,7.9,67.1,1,1,0,63.8,3,1,1,0,55.97
6.53,5,3,1,0,1,0,30.9,8.0,70.7,1,5,2,83.5,2,0,0,3,0.0
6.61,1,3,1,0,0,1,26.0,9.0,54.8,1,5,0,78.1,2,1,0,3,80.19
7.38,2,3,1,1,0,0,13.5,5.4,58.3,2,5,0,76.3,2,1,0,3,63.91
9.9,4,3,1,1,1,0,38.9,5.8,99.7,3,1,0,87.4,3,1,0,3,91.26
7.87,4,1,1,0,0,1,23.2,9.2,78.3,1,1,1,65.2,2,1,1,1,55.56
8.42,0,3,0,0,1,1,21.9,8.0,58.6,0,1,0,50.9,2,1,0,0,66.88
7.9,2,1,1,0,0,0,23.4,6.3,82.5,1,3,1,55.0,1,0,0,3,0.0
9.07,5,2,1,1,0,0,69.0,6.1,60.8,0,6,0,66.5,2,1,1,3,70.78
7.42,3,2,1,0,0,0,51.4,4.4,44.8,3,6,0,83.6,1,1,2,0,47.8
7.75,0,2,1,0,0,1,9.7,8.1,56.3,0,5,0,73.6,2,1,1,3,53.01
6.65,4,1,1,1,1,0,1.9,5.9,70.7,2,3,0,85.1,3,1,1,1,49.39
8.08,3,3,1,0,0,0,42.5,4.4,42.5,1,3,0,48.3,1,0,0,3,0.0
9.3,4,2,1,1,0,1,32.7,4.4,86.5,3,4,0,95.2,3,1,1,1,72.36
8.9,1,2,1,1,0,0,84.0,4.5,61.6,3,5,1,85.2,2,1,0,3,86.66
9.43,4,1,0,1,0,0,53.3,8.6,53.3,0,6,3,67.7,1,1,2,2,48.29
5.55,4,2,1,1,1,1,50.5,9.6,85.2,0,5,1,95.9,4,1,0,0,84.68
6.64,3,2,1,0,1,1,40.6,5.7,61.6,0,4,0,71.9,3,1,0,3,83.1
7.97,1,2,1,0,0,0,13.8,9.6,72.6,2,2,0,67.1,1,1,2,0,41.88
9.01,4,2,0,1,0,0,6.7,5.7,68.4,1,3,2,55.3,1,0,0,3,0.0
5.81,4,2,1,1,0,0,12.4,6.3,70.0,0,3,2,54.9,2,0,0,3,0.0
8.7,0,1,1,1,0,0,38.1,9.2,91.1,1,1,0,67.3,2,1,0,1,84.79
5.79,1,1,0,0,0,0,59.0,8.1,75.7,0,4,0,41.5,0,1,2,0,45.7
8.44,2,1,1,1,0,1,98.0,8.7,47.7,1,6,0,100.4,3,1,0,0,74.43
6.77,3,2,1,0,0,0,3.5,7.7,60.7,1,4,0,59.8,1,1,2,3,35.03
5.46,0,3,1,0,0,1,71.3,5.1,60.9,0,2,0,45.6,2,1,0,0,79.83
8.56,2,3,0,1,0,1,2.3,7.1,45.8,0,5,0,63.6,2,0,0,3,0.0
9.27,5,2,1,0,1,1,77.5,4.8,59.2,1,6,0,81.8,3,1,1,2,72.37
8.87,3,1,0,1,1,0,69.8,6.8,65.7,1,5,0,71.6,2,1,1,0,69.7
5.87,2,1,1,0,0,1,63.1,7.7,79.2,1,3,0,65.4,2,1,1,0,64.58
6.99,5,1,0,0,0,1,86.1,6.6,50.8,0,5,0,49.9,1,1,2,2,49.39
7.69,0,1,0,1,0,1,56.9,4.4,99.8,1,6,0,76.2,2,1,0,0,76.37
7.31,0,1,1,1,0,0,9.9,5.1,45.3,0,5,3,63.2,2,0,0,3,0.0
7.75,5,1,1,0,0,1,68.6,5.7,70.9,1,1,0,49.9,2,1,0,0,65.37
6.26,0,2,1,1,0,0,94.3,5.9,51.8,1,2,0,60.3,2,1,0,3,75.24
5.62,2,3,1,0,0,0,52.4,7.3,69.4,0,4,1,54.9,1,0,0,3,0.0
6.67,3,2,0,1,0,0,40.2,5.2,75.0,2,3,1,60.2,1,1,2,0,38.72
9.96,2,2,0,0,0,0,38.8,5.2,96.3,3,4,1,62.8,0,1,2,2,42.45
8.97,5,3,1,1,1,0,26.6,6.1,91.4,2,6,0,103.3,3,1,0,2,72.14
5.12,3,2,1,1,1,1,11.1,6.2,73.3,2,6,1,109.1,4,1,1,3,55.39
9.45,5,1,1,1,0,0,57.7,5.5,85.9,1,1,0,48.8,2,1,0,2,88.64
6.63,4,2,0,1,0,0,54.6,4.2,40.3,0,3,1,35.9,1,0,0,3,0.0
7.75,2,3,1,0,0,1,26.1,5.4,93.4,1,1,0,52.2,2,1,1,3,57.96
6.49,1,3,1,0,1,0,65.6,8.0,95.9,1,1,2,54.7,2,0,0,3,0.0
5.76,1,2,1,0,0,0,67.4,6.8,92.4,1,5,1,67.2,1,1,2,1,40.55
6.13,4,1,1,1,0,1,6.9,7.4,57.8,1,1,0,68.9,3,1,0,2,89.17
5.63,5,2,1,1,1,0,73.8,4.4,78.0,1,4,0,68.5,3,1,1,0,48.56
6.09,3,1,1,1,1,1,71.3,8.6,73.7,1,3,0,87.8,4,1,1,2,57.26
9.74,0,2,0,1,0,1,19.4,7.4,46.6,0,4,0,60.1,2,1,1,2,54.41
8.13,4,1,0,0,1,0,24.1,6.1,71.8,0,5,0,51.7,1,1,2,3,45.95
7.52,5,1,1,1,0,0,70.0,7.3,84.0,0,5,0,70.4,2,1,1,3,68.88
7.68,4,2,0,0,1,1,10.4,9.9,45.0,1,6,0,91.9,2,1,1,0,63.52
6.11,4,1,1,1,0,1,12.5,8.8,41.3,0,2,0,66.6,3,1,0,2,77.02
6.97,4,1,1,0,1,1,59.3,5.2,77.6,2,6,1,98.5,3,1,1,0,61.4
6.05,1,2,0,0,0,0,30.9,9.6,58.8,1,5,0,63.4,0,1,2,2,36.93
7.75,4,2,1,1,1,0,5.6,9.9,93.0,0,4,1,74.9,3,1,0,1,88.96
7.13,1,2,0,1,1,1,88.5,5.6,44.5,1,2,0,65.2,3,1,1,2,59.98
7.78,0,3,1,0,0,1,65.4,8.1,54.7,0,5,2,68.4,2,1,0,3,73.16
6.47,2,3,0,0,0,1,81.4,9.0,65.7,0,6,0,66.3,1,1,2,0,42.09
5.02,3,2,0,1,0,0,69.9,4.2,69.2,1,4,0,55.8,1,1,2,0,36.65
8.87,1,3,1,1,0,0,72.1,7.3,70.1,2,1,0,65.4,2,1,0,0,92.73
8.73,5,1,0,1,0,0,72.9,9.9,83.7,0,4,0,63.8,1,1,2,0,51.25
6.18,5,1,0,1,0,0,75.3,8.9,64.7,1,4,2,70.3,1,1,2,1,43.79
8.11,0,2,1,1,0,0,44.6,8.4,67.2,1,3,0,69.0,2,1,0,3,72.19
8.69,2,2,1,0,0,0,20.2,7.3,87.6,1,1,0,51.1,1,0,0,3,0.0
7.05,5,2,1,1,1,1,26.8,6.3,78.0,2,2,2,89.2,4,1,1,3,53.67
5.74,1,2,0,1,0,1,51.9,5.9,91.9,1,4,0,63.3,2,1,0,2,75.5
6.06,5,2,1,0,1,0,9.3,7.6,48.2,0,6,1,72.7,2,0,0,3,0.0
5.84,2,1,1,1,0,0,35.8,9.9,79.1,1,3,0,72.3,2,1,0,1,85.87
8.12,5,1,1,0,1,0,1.0,5.6,56.7,0,3,0,51.8,2,1,0,1,68.93
5.37,4,2,1,1,0,0,22.3,9.3,79.0,0,3,1,59.5,2,1,1,1,65.15
9.96,0,3,1,0,0,1,97.6,4.4,60.4,1,5,2,71.2,2,1,0,0,88.49
5.41,3,3,1,0,0,0,4.8,7.1,66.1,2,6,0,77.9,1,1,2,3,47.42
9.86,3,3,1,1,0,1,50.0,6.8,57.9,0,1,0,50.6,3,1,0,0,73.95
5.5,2,1,0,0,1,1,52.2,8.9,48.1,1,3,0,75.5,2,1,0,1,72.12
8.06,4,3,1,1,0,1,19.2,9.5,92.1,2,2,0,90.0,3,1,0,3,81.6
7.3,1,1,1,1,0,1,83.8,5.9,42.4,2,1,1,74.7,3,1,3,0,107.92
10.0,0,2,1,0,0,0,91.8,7.1,94.1,1,5,1,64.1,1,1,2,3,53.02
8.98,3,1,0,1,0,0,96.4,7.6,92.1,2,6,0,83.9,1,1,2,3,55.43
9.65,3,1,0,1,0,0,39.0,9.8,97.6,0,1,0,42.7,1,1,2,0,43.74
6.03,2,1,0,0,1,1,8.2,5.3,53.9,0,4,0,57.2,2,1,1,0,48.69
8.05,4,2,0,0,0,1,99.1,5.5,88.5,2,5,0,75.7,1,1,2,3,53.34
8.65,3,3,0,1,0,0,61.6,5.7,56.2,0,6,0,60.9,1,1,2,1,38.5
5.84,3,2,1,0,0,1,79.3,5.6,58.1,1,2,3,56.4,2,0,0,3,0.0
8.81,4,2,1,1,0,0,41.9,4.6,72.2,0,4,1,54.7,2,1,1,1,49.96
5.68,5,1,1,1,0,0,85.8,6.7,89.8,3,3,1,86.0,2,1,0,0,95.79
9.75,4,3,1,0,0,0,83.0,5.5,48.4,2,4,1,69.0,1,1,2,0,44.08
9.39,5,2,0,1,0,0,3.1,6.1,69.1,0,3,1,41.7,1,0,0,3,0.0
5.06,0,1,1,1,0,0,86.6,5.7,71.6,1,6,0,77.0,2,1,0,2,88.78
7.2,0,3,1,0,1,0,62.1,7.2,67.0,1,5,0,75.2,2,1,1,2,57.55
8.04,4,3,0,1,0,0,84.1,5.3,44.1,1,6,0,68.1,1,1,2,3,48.93
7.15,3,1,1,0,1,0,84.9,5.8,79.6,0,6,1,68.5,2,1,1,1,70.56
5.7,0,1,0,1,0,0,59.7,6.4,92.2,0,1,0,36.6,1,1,2,3,39.15
9.04,4,1,0,1,1,0,89.9,4.7,99.8,1,5,0,65.1,2,1,1,1,56.52
5.05,2,2,1,1,0,0,96.7,4.8,92.4,0,3,0,51.5,2,1,0,0,83.6
9.39,1,3,1,0,0,1,89.0,8.8,62.4,1,6,0,81.9,2,1,0,2,81.69
7.51,0,1,1,1,1,0,56.5,4.4,44.3,2,5,0,85.6,3,1,1,0,63.9
9.84,2,1,0,1,0,0,99.0,8.1,40.8,2,6,2,88.9,1,1,2,2,49.81
9.51,5,1,1,0,0,0,59.7,7.8,44.8,2,2,0,65.0,1,1,2,2,49.0
8.32,5,1,1,1,0,0,36.4,5.8,77.5,0,1,0,42.9,2,1,0,1,87.15
8.38,4,2,1,1,0,1,9.7,9.8,89.1,0,1,2,66.7,3,0,0,3,0.0
9.08,3,1,1,1,0,0,56.1,8.0,86.3,1,5,0,83.8,2,1,1,0,71.38
6.38,5,2,0,1,0,0,36.7,8.2,64.5,1,1,0,46.1,1,0,0,3,0.0
7.06,5,3,0,0,1,0,5.1,8.1,63.2,2,5,0,74.7,1,1,2,2,49.85
6.89,5,2,1,0,1,1,72.4,5.8,88.8,2,3,2,80.3,3,1,1,1,66.39
5.81,0,2,0,0,1,0,35.8,8.4,60.8,2,2,0,62.2,1,1,2,0,42.13
9.62,4,3,0,0,1,0,18.8,9.5,93.0,0,3,1,51.2,1,0,0,3,0.0
5.2,1,3,1,0,0,1,45.4,4.6,70.3,1,1,0,44.1,2,0,0,3,0.0
5.79,0,2,1,1,0,0,12.8,6.3,49.0,0,5,0,59.5,2,1,0,1,78.46
6.53,1,2,1,1,1,0,44.9,4.4,71.5,1,4,0,73.5,3,1,0,2,71.72
9.94,3,2,0,0,0,0,62.4,4.4,47.4,3,2,1,55.4,0,1,2,1,48.12
8.08,1,2,1,1,0,0,67.8,5.4,91.2,2,1,0,60.2,2,1,0,3,84.35
7.06,2,3,1,0,0,0,76.0,7.8,68.8,1,3,0,58.0,1,1,2,0,40.65
5.07,2,3,1,0,0,1,98.6,6.9,80.2,0,4,0,56.7,2,1,1,3,49.0
9.91,3,1,1,1,0,0,13.5,7.7,74.6,3,2,1,84.0,2,1,0,0,88.37
5.91,1,2,0,1,0,0,41.1,7.4,52.7,0,3,0,49.6,1,0,0,3,0.0
5.94,4,1,1,1,1,0,56.8,7.7,57.6,0,6,0,83.1,3,1,0,3,73.7
5.29,4,3,0,0,1,1,57.1,5.8,52.4,1,3,0,65.1,2,1,1,1,46.94
6.24,0,1,1,0,0,0,35.1,5.7,41.7,3,4,0,78.0,1,1,2,2,41.76
5.78,5,1,1,1,1,0,63.4,5.3,57.3,1,6,0,87.8,3,1,1,1,51.4
7.72,0,2,0,1,0,0,80.5,8.3,89.7,1,1,0,46.0,1,1,2,1,43.43
8.26,4,3,1,1,0,1,49.2,6.1,68.6,0,2,0,57.1,3,1,1,2,56.25
8.16,2,2,0,1,1,0,13.5,8.5,76.7,0,6,0,78.3,2,1,1,0,50.68
9.86,5,1,1,1,1,1,54.5,8.5,51.5,0,2,2,73.5,4,1,0,3,75.42
7.39,3,2,1,1,0,1,43.1,6.5,93.1,0,5,0,70.8,3,1,1,2,54.37
8.69,1,3,1,0,1,0,53.6,7.1,71.9,2,5,0,88.2,2,1,0,0,85.69
5.88,1,1,1,1,0,0,56.2,9.4,70.6,0,2,0,62.8,2,1,0,3,81.22
9.35,1,1,0,1,0,1,67.7,4.8,61.4,2,6,0,84.0,2,1,1,0,63.82
6.62,4,2,1,1,0,0,57.7,4.0,84.1,2,3,1,63.2,2,1,0,1,73.82
6.1,2,1,0,1,1,1,92.2,4.4,85.9,1,3,0,66.1,3,1,3,2,110.1
9.28,0,2,1,1,1,0,90.6,4.2,83.1,1,5,1,76.5,3,1,1,3,57.2
6.78,4,2,1,1,0,1,32.4,9.3,96.1,0,2,0,65.0,3,1,1,3,54.78
6.61,1,2,1,1,0,0,60.6,4.3,46.6,1,1,0,44.8,2,0,0,3,0.0
9.1,1,2,1,1,0,0,43.1,4.7,55.2,2,3,0,67.4,2,1,0,3,88.02
6.24,4,2,1,1,0,0,14.5,5.3,53.1,2,4,1,75.8,2,1,0,3,75.38
9.11,1,2,1,1,0,1,69.0,8.6,41.1,2,4,0,93.3,3,1,1,1,76.25
8.33,0,1,1,1,0,0,19.2,5.9,64.0,2,4,0,74.5,2,1,0,0,85.84
7.64,3,1,1,1,0,1,24.5,9.0,48.9,1,6,0,92.8,3,1,0,3,84.97
7.95,2,1,1,1,0,1,95.5,8.3,48.3,2,2,1,86.9,3,1,0,2,90.49
5.58,4,1,1,0,0,1,32.5,9.2,65.8,0,6,1,82.3,2,1,1,3,47.99
9.24,2,1,1,0,1,1,70.0,6.8,65.0,1,1,0,64.7,3,1,0,1,90.54
5.21,3,1,1,1,0,0,6.5,6.9,67.4,0,6,0,72.8,2,1,0,2,73.67
6.48,1,2,1,1,0,0,15.8,6.7,41.0,2,1,0,63.8,2,1,0,0,69.92
9.12,5,2,1,0,0,0,42.0,6.9,61.0,1,2,0,48.3,1,1,2,0,50.77
9.07,0,1,1,1,0,1,31.9,9.8,68.5,3,4,0,114.4,3,1,0,3,81.04
7.28,5,1,0,1,0,0,74.5,7.4,46.6,2,6,0,83.3,1,1,2,1,53.22
9.89,4,2,0,1,0,0,74.4,9.8,49.2,0,5,0,63.8,1,1,2,0,41.9
5.55,5,2,0,0,1,0,66.2,7.5,80.5,2,3,0,69.5,1,1,2,1,43.6
5.43,3,3,0,0,0,0,9.9,6.6,94.6,1,3,0,41.8,0,0,0,3,0.0
6.36,0,2,1,1,0,0,99.4,6.7,44.1,1,6,1,79.6,2,1,1,0,64.78
5.4,5,2,0,1,0,0,18.8,4.7,59.1,1,3,2,49.3,1,0,0,3,0.0
5.07,0,2,1,1,0,0,41.8,7.4,81.3,0,1,0,50.9,2,0,0,3,0.0
9.56,2,1,0,0,0,1,11.3,9.0,93.9,1,3,0,66.2,1,1,2,3,41.15
9.05,5,3,0,1,0,1,68.4,6.5,65.6,0,3,1,55.3,2,0,0,3,0.0
7.67,0,2,1,1,0,0,64.8,4.4,95.1,2,3,0,68.7,2,1,0,3,72.7
7.88,3,3,1,1,1,1,16.9,9.7,50.3,2,6,0,121.2,4,1,0,1,72.18
6.95,2,3,0,1,1,0,96.5,6.5,50.1,0,5,1,63.4,2,1,0,1,87.09
7.58,3,2,1,1,0,0,55.2,7.3,92.6,0,2,0,48.4,2,1,0,0,86.31
5.45,1,1,0,1,1,0,98.7,7.4,88.4,0,1,1,42.3,2,1,0,1,73.74
9.04,1,3,1,1,1,1,18.2,7.8,48.9,1,1,0,78.2,4,1,1,0,64.85
9.15,3,2,1,0,0,1,74.8,6.2,86.7,0,6,1,64.9,2,1,0,2,84.15
9.51,5,1,1,1,0,1,97.8,4.8,47.5,1,4,0,70.0,3,1,3,2,91.31
6.07,4,2,0,0,0,0,68.6,4.9,94.5,0,3,0,31.3,0,1,2,1,41.26
9.44,3,1,1,0,0,0,83.6,5.1,100.0,0,4,1,45.8,1,1,2,3,45.18
9.15,0,1,1,1,1,1,82.1,8.9,79.6,1,5,0,98.0,4,1,0,0,91.54
8.36,5,3,1,0,1,1,33.2,8.5,78.4,0,2,0,61.0,3,1,0,3,74.21
6.15,0,3,1,1,1,1,82.1,4.4,93.2,0,2,2,64.4,4,0,0,3,0.0
8.53,1,3,1,1,0,0,83.2,7.7,67.1,0,3,0,55.0,2,1,0,0,68.89
8.56,5,3,1,1,0,0,15.1,5.1,67.0,0,5,3,55.9,2,0,0,3,0.0
8.73,0,2,1,1,0,0,67.2,5.9,60.6,1,5,1,70.1,2,1,1,1,61.89
7.19,5,3,1,1,1,1,76.2,9.9,87.8,1,3,1,91.4,4,1,1,0,60.9
9.7,0,1,1,1,1,0,18.2,9.4,87.2,0,5,0,86.3,3,1,0,3,85.2
8.43,5,3,1,0,0,0,18.0,4.7,42.3,0,5,0,44.7,1,1,2,0,42.42
7.44,4,3,0,1,0,0,19.1,7.6,66.1,0,5,0,53.4,1,0,0,3,0.0
9.42,1,1,1,0,0,0,93.5,7.5,93.4,2,5,2,78.6,1,1,2,2,53.88
5.79,1,2,0,1,0,1,61.2,7.4,73.6,1,3,0,67.3,2,1,0,2,67.33
6.31,2,3,1,0,1,1,16.2,9.9,56.0,0,5,0,87.5,3,1,0,1,68.93
6.54,3,1,1,1,0,0,28.3,7.3,86.3,0,4,0,64.8,2,1,0,2,70.06
9.99,4,3,1,0,1,0,51.1,4.2,96.4,2,1,1,62.1,2,1,0,0,71.7
6.86,4,3,0,1,0,0,82.5,8.9,47.1,0,6,2,67.2,1,0,0,3,0.0
9.32,2,3,1,0,1,0,57.2,9.7,57.7,0,4,0,71.6,2,1,1,0,63.19
6.23,3,1,1,1,0,0,37.0,9.9,53.6,1,4,0,79.4,2,1,1,3,73.93
9.3,4,3,0,0,0,1,76.1,7.8,51.6,3,3,1,75.1,1,1,2,1,45.52
5.53,2,1,1,0,0,1,63.5,7.0,47.6,1,3,0,69.9,2,1,0,0,67.95
8.02,2,3,1,1,1,1,70.0,6.6,69.3,2,5,0,108.8,4,1,1,2,74.81
7.82,0,1,1,0,0,1,0.0,4.5,72.5,2,2,0,67.9,2,1,0,2,77.46
5.68,0,1,1,0,0,0,13.7,6.3,65.0,1,4,2,58.1,1,0,0,3,0.0
9.8,0,2,1,1,0,1,52.2,6.9,50.7,1,3,0,79.1,3,1,0,1,77.49
5.97,0,2,1,1,0,0,79.9,5.4,59.6,1,6,0,72.8,2,1,0,0,89.21
9.42,0,3,0,1,0,0,28.9,6.4,66.3,0,6,0,63.7,1,0,0,3,0.0
7.17,5,2,0,0,0,0,1.5,5.0,60.1,0,3,2,28.2,0,0,0,3,0.0
7.59,5,1,1,1,0,1,58.6,8.6,85.3,1,2,0,76.9,3,1,1,3,53.1
8.38,1,3,0,0,0,0,57.6,8.6,72.9,1,1,0,44.1,0,0,0,3,0.0
8.94,2,1,1,0,1,1,84.1,7.9,47.4,1,5,0,85.9,3,1,0,0,72.88
9.89,0,2,0,0,0,0,25.9,9.7,48.4,0,2,0,44.0,0,0,0,3,0.0
8.14,4,2,0,0,0,1,47.5,6.7,48.2,1,4,0,55.2,1,1,2,1,39.57
7.37,5,2,1,1,0,0,63.3,5.8,96.2,0,5,0,66.7,2,1,0,2,81.12
9.3,5,1,0,1,0,0,47.3,5.4,65.0,3,6,3,85.9,1,1,2,2,39.11
6.78,4,1,0,1,0,0,60.6,4.8,92.0,2,1,0,45.3,1,1,2,0,43.81
5.07,4,3,0,1,0,0,97.4,6.1,76.4,2,4,1,69.3,1,1,2,1,52.36
8.2,3,3,1,1,0,0,40.7,6.5,89.9,2,1,0,65.7,2,1,1,0,51.4
8.04,0,2,0,0,0,0,54.8,6.3,68.0,1,1,0,34.8,0,0,0,3,0.0
8.63,3,2,1,0,0,1,68.9,5.1,63.5,1,4,0,65.8,2,1,0,2,89.58
7.04,5,2,0,0,1,1,32.5,9.6,70.1,2,2,0,83.8,2,1,0,1,88.61
6.72,4,1,0,1,0,1,46.2,5.3,60.3,0,1,2,41.6,2,0,0,3,0.0
8.82,5,3,1,1,0,0,38.3,6.0,41.3,0,6,0,66.4,2,1,0,3,79.01
9.81,5,3,1,1,0,0,47.8,7.7,47.8,2,6,1,95.0,2,1,0,2,73.33
8.49,1,1,1,1,1,1,27.0,9.1,97.5,2,1,0,95.3,4,1,0,3,83.92
6.05,5,2,1,1,0,0,43.7,5.4,54.4,0,1,0,40.7,2,1,1,3,57.81
6.45,2,3,0,1,1,0,29.8,7.9,52.5,0,3,1,54.8,2,0,0,3,0.0
5.84,2,1,1,1,1,1,7.6,5.7,95.5,3,6,2,113.3,4,1,0,2,75.79
9.44,0,2,1,0,0,1,44.0,5.2,58.6,1,5,1,73.0,2,1,1,1,66.31
9.35,0,3,1,1,0,1,73.9,8.2,72.0,2,3,1,84.7,3,1,0,0,91.99
6.22,0,3,0,0,0,1,61.3,9.1,81.9,1,3,0,64.2,1,1,2,0,52.85
7.89,1,2,1,0,1,0,4.1,6.1,53.8,1,2,0,53.3,2,1,0,3,81.8
6.16,1,1,1,0,0,1,50.9,9.5,55.4,0,6,0,80.4,2,1,0,0,89.64
6.0,3,1,1,0,0,1,15.4,5.7,86.0,1,2,0,61.0,2,1,0,1,84.21
6.04,0,3,0,0,0,1,78.3,8.9,44.4,3,2,0,72.5,1,1,2,2,43.01
5.06,5,1,1,0,0,0,1.1,4.6,75.7,0,4,0,39.2,1,1,2,3,36.42
9.37,3,3,0,0,0,0,47.6,9.4,66.8,0,1,1,28.3,0,0,0,3,0.0
6.68,5,3,0,1,1,1,76.0,6.4,67.0,2,5,1,92.8,3,1,1,0,68.29
5.26,0,3,1,1,1,1,76.2,8.7,40.9,2,5,0,114.1,4,1,0,2,77.04
8.99,1,2,1,0,0,1,7.1,4.2,42.8,3,4,0,87.6,2,1,0,1,69.85
5.3,2,3,1,1,0,1,99.6,6.2,97.8,0,1,1,49.0,3,1,0,3,68.67
6.06,2,1,1,0,0,0,61.3,6.8,59.1,2,1,1,59.3,1,1,2,2,50.11
9.47,0,2,1,0,0,0,0.2,8.9,91.0,2,6,1,82.1,1,1,2,1,44.19
7.09,1,2,1,0,1,0,40.0,9.2,40.1,0,3,0,58.4,2,1,0,3,79.72
6.38,4,2,0,0,0,1,74.2,7.0,56.1,0,1,0,35.3,1,0,0,3,0.0
7.94,2,2,1,1,1,0,26.8,7.4,54.8,0,4,0,77.1,3,1,0,2,76.34
6.02,5,2,0,1,0,0,41.0,9.0,90.5,1,5,0,67.8,1,1,2,2,46.35
9.23,3,2,1,0,0,1,87.2,4.1,74.7,0,5,0,55.3,2,1,0,0,75.64
5.11,3,1,1,0,0,1,71.2,5.7,55.6,3,1,2,72.9,2,1,1,2,67.73
6.64,2,2,1,1,0,0,29.4,9.9,86.8,1,6,0,90.8,2,1,0,1,91.78
9.8,1,1,1,0,0,1,65.6,6.3,43.2,2,6,0,85.7,2,1,0,1,85.8
7.22,5,3,0,1,1,0,43.1,5.9,87.1,1,4,0,71.3,2,1,0,2,80.58
8.69,2,1,1,1,0,0,22.7,6.1,78.2,1,4,1,71.6,2,1,0,2,90.87
5.31,2,2,0,1,0,1,64.1,9.9,40.8,1,5,0,86.2,2,1,1,0,59.02
5.64,0,1,0,1,0,1,1.6,9.6,41.2,1,5,1,82.8,2,1,0,1,63.75
6.21,5,1,1,1,0,0,98.2,9.1,66.6,1,5,0,86.2,2,1,0,1,78.01
9.43,0,2,1,1,0,0,66.4,9.6,65.7,1,4,1,81.8,2,1,0,0,71.33
9.85,5,3,1,0,0,0,33.5,9.2,98.2,1,4,1,70.6,1,1,2,2,43.03
5.46,1,3,1,0,0,1,0.8,4.3,60.1,1,6,1,70.2,2,0,0,3,0.0
5.3,5,3,1,0,0,1,17.1,6.8,45.7,1,2,0,59.2,2,1,0,0,78.33
5.93,5,3,1,1,0,0,40.5,8.2,85.6,2,3,0,74.6,2,1,0,0,87.19
5.43,0,2,1,0,0,0,40.3,6.8,62.5,2,3,0,68.2,1,1,2,2,39.2
8.99,2,2,1,1,0,1,51.4,7.4,92.8,1,5,0,91.9,3,1,0,2,70.9
6.18,1,2,1,1,0,0,69.2,4.3,53.2,0,6,0,64.4,2,1,0,0,74.73
8.48,1,1,1,1,1,1,74.4,8.1,58.0,0,3,0,80.4,4,1,0,1,92.91
7.48,0,1,1,0,0,1,87.1,9.7,72.6,2,5,0,91.2,2,1,1,2,69.5
6.06,0,2,0,0,0,1,59.4,8.2,70.6,1,6,1,72.2,1,1,2,2,38.27
7.2,3,2,1,0,0,1,28.6,6.9,49.9,2,5,1,89.9,2,1,0,3,85.41
9.33,5,1,1,1,1,1,18.6,8.3,64.0,2,6,0,117.4,4,1,1,0,59.8
6.73,4,3,1,1,1,1,35.4,4.9,81.2,1,5,0,89.2,4,1,1,1,60.21
8.11,0,2,1,1,0,0,23.1,4.8,88.7,1,6,1,70.3,2,1,1,1,67.76
8.76,4,3,1,1,1,1,9.1,9.0,56.5,1,4,0,101.3,4,1,0,2,69.94
9.63,1,1,0,1,0,0,77.2,6.6,68.8,1,3,0,50.4,1,1,2,3,50.25
5.25,4,3,0,1,0,0,95.3,4.4,95.9,0,4,1,46.9,1,0,0,3,0.0
6.69,1,1,1,1,1,0,18.0,7.3,66.5,3,6,1,112.6,3,1,0,1,72.25
8.96,1,3,1,0,1,1,7.0,4.6,46.1,0,1,0,49.0,3,0,0,3,0.0
6.77,5,1,0,0,0,0,79.7,5.6,54.0,0,2,0,26.9,0,0,0,3,0.0
9.2,3,1,1,1,0,1,6.3,5.8,47.9,0,4,0,66.5,3,1,0,0,67.41
7.25,5,3,0,1,0,0,17.3,7.9,47.3,1,4,0,67.9,1,1,2,1,47.48
5.35,3,3,1,1,0,0,80.0,7.4,50.4,1,6,0,82.7,2,1,0,1,83.96
7.42,0,2,0,0,0,0,88.8,9.1,88.0,0,4,0,46.6,0,1,2,1,42.17
9.92,5,3,1,1,0,0,81.7,5.9,56.4,1,1,3,54.2,2,1,0,3,78.75
9.53,4,3,1,1,0,1,50.9,9.2,42.5,2,2,0,87.0,3,1,1,0,59.91
6.69,2,1,1,0,0,1,15.7,9.5,74.1,0,2,0,57.2,2,1,0,3,67.81
9.65,5,2,0,0,0,1,71.0,7.3,67.8,1,6,0,75.5,1,1,2,0,50.09
9.66,2,1,1,1,0,1,34.3,5.5,54.7,3,5,0,98.4,3,1,0,2,93.74
9.45,1,2,0,1,0,1,7.7,9.0,72.0,0,2,0,54.4,2,1,1,0,50.75
7.42,1,3,1,1,0,0,51.3,4.7,65.7,2,4,0,77.6,2,1,0,3,85.2
8.54,0,1,1,1,1,0,57.5,9.3,97.9,0,2,1,70.1,3,1,0,3,77.91
8.69,5,1,0,0,0,1,67.4,7.7,91.0,2,2,1,66.0,1,1,2,0,47.9
6.18,1,1,1,1,0,0,99.3,6.2,41.7,0,3,0,52.0,2,1,1,1,64.09
6.04,1,3,0,0,1,0,78.9,4.4,49.9,2,4,0,60.4,1,1,2,2,45.76
7.05,1,1,0,0,0,1,84.7,5.4,50.4,0,6,0,56.6,1,1,2,1,49.05
8.68,1,1,1,0,0,1,81.8,8.0,63.5,3,4,0,90.0,2,1,1,1,65.9
8.94,4,3,1,0,0,1,75.1,6.3,40.3,0,2,0,50.4,2,1,1,2,72.4
5.01,1,1,1,1,0,1,43.7,9.1,49.8,0,4,3,79.4,3,1,1,3,61.46
9.53,4,1,1,1,1,1,30.8,4.7,83.0,3,6,0,114.9,4,1,1,0,58.31
5.91,0,3,0,0,0,0,51.2,9.5,42.4,1,1,0,44.1,0,0,0,3,0.0
7.66,0,3,0,1,0,1,51.8,6.3,43.9,0,1,1,43.6,2,0,0,3,0.0
9.07,4,3,1,0,0,0,87.0,7.0,62.5,1,3,1,54.8,1,1,2,2,50.56
6.38,1,1,1,1,1,1,71.2,8.3,40.3,0,2,0,74.3,4,1,1,3,76.29
8.46,0,2,1,1,1,0,7.5,4.6,94.7,1,5,3,80.7,3,0,0,3,0.0
8.47,4,2,1,1,1,0,11.1,7.8,64.0,1,6,0,93.7,3,1,0,1,70.54
6.11,4,3,1,0,0,1,19.4,4.1,56.7,3,1,2,71.1,2,0,0,3,0.0
5.95,1,1,1,1,0,1,98.0,9.0,81.3,1,5,0,95.5,3,1,3,0,106.73
9.84,2,2,1,0,0,0,49.2,7.8,99.6,2,1,1,62.1,1,1,2,3,41.51
8.24,1,3,1,1,1,1,64.2,4.8,63.6,0,4,0,78.4,4,1,0,0,95.29
5.12,3,3,1,1,0,0,77.4,8.5,95.6,1,5,1,81.8,2,1,1,1,70.33
5.63,1,1,1,1,0,1,16.5,5.0,76.0,0,3,0,62.1,3,1,1,1,58.13
8.7,3,2,1,0,1,0,77.9,8.1,64.6,2,4,3,83.9,2,1,0,1,88.37
5.64,1,3,0,1,0,1,44.6,9.2,44.1,0,2,0,62.2,2,0,0,3,0.0
7.32,4,2,1,1,1,0,70.8,7.7,99.1,2,5,2,101.2,3,1,1,3,62.7
8.67,2,2,1,0,0,0,70.4,8.0,55.0,1,5,0,69.6,1,1,2,2,43.07
9.03,2,1,1,0,0,1,81.9,9.9,64.0,0,6,1,77.0,2,1,0,3,81.47
5.21,3,1,0,0,0,0,69.1,5.5,64.4,1,2,0,36.7,0,0,0,3,0.0
6.56,0,1,1,0,1,0,43.0,9.9,75.3,1,3,1,77.9,2,1,1,3,53.8
8.34,5,2,0,0,0,0,76.1,8.4,95.3,0,1,0,25.3,0,0,0,3,0.0
5.65,4,2,1,1,0,0,53.5,5.1,72.5,1,4,0,63.0,2,1,0,2,74.64
9.24,2,1,1,1,0,1,78.6,8.7,84.2,2,2,0,82.9,3,1,3,0,98.1
7.76,2,1,1,1,0,1,77.3,5.6,53.8,0,2,0,58.0,3,1,3,3,106.7
6.05,0,2,1,0,0,1,6.0,5.9,42.2,1,4,1,66.1,2,1,0,2,70.89
5.05,5,2,0,1,1,1,34.1,8.9,45.0,0,6,0,81.8,3,1,1,0,53.46
9.59,2,3,0,1,1,1,93.6,9.8,86.4,0,3,0,71.9,3,1,0,1,98.45
9.44,3,1,0,0,0,0,27.1,9.8,61.4,3,4,0,78.7,0,1,2,0,42.81
8.69,3,2,1,1,1,0,81.4,8.6,64.2,0,1,0,64.5,3,1,0,0,75.85
5.97,4,2,0,1,0,0,29.3,5.8,92.3,1,3,1,48.4,1,0,0,3,0.0
5.62,4,2,1,1,0,0,12.4,7.1,55.7,3,2,3,84.9,2,1,0,1,70.0
5.03,0,1,1,0,1,1,13.8,7.3,54.0,1,4,3,82.7,3,1,0,3,72.1
9.89,3,1,1,1,0,0,63.7,9.1,79.7,2,5,0,91.2,2,1,1,1,52.56
8.33,0,2,0,0,0,0,20.1,5.1,40.6,2,1,0,38.7,0,0,0,3,0.0
7.57,1,2,0,1,0,1,8.1,9.1,68.6,0,5,1,70.0,2,1,1,0,56.01
5.64,1,1,0,1,0,0,99.2,9.0,74.8,3,1,0,74.1,1,1,2,0,47.14
6.53,1,3,1,0,0,1,76.9,8.7,61.2,1,3,1,75.7,2,1,0,0,90.09
5.65,1,2,1,1,0,0,14.2,8.9,70.1,2,2,3,76.3,2,0,0,3,0.0
8.03,0,1,1,0,0,1,45.9,7.4,82.6,1,2,0,66.5,2,1,0,2,90.87
7.64,4,2,1,1,0,1,75.3,8.8,44.5,3,3,0,98.9,3,1,1,0,62.68
7.72,4,3,0,1,0,0,82.9,8.8,57.5,0,5,2,65.0,1,0,0,3,0.0
9.82,5,3,1,1,0,1,52.9,7.2,51.5,1,6,1,93.2,3,1,0,1,93.24
5.73,1,2,0,0,1,0,65.8,7.1,59.0,1,1,0,43.3,1,1,2,2,50.67
7.79,4,1,1,1,0,1,30.2,9.1,59.8,2,5,0,107.1,3,1,0,0,70.87
5.9,1,3,1,1,0,1,22.1,9.7,57.2,0,5,0,81.9,3,1,0,3,79.11
6.62,5,2,0,0,0,1,14.5,8.5,45.1,0,1,0,44.1,1,0,0,3,0.0
7.73,0,2,0,0,1,1,95.0,5.2,84.9,0,6,1,67.2,2,1,0,1,82.53
8.18,4,1,1,0,1,0,45.7,7.3,77.4,0,4,0,57.7,2,1,0,0,65.27
6.29,1,2,0,0,0,0,81.4,4.8,41.6,0,2,0,28.4,0,0,0,3,0.0
8.31,2,3,0,1,1,1,23.3,9.2,62.2,3,2,0,94.6,3,1,0,0,87.04
9.61,5,1,1,1,0,0,77.6,5.9,52.6,0,2,1,42.8,2,1,0,3,75.67
9.53,1,3,1,1,0,0,47.4,7.4,89.0,0,5,0,66.6,2,1,0,0,75.76
8.7,0,2,1,0,0,0,39.1,6.0,79.9,0,2,0,42.7,1,0,0,3,0.0
8.66,3,3,1,1,0,1,36.3,5.4,99.2,3,5,0,105.9,3,1,1,1,64.09
7.43,4,2,1,1,1,0,75.2,9.7,41.4,0,1,0,61.7,3,1,1,2,54.86
9.23,2,2,1,1,0,0,0.3,5.1,96.8,1,6,0,72.1,2,1,1,3,62.2
8.41,4,3,1,1,1,0,24.1,8.3,99.0,2,3,0,91.7,3,1,0,0,90.99
9.02,3,1,0,1,0,0,12.3,9.0,78.8,2,5,0,85.2,1,1,2,3,42.33
5.83,5,1,0,1,1,0,42.9,5.7,56.9,0,2,0,43.1,2,1,1,2,57.91
6.49,0,3,1,1,0,0,17.3,8.3,84.6,0,4,0,61.5,2,1,0,1,84.82
9.33,4,2,1,0,0,1,59.1,8.6,97.7,0,6,0,76.1,2,1,0,2,79.73
6.47,4,2,1,1,0,1,19.8,5.8,40.4,0,1,1,47.9,3,1,0,3,81.42
8.83,5,3,1,0,0,0,83.0,7.4,82.6,1,6,0,73.4,1,1,2,2,42.32
6.82,0,3,0,1,0,1,81.9,9.3,42.5,0,1,0,48.1,2,0,0,3,0.0
7.38,5,2,1,1,0,0,78.6,5.9,83.9,3,4,0,91.7,2,1,1,1,70.18
5.43,4,3,0,0,0,0,58.6,8.6,46.5,0,1,0,29.5,0,0,0,3,0.0
9.72,4,1,1,1,1,0,73.6,5.5,84.6,2,3,0,83.7,3,1,1,0,55.71
5.83,0,1,0,1,1,0,99.0,5.7,49.0,2,4,0,74.6,2,1,0,0,88.2
9.71,0,3,1,0,0,0,70.3,4.9,96.4,0,5,0,50.7,1,1,2,3,40.46
9.28,0,2,1,1,0,0,81.5,7.8,97.5,1,5,1,77.1,2,1,0,3,75.6
7.45,4,1,0,1,0,0,63.5,8.5,47.0,0,2,0,46.3,1,1,2,0,42.51
8.8,4,3,1,1,0,1,14.3,8.3,61.0,0,1,1,56.4,3,0,0,3,0.0
7.37,0,1,1,0,0,1,66.2,7.5,69.4,0,4,0,63.2,2,1,1,0,53.59
8.8,5,3,0,1,0,0,58.1,8.0,62.4,0,4,1,54.3,1,0,0,3,0.0
7.07,1,3,1,0,0,0,17.8,6.4,88.0,2,1,3,51.1,1,0,0,3,0.0
9.62,4,1,1,1,0,0,92.7,9.0,70.8,1,5,2,85.2,2,1,1,3,60.1
6.57,1,2,0,1,0,1,29.0,4.9,92.2,2,2,2,66.6,2,1,1,1,59.86
8.06,1,3,1,0,0,0,9.6,7.4,43.9,1,2,0,47.4,1,0,0,3,0.0
5.28,1,1,0,1,1,0,16.9,6.3,54.1,0,5,1,67.3,2,1,0,3,68.19
9.6,4,2,1,0,1,0,61.2,6.6,52.5,2,2,0,70.0,2,1,0,0,82.47
5.56,0,1,0,1,0,0,22.1,9.3,50.3,0,3,0,55.1,1,1,2,1,43.39
6.64,5,2,1,1,0,0,21.2,7.9,98.3,1,5,0,75.4,2,1,0,2,66.66
9.57,3,3,1,0,0,1,99.2,9.9,58.7,3,6,0,105.4,2,1,0,0,76.06
6.31,2,2,1,1,0,0,4.1,6.7,94.1,1,4,0,67.5,2,1,0,1,69.86
6.98,0,3,1,1,0,0,5.5,6.3,91.1,2,5,1,88.7,2,1,1,2,63.34
8.97,1,3,0,0,1,1,40.0,4.1,75.9,0,1,0,42.0,2,1,1,2,59.32
6.07,1,2,0,1,1,1,85.0,9.4,48.8,1,6,0,102.6,3,1,0,1,73.43
7.55,4,1,1,1,1,1,96.5,7.2,56.9,1,1,0,72.7,4,1,0,1,96.89
9.81,1,1,1,1,1,0,21.3,5.5,49.7,2,6,0,97.6,3,1,1,1,49.88
6.63,4,1,0,0,0,0,86.1,5.3,72.1,2,4,0,56.6,0,1,2,1,43.31
6.75,4,2,0,1,0,1,47.7,7.9,95.2,2,1,0,66.7,2,1,0,3,89.89
5.66,0,3,0,0,0,0,61.3,8.4,91.5,2,3,0,57.0,0,1,2,3,43.93
5.82,4,3,0,0,0,0,82.6,6.8,75.6,1,3,0,41.2,0,0,0,3,0.0
8.55,4,1,1,0,0,0,53.3,9.8,49.0,1,6,0,83.9,1,1,2,2,49.66
6.29,1,3,1,1,0,0,69.5,6.8,62.7,2,1,0,64.3,2,1,1,1,55.41
8.11,2,3,0,0,0,0,60.3,7.6,90.1,0,3,1,38.4,0,0,0,3,0.0
6.57,2,3,1,1,0,1,38.7,9.9,64.4,0,2,1,67.7,3,1,1,3,61.5
7.98,4,3,0,0,1,1,85.0,9.2,61.4,0,2,1,55.0,2,1,0,2,75.28
9.6,4,2,1,0,0,1,41.1,6.7,60.5,1,1,1,58.9,2,1,0,3,88.82
5.94,0,1,1,1,1,1,72.2,9.3,64.6,0,5,0,96.4,4,1,0,0,78.7
5.62,0,3,1,0,1,1,77.9,8.0,70.0,1,2,0,74.2,3,1,0,1,90.2
7.62,1,2,1,0,0,0,57.5,5.2,51.0,0,3,0,39.2,1,1,2,2,39.68
6.33,0,1,1,1,0,0,13.5,9.5,61.6,0,6,0,81.4,2,1,0,1,67.96
7.95,0,1,1,1,0,1,25.6,6.8,84.7,0,5,0,70.9,3,1,0,3,64.79
5.32,0,2,1,1,1,1,66.4,4.7,43.5,3,2,0,92.5,4,1,1,1,70.81
8.46,1,1,0,1,0,0,66.3,9.1,91.7,0,1,0,42.4,1,1,2,0,43.17
6.61,1,3,1,1,0,1,44.4,4.1,99.4,1,4,0,67.4,3,1,0,0,75.49
7.19,3,1,1,0,0,0,26.7,5.5,70.8,2,4,1,61.9,1,1,2,1,44.39
5.76,3,2,1,0,0,1,6.5,5.2,87.5,0,3,0,50.8,2,0,0,3,0.0
7.08,4,3,1,1,1,1,22.8,5.3,88.8,1,5,0,94.5,4,1,0,3,74.21
9.3,2,2,1,1,0,1,32.1,9.9,85.4,1,3,0,84.7,3,1,0,0,90.83
8.53,5,1,1,1,0,0,5.9,7.2,53.7,1,4,0,75.8,2,1,0,2,78.15
7.91,4,2,0,1,1,0,65.7,5.0,52.3,3,1,0,71.3,2,1,0,0,87.21
9.41,3,3,1,1,0,0,48.7,8.6,95.4,0,1,0,49.4,2,1,1,3,63.25
6.53,0,3,1,1,1,0,83.9,8.8,84.5,1,5,0,95.4,3,1,1,2,56.8
9.44,1,1,1,0,0,0,73.8,5.8,77.2,0,4,0,49.9,1,1,2,2,49.49
9.65,4,3,0,1,0,0,3.5,7.1,42.1,3,6,0,95.2,1,1,2,2,42.26
8.34,5,2,1,0,0,1,53.0,4.3,71.1,2,2,0,66.1,2,1,1,3,62.58
7.88,1,3,1,0,0,0,19.4,8.0,77.1,1,4,0,63.8,1,1,2,1,44.2
7.52,0,3,1,0,0,0,4.7,7.9,42.9,1,3,0,62.4,1,0,0,3,0.0
8.08,4,3,0,0,1,1,55.5,5.1,40.8,1,5,0,73.7,2,1,0,1,82.41
7.02,4,1,1,1,0,1,74.5,6.5,69.8,1,6,0,85.4,3,1,1,2,55.95
8.54,5,3,0,1,1,0,20.3,6.1,99.4,2,3,0,77.0,2,1,1,2,51.38
9.1,4,3,1,1,0,1,21.0,7.0,90.9,1,6,0,94.8,3,1,1,2,74.61
8.24,2,3,1,0,0,0,16.8,4.8,82.0,0,5,0,49.2,1,0,0,3,0.0
8.61,5,1,0,0,0,0,3.9,4.3,69.3,3,3,0,62.9,0,1,2,0,41.23
7.76,2,2,0,1,0,0,25.2,4.7,70.0,1,2,0,41.9,1,1,2,1,44.36
8.52,4,1,1,1,0,0,5.9,5.1,53.2,2,5,0,83.8,2,1,0,3,90.71
6.85,3,1,1,0,1,1,65.9,9.0,73.7,0,1,1,61.7,3,1,1,1,63.14
6.59,4,3,1,1,1,0,72.7,8.9,61.8,0,1,0,59.2,3,1,0,2,73.45
5.37,5,1,1,1,1,0,90.1,7.2,71.7,1,5,0,89.3,3,1,3,3,91.17
6.9,0,2,0,1,1,1,29.7,5.9,77.0,1,4,0,78.3,3,1,0,2,70.04
7.46,1,2,1,1,0,1,53.2,9.8,85.0,3,5,0,111.4,3,1,1,3,63.76
9.73,4,3,1,0,0,1,17.6,6.9,82.6,0,2,0,52.7,2,1,0,0,83.2
5.56,2,1,0,1,0,0,24.3,6.8,49.6,0,1,1,31.0,1,0,0,3,0.0
7.97,0,1,1,1,0,0,62.9,7.6,99.6,0,2,0,51.0,2,1,0,2,81.05
8.97,1,3,1,1,1,0,89.2,9.0,48.3,1,5,0,87.2,3,1,0,2,84.5
9.97,1,1,1,1,1,0,53.4,7.4,89.1,0,3,0,69.9,3,1,1,2,62.38
5.1,2,1,1,0,0,0,18.0,6.7,71.8,1,3,0,59.2,1,1,2,2,42.51
9.54,0,3,1,0,0,0,70.6,6.8,96.9,1,2,1,53.7,1,1,2,1,44.41
6.03,3,1,0,1,1,1,54.7,5.8,47.3,0,3,3,65.2,3,1,1,3,59.52
8.09,5,3,0,0,0,0,56.6,6.6,67.1,1,6,0,59.1,0,1,2,0,39.15
8.88,0,3,0,1,0,0,82.9,7.4,83.2,1,5,0,71.0,1,1,2,2,44.94
9.96,1,1,1,1,0,0,51.0,9.0,42.5,1,4,0,81.8,2,1,1,0,56.38
8.61,2,2,0,0,0,0,6.6,9.8,57.6,2,6,3,75.8,0,0,0,3,0.0
7.16,1,1,1,1,1,1,28.9,8.8,69.5,0,2,0,79.7,4,1,1,0,69.01
8.71,2,2,1,1,1,1,51.6,8.2,70.4,1,1,0,79.4,4,1,1,1,69.8
6.84,0,3,0,1,0,1,57.5,5.1,40.8,2,2,1,62.2,2,1,0,1,76.79
6.37,5,3,1,1,0,0,74.1,8.3,49.8,3,4,1,98.7,2,1,1,3,71.07
6.32,2,2,1,1,1,1,6.8,7.3,72.9,3,5,0,116.7,4,1,1,2,67.27
6.39,4,1,1,0,0,0,32.4,8.7,44.1,0,1,0,38.7,1,1,2,0,45.69
9.08,5,3,0,0,0,1,57.0,7.1,40.4,1,6,0,75.9,1,1,2,2,47.43
5.5,2,2,1,0,0,1,70.3,4.2,95.9,3,5,0,83.6,2,1,0,3,72.59
9.79,0,3,0,1,0,0,65.5,6.8,97.8,1,6,0,72.3,1,1,2,3,47.6
6.89,3,1,0,1,0,0,75.8,5.4,67.0,0,5,1,52.1,1,1,2,2,44.44
9.75,5,1,0,1,1,1,32.5,6.5,90.9,0,4,0,68.3,3,1,0,2,82.5
8.24,1,2,1,0,0,0,33.4,6.5,92.3,2,4,0,65.9,1,1,2,1,47.48
9.95,3,2,1,0,0,1,71.1,5.8,56.9,0,4,0,54.5,2,1,0,0,82.37
7.15,0,2,0,0,0,1,1.6,6.1,77.8,2,3,1,61.4,1,0,0,3,0.0
9.41,1,3,0,1,0,0,98.5,7.8,58.6,1,5,0,67.8,1,1,2,0,44.04
7.12,5,1,1,1,0,0,52.9,8.0,49.9,1,2,2,62.0,2,0,0,3,0.0
7.49,3,2,1,1,0,1,15.5,6.1,52.5,1,2,1,63.3,3,1,0,2,79.84
9.51,4,2,1,1,0,1,94.6,4.4,73.5,0,3,0,59.0,3,1,0,1,72.61
8.67,2,3,1,1,1,0,53.2,6.9,89.8,3,3,0,94.9,3,1,1,1,69.96
7.81,2,2,1,1,0,0,15.7,5.9,97.9,3,1,0,71.0,2,1,0,2,65.93
9.8,2,2,1,0,1,1,67.3,7.1,48.2,0,1,0,52.8,3,1,0,1,82.28
9.9,5,2,1,1,0,0,68.8,4.7,93.7,1,2,1,58.6,2,1,0,2,70.7
6.37,5,3,0,0,0,0,2.6,7.5,66.2,2,1,3,52.0,0,0,0,3,0.0
5.16,0,3,1,0,0,0,31.6,7.4,54.6,0,6,0,65.5,1,1,2,3,43.52
6.97,0,2,1,0,0,0,96.9,8.0,73.3,2,1,0,55.7,1,1,2,1,39.78
7.72,4,2,1,0,1,0,56.1,4.5,50.0,3,5,0,91.7,2,1,1,3,69.22
9.7,5,2,0,1,0,0,88.5,4.1,89.6,0,1,0,31.9,1,1,2,2,45.37
8.15,5,3,0,1,0,0,18.7,8.4,70.1,2,1,0,56.8,1,1,2,1,51.54
9.33,4,1,1,0,0,0,57.6,9.4,85.0,0,3,2,54.4,1,1,2,2,45.8
5.09,2,1,1,0,1,0,92.7,9.7,41.3,2,6,0,94.5,2,1,0,2,81.86
5.78,3,2,0,1,0,0,33.8,9.4,93.5,1,3,0,58.8,1,1,2,2,44.92
7.14,5,3,1,1,0,0,16.6,5.5,64.7,1,5,0,66.7,2,1,1,2,58.36
8.28,2,3,0,0,0,1,28.9,4.9,98.7,0,2,0,34.7,1,0,0,3,0.0
8.37,1,2,1,1,0,1,83.6,8.5,66.3,1,4,2,80.8,3,1,0,1,68.34
9.96,5,2,0,1,0,1,67.1,9.6,91.3,0,2,1,58.6,2,1,1,3,64.27
8.22,4,3,1,0,0,0,60.5,8.5,98.1,1,4,2,62.3,1,1,2,1,45.39
8.73,3,3,0,1,1,0,57.2,6.5,95.6,3,6,0,102.8,2,1,1,1,61.95
7.57,5,3,1,1,1,0,64.8,9.2,47.9,1,2,1,75.6,3,1,1,2,62.52
7.37,3,2,0,1,1,0,79.9,5.4,75.6,1,3,0,59.8,2,1,0,1,73.47
7.96,4,3,1,0,0,0,50.5,6.4,44.6,1,2,0,45.5,1,0,0,3,0.0
7.35,0,1,1,0,1,0,66.6,9.6,82.9,0,5,1,71.5,2,1,1,3,58.11
6.94,5,3,1,1,0,0,34.6,9.6,51.8,3,3,0,95.9,2,1,1,0,58.43
8.08,1,1,0,1,1,1,29.3,4.2,93.4,2,5,0,87.3,3,1,0,0,81.5
7.91,3,2,1,1,1,0,41.7,6.8,76.6,1,4,0,75.7,3,1,1,1,50.17
7.38,0,1,1,1,0,0,4.3,10.0,92.0,0,5,0,79.3,2,1,1,3,64.41
7.6,1,1,0,1,1,0,23.3,5.5,87.5,3,5,1,91.0,2,1,1,0,55.2
9.09,1,3,0,0,0,0,73.0,4.0,70.4,2,6,0,57.5,0,1,2,3,37.21
7.11,4,1,0,1,0,0,1.0,7.1,88.6,3,1,0,67.8,1,1,2,0,42.46
5.47,2,1,0,1,0,1,13.9,8.1,75.9,2,3,0,82.1,2,1,1,3,53.36
8.92,0,2,1,1,1,0,48.1,9.9,87.7,1,3,0,87.0,3,1,1,0,50.65
5.51,1,2,0,0,1,0,42.2,9.5,87.7,0,2,0,50.7,1,1,2,1,41.92
5.5,2,2,0,0,1,1,83.1,5.7,69.5,0,1,1,39.2,2,1,1,0,53.49
7.52,0,1,1,1,0,1,72.5,6.1,83.8,0,3,0,65.4,3,1,1,3,62.1
9.65,4,3,1,1,1,1,97.4,9.3,84.7,0,1,1,72.2,4,1,0,0,79.19
5.95,2,3,1,0,1,1,45.6,5.1,42.9,1,6,0,83.2,3,1,1,1,58.59
6.61,2,1,1,1,0,0,66.6,7.8,94.6,0,3,2,59.1,2,1,1,2,56.13
9.68,1,1,1,0,0,1,57.8,6.7,77.5,2,3,0,78.1,2,1,1,3,76.14
7.93,3,2,0,1,1,0,70.3,9.4,52.6,2,6,1,94.5,2,1,1,3,73.57
8.01,2,2,0,0,1,1,48.1,7.7,98.7,0,2,0,52.8,2,1,0,2,77.26
8.83,4,3,0,0,0,0,54.6,9.7,81.6,0,4,2,50.4,0,0,0,3,0.0
5.69,0,2,1,0,1,0,23.6,7.8,79.4,2,2,0,74.6,2,1,1,1,59.67
5.21,5,3,0,0,0,0,30.6,6.7,76.6,1,1,1,31.7,0,0,0,3,0.0
7.96,5,3,0,0,0,0,20.0,6.4,53.0,1,3,1,45.9,0,0,0,3,0.0
6.19,4,2,1,1,0,1,7.9,5.1,94.3,0,5,0,74.7,3,1,1,0,53.21
9.39,1,1,1,1,0,0,85.8,5.1,73.7,1,3,0,65.1,2,1,0,3,91.48
7.59,5,3,1,1,1,0,71.1,6.8,56.7,0,3,1,65.7,3,1,0,2,67.39
7.83,1,3,1,0,0,0,60.2,9.2,95.8,2,6,0,84.5,1,1,2,0,47.41
9.14,0,2,1,1,0,1,17.9,5.8,89.7,0,2,1,61.4,3,0,0,3,0.0
8.86,1,3,1,1,0,0,26.0,7.4,57.4,0,5,0,69.8,2,1,0,2,86.88
8.62,2,1,1,1,0,0,93.5,6.8,50.5,0,1,0,45.6,2,1,0,1,72.67
5.86,4,1,0,0,0,0,4.0,7.7,54.5,3,6,0,81.2,0,1,2,0,37.1
7.83,4,3,0,1,0,1,53.9,6.3,98.1,2,3,0,73.6,2,1,0,0,77.01
8.2,5,2,1,1,0,0,55.4,7.5,59.3,1,1,2,56.8,2,0,0,3,0.0
7.03,1,1,1,0,0,0,47.8,7.3,41.8,2,1,0,61.5,1,1,2,3,40.95
8.48,1,1,1,0,1,1,81.0,9.0,90.9,2,4,0,92.5,3,1,3,1,95.86
5.38,0,1,0,1,0,1,99.3,6.6,72.3,0,1,2,41.6,2,1,0,2,73.09
7.97,1,3,0,1,0,1,16.2,9.2,87.0,3,4,0,94.4,2,1,1,3,62.69
6.55,5,2,0,1,0,0,83.7,9.4,82.3,1,2,0,55.9,1,1,2,2,41.59
8.4,5,1,1,0,0,0,0.5,4.3,44.4,2,1,0,43.4,1,1,2,1,41.89
8.61,4,3,1,1,0,0,18.3,6.5,54.3,2,2,1,70.1,2,0,0,3,0.0
9.01,0,3,0,1,0,0,40.9,7.4,61.3,1,2,1,53.2,1,0,0,3,0.0
7.66,1,1,1,1,0,1,79.5,8.4,85.0,0,4,0,72.8,3,1,0,3,81.75
6.84,4,1,1,0,0,1,68.1,4.4,51.0,0,6,1,63.8,2,1,0,3,67.47
8.4,1,2,1,1,1,0,94.8,9.1,91.3,0,4,0,78.2,3,1,0,1,72.73
8.21,0,2,0,0,1,1,68.1,6.5,74.4,1,3,1,69.3,2,1,1,2,69.04
5.17,1,1,0,0,0,1,41.1,8.0,69.0,1,1,0,44.2,1,1,2,2,40.55
8.29,5,3,0,0,0,0,27.3,5.9,55.3,0,3,0,35.7,0,0,0,3,0.0
6.5,3,2,1,0,1,0,42.8,7.3,47.5,1,3,0,70.1,2,1,0,3,80.47
5.02,0,2,1,1,1,1,37.4,6.3,48.7,2,6,1,104.1,4,1,0,3,76.6
7.45,5,3,1,1,0,1,42.7,9.6,92.7,2,3,0,89.0,3,1,1,2,58.1
7.07,0,1,1,1,0,1,17.8,9.5,92.1,1,2,1,79.1,3,1,0,1,66.98
7.7,0,1,1,1,0,0,1.2,5.4,72.3,0,6,0,67.1,2,1,1,2,50.48
9.53,2,2,1,0,0,0,39.1,7.7,83.4,2,6,0,85.6,1,1,2,2,53.17
5.58,5,1,1,0,0,1,82.5,7.6,78.1,0,1,0,50.1,2,1,1,2,48.24
10.0,4,3,0,0,1,0,29.1,4.9,65.5,1,3,1,48.5,1,0,0,3,0.0
8.44,3,2,1,0,1,0,38.0,8.7,89.0,0,2,0,51.4,2,1,0,3,88.65
9.12,1,3,0,1,0,1,12.4,4.1,50.5,3,1,0,70.9,2,1,0,3,77.73
5.26,2,3,0,1,0,1,24.1,7.2,71.9,1,5,0,76.2,2,1,0,0,69.07
5.9,5,1,0,0,1,1,10.4,4.7,90.2,3,6,1,92.7,2,1,0,3,83.99
7.54,0,3,0,0,1,0,9.0,5.4,80.6,1,4,0,57.2,1,1,2,1,36.32
5.82,3,2,0,1,1,1,93.0,4.5,95.8,1,6,0,80.4,3,1,1,0,54.21
5.43,4,1,1,0,1,1,24.3,6.4,69.8,3,3,2,93.8,3,1,0,2,91.76
9.89,2,3,1,1,1,1,17.2,7.7,81.6,2,4,1,105.1,4,1,0,2,88.85
7.19,0,3,1,1,0,0,35.9,6.9,77.8,3,5,0,98.7,2,1,1,0,54.0
9.96,0,3,1,1,1,0,9.0,6.6,55.9,1,2,0,67.3,3,1,0,0,70.07
8.98,4,1,1,0,0,1,33.7,4.6,60.2,1,5,0,66.6,2,1,1,3,57.6
8.47,5,2,1,0,1,0,86.6,6.0,94.5,0,2,0,50.8,2,1,0,0,83.59
6.68,0,3,1,0,0,0,32.2,5.6,60.3,1,4,0,53.0,1,1,2,1,45.08
6.32,3,1,0,1,0,0,41.5,6.1,87.3,1,6,0,70.8,1,1,2,1,41.63
8.09,1,1,1,0,1,1,10.2,9.9,60.8,1,1,0,75.4,3,1,1,1,73.12
8.6,5,3,0,0,0,1,65.2,4.2,83.4,0,4,0,46.0,1,0,0,3,0.0
7.8,5,1,0,1,0,1,91.6,8.0,48.8,0,6,0,77.4,2,1,1,2,72.92
5.57,4,2,0,1,0,0,96.9,6.2,42.5,0,1,0,30.6,1,0,0,3,0.0
7.59,2,2,1,0,0,1,49.5,9.6,81.0,0,4,0,64.4,2,1,1,0,60.71
6.19,3,1,1,0,0,0,59.5,9.2,76.5,0,4,0,60.7,1,1,2,2,40.45
6.68,2,1,0,1,0,0,61.8,8.9,72.9,0,3,0,53.9,1,1,2,0,39.84
6.21,4,3,1,1,0,0,53.6,6.5,70.8,0,1,0,49.2,2,0,0,3,0.0
6.93,5,2,1,1,0,1,72.4,9.5,93.3,1,1,2,71.5,3,1,0,2,73.6
5.95,2,3,1,1,1,1,51.7,7.6,86.5,0,2,0,75.2,4,1,1,2,63.18
8.65,2,1,0,1,1,1,99.9,6.4,63.6,0,6,0,75.3,3,1,3,3,103.13
7.4,3,2,1,1,1,0,94.5,7.7,58.5,0,6,1,80.5,3,1,0,3,92.56
5.38,1,1,1,1,0,1,91.7,9.4,93.4,2,5,0,106.0,3,1,3,2,114.14
7.11,0,3,1,0,1,1,87.2,4.0,88.2,2,3,0,74.9,3,1,0,1,83.65
9.1,3,1,1,1,0,1,99.8,5.4,78.8,2,6,2,98.0,3,1,0,2,87.6
6.06,4,1,1,1,1,1,86.1,4.2,50.6,1,5,2,91.2,4,1,0,1,87.16
9.18,2,2,0,1,1,0,62.2,5.3,68.0,0,6,0,66.9,2,1,0,3,91.71
5.89,5,1,1,1,0,1,35.3,10.0,72.6,0,2,2,74.0,3,1,0,2,88.51
6.89,3,1,1,1,1,1,84.8,4.4,85.4,1,2,1,76.9,4,1,3,3,87.46
7.21,0,2,1,1,0,1,57.0,5.4,52.0,1,3,3,70.6,3,1,0,1,72.99
9.86,0,1,1,1,0,0,76.6,7.3,88.8,1,2,0,59.8,2,1,0,1,91.48
6.54,2,2,1,1,1,0,99.2,6.4,47.8,0,4,0,70.1,3,1,0,0,75.08
9.97,0,2,1,1,0,1,17.4,4.3,98.4,1,6,1,79.8,3,1,0,1,75.76
7.74,3,3,0,1,0,1,86.2,6.7,60.0,1,6,1,77.4,2,1,0,2,71.76
5.23,3,3,0,0,0,0,76.7,4.7,45.3,0,6,0,45.5,0,0,0,3,0.0
7.07,3,2,1,1,0,1,38.8,9.8,51.1,0,5,0,88.9,3,1,0,1,75.25
9.19,5,1,1,1,0,1,61.0,5.1,54.5,1,3,1,71.6,3,1,1,0,52.68
8.3,2,3,0,1,0,0,55.7,4.2,66.3,0,4,0,41.5,1,0,0,3,0.0
9.19,0,1,0,0,1,0,69.1,4.5,80.4,1,4,0,49.7,1,1,2,1,42.41
8.84,2,3,1,0,0,0,22.5,5.6,89.4,2,2,1,52.4,1,0,0,3,0.0
8.4,0,3,1,1,0,0,52.2,8.1,63.7,1,6,0,86.8,2,1,1,3,60.64
8.46,4,2,1,1,0,0,98.6,6.7,99.0,0,6,0,70.6,2,1,1,0,50.52
6.53,4,2,1,1,1,0,70.4,7.5,64.5,0,4,0,72.0,3,1,0,1,86.25
7.54,3,1,0,0,0,0,59.5,6.6,89.2,0,5,0,42.9,0,1,2,1,45.43
9.89,4,3,1,1,0,0,27.6,9.9,53.8,0,2,1,64.6,2,1,0,0,72.15
9.71,5,3,1,1,0,1,92.3,6.9,89.0,0,1,1,57.7,3,1,0,2,94.93
9.45,0,1,1,0,0,0,38.6,7.0,68.5,3,6,0,91.7,1,1,2,0,41.72
7.5,3,3,1,1,0,0,24.0,8.7,53.0,2,1,0,67.2,2,1,0,2,76.7
9.2,5,1,0,1,0,1,62.3,6.0,92.2,3,2,0,77.2,2,1,1,0,72.43
8.57,5,3,1,1,0,0,44.8,4.2,69.3,0,2,1,40.9,2,0,0,3,0.0
6.93,1,1,1,0,0,0,26.8,4.6,55.8,1,3,0,47.7,1,1,2,0,39.22
8.17,2,3,1,0,1,1,12.7,9.9,74.1,1,6,0,101.6,3,1,0,1,72.5
7.13,0,3,1,1,1,0,70.2,4.3,40.6,2,3,0,74.4,3,1,1,3,55.23
7.94,2,3,1,1,0,1,66.7,4.9,81.1,1,5,0,75.7,3,1,0,1,80.79
9.42,3,3,1,1,0,0,89.3,8.9,47.1,2,5,1,87.9,2,1,0,3,92.67
8.82,5,3,1,0,1,1,22.2,5.4,81.2,2,6,1,101.2,3,1,1,3,56.3
6.74,1,2,1,0,0,0,78.0,9.2,42.4,0,6,0,63.5,1,1,2,3,42.26
9.99,0,3,1,0,0,0,41.8,5.7,97.8,0,2,1,32.4,1,0,0,3,0.0
6.4,2,1,1,1,0,1,55.2,8.5,83.5,0,5,0,84.7,3,1,0,0,88.5
7.86,5,2,1,1,0,0,29.5,8.7,87.0,3,5,0,100.7,2,1,1,1,61.36
7.34,4,2,1,0,0,0,46.8,8.4,53.7,1,4,0,65.4,1,1,2,2,43.24
7.66,2,1,1,0,0,1,88.5,5.3,67.4,0,1,0,44.9,2,1,0,0,77.59
9.1,5,3,0,1,0,0,15.3,7.0,64.7,0,1,0,36.9,1,0,0,3,0.0
6.58,4,1,0,1,0,1,63.8,4.2,83.1,2,5,0,78.8,2,1,1,1,52.62
9.65,0,1,1,0,0,0,3.5,9.2,66.1,2,4,0,72.6,1,1,2,1,44.07
6.28,2,1,1,1,0,1,86.7,6.1,79.5,1,2,0,71.1,3,1,3,3,109.88
8.71,3,3,1,1,0,1,82.4,6.4,91.5,0,6,0,75.5,3,1,0,2,74.44
9.86,3,3,1,1,1,0,9.9,9.4,73.1,0,4,0,80.1,3,1,0,2,75.82
9.55,5,2,1,0,0,0,9.3,7.6,55.2,0,1,0,37.1,1,0,0,3,0.0
5.35,4,2,0,0,0,1,72.5,4.9,94.1,2,6,0,76.6,1,1,2,2,41.25
5.65,3,2,1,1,0,0,87.5,5.4,92.5,0,4,1,51.9,2,1,1,2,60.32
9.7,1,2,0,0,1,0,5.8,4.5,53.7,0,1,0,24.0,1,0,0,3,0.0
9.43,4,3,1,0,0,0,76.5,8.5,53.3,0,6,0,64.0,1,1,2,1,49.34
5.03,2,3,1,1,0,0,5.1,5.4,78.4,0,1,2,36.5,2,0,0,3,0.0
5.08,1,1,1,0,1,1,49.8,9.7,92.0,0,3,0,72.1,3,1,0,1,73.1
7.6,2,3,0,1,1,0,0.5,4.4,53.1,1,3,0,54.3,2,0,0,3,0.0
5.05,1,3,1,1,0,0,17.5,7.9,66.8,1,1,0,58.2,2,0,0,3,0.0
7.38,2,3,1,0,1,0,85.8,7.5,90.3,1,2,0,67.1,2,1,0,1,92.13
7.71,5,1,0,0,0,0,88.7,5.6,46.4,3,2,0,57.5,0,1,2,2,53.09
8.75,2,1,1,1,0,0,92.4,5.6,62.8,0,5,1,60.2,2,1,0,0,78.67
6.3,3,3,1,0,1,0,83.2,5.4,66.8,0,5,1,60.7,2,1,0,2,83.64
8.95,4,3,0,1,0,1,28.5,8.7,40.9,0,6,1,71.5,2,0,0,3,0.0
7.18,5,3,1,1,0,1,54.5,6.0,68.6,0,3,0,64.4,3,1,1,3,55.02
8.75,2,1,1,1,0,1,100.0,4.0,43.1,1,4,0,69.1,3,1,3,1,98.88
8.26,3,3,1,1,0,0,21.2,5.6,90.5,2,4,0,81.3,2,1,0,0,81.16
8.73,5,3,0,0,0,0,5.4,4.1,86.0,0,1,0,20.8,0,0,0,3,0.0
6.41,4,2,0,0,0,1,6.4,5.3,83.6,1,3,3,54.0,1,0,0,3,0.0
8.0,1,2,1,1,0,1,21.4,5.9,72.7,0,6,0,74.4,3,1,1,2,64.3
7.71,5,2,1,1,0,0,11.9,6.6,62.3,1,1,0,50.8,2,1,0,3,77.56
9.15,2,2,1,0,1,0,72.6,6.0,66.8,1,4,0,69.2,2,1,0,2,84.8
6.64,4,1,0,1,0,1,63.2,7.9,92.6,1,5,1,73.7,2,1,0,3,76.0
7.15,3,1,1,1,0,0,70.4,6.0,50.1,1,4,0,68.6,2,1,1,1,69.01
6.81,4,3,0,0,0,0,64.3,7.7,70.2,0,6,0,57.0,0,0,0,3,0.0
8.78,2,3,0,1,1,0,99.8,7.0,62.2,0,2,0,47.0,2,1,1,0,55.09
7.43,0,2,0,1,1,0,57.7,7.3,64.1,3,1,0,81.4,2,1,0,1,89.64
5.88,2,2,1,1,0,1,67.2,6.8,41.1,1,5,0,85.7,3,1,0,1,70.95
9.1,4,3,1,1,0,0,78.1,7.1,44.8,1,2,0,64.1,2,1,1,0,72.29
5.73,5,2,1,1,1,1,42.7,8.3,89.6,0,1,0,69.8,4,1,0,2,90.94
9.46,0,1,1,0,1,1,7.4,6.3,91.8,1,5,0,84.0,3,1,0,3,72.56
8.56,4,1,1,1,1,0,50.5,9.9,99.7,1,2,1,78.2,3,1,1,2,61.68
7.64,1,3,1,0,0,1,34.3,7.7,94.5,2,3,0,79.2,2,1,0,3,67.47
6.79,5,2,1,1,0,1,44.6,6.1,62.9,1,4,0,78.7,3,1,0,3,77.15
6.35,0,1,0,0,0,1,21.1,7.7,58.6,0,3,0,51.3,1,0,0,3,0.0
5.35,0,2,0,1,1,0,52.8,5.5,52.7,0,2,0,47.8,2,1,1,1,63.95
9.67,0,1,1,0,1,1,3.8,7.6,62.5,0,5,2,73.1,3,1,1,1,60.2
6.93,5,2,1,0,0,1,82.1,6.3,43.9,3,6,2,98.9,2,1,0,2,94.8
8.7,0,1,1,1,1,0,92.8,9.4,53.8,1,4,0,92.7,3,1,0,3,79.07
8.31,5,1,1,1,0,1,92.2,6.7,65.0,1,5,0,80.7,3,1,3,0,93.06
8.22,0,2,1,1,0,0,5.9,7.0,78.8,0,6,0,74.5,2,1,1,2,49.97
9.04,1,2,0,1,0,0,46.1,7.2,47.5,0,3,0,47.5,1,1,2,2,38.54
8.57,3,2,1,1,0,0,78.5,9.3,50.3,0,2,1,55.5,2,1,0,1,88.28
9.89,1,3,1,0,1,1,25.6,5.6,69.5,1,3,0,68.5,3,1,0,1,73.45
5.3,5,2,1,1,0,0,34.3,6.6,49.7,1,4,2,65.4,2,1,1,3,60.1
5.58,1,1,1,1,1,1,2.1,9.9,73.9,3,4,0,119.2,4,1,0,2,82.07
6.33,1,2,1,1,0,1,98.4,6.0,55.5,1,4,0,73.5,3,1,0,1,70.22
7.9,1,2,1,0,1,1,10.1,7.5,42.4,1,4,3,83.3,3,1,1,0,63.18
7.12,0,2,1,1,0,0,15.9,4.2,42.3,1,5,0,71.7,2,1,0,3,72.5
8.19,3,3,1,0,1,1,39.5,5.4,96.6,0,3,0,64.9,3,1,0,0,86.11
7.82,3,1,1,1,0,0,65.2,5.9,80.1,2,4,0,79.3,2,1,1,2,52.43
7.52,1,2,1,1,0,1,99.2,9.1,88.9,0,3,0,77.2,3,1,0,1,87.98
6.81,1,2,1,0,0,0,79.8,5.7,86.4,1,4,1,58.1,1,1,2,3,44.58
7.78,1,1,1,1,0,0,12.5,7.7,42.5,3,3,0,88.2,2,1,1,1,65.64
7.05,2,1,1,1,0,1,13.8,8.7,46.3,1,1,0,70.7,3,1,0,2,82.79
6.82,1,2,0,0,1,1,37.1,9.2,66.3,0,6,0,76.9,2,1,1,3,58.85
6.3,3,1,1,1,1,0,73.9,9.5,63.7,1,2,1,74.4,3,1,0,1,85.16
5.8,5,3,0,1,0,0,24.2,4.4,53.3,1,3,0,47.6,1,1,2,2,41.91
7.97,2,1,1,1,0,0,9.1,9.7,99.7,1,2,2,69.6,2,1,0,3,84.39
7.92,5,3,0,1,0,0,68.1,5.1,61.0,1,4,0,58.2,1,1,2,0,40.45
5.76,0,1,0,1,0,0,11.5,7.5,82.1,1,1,0,52.4,1,1,2,1,43.42
9.92,4,2,1,1,0,0,16.9,6.4,57.8,2,1,1,62.9,2,1,1,1,73.72
9.29,0,1,0,1,0,0,96.3,6.5,92.1,0,6,0,60.4,1,1,2,0,46.24
5.81,2,3,1,1,0,1,45.6,7.1,64.4,1,4,1,85.3,3,1,0,1,81.09
6.93,4,2,1,1,1,0,53.0,9.8,45.4,0,3,0,69.6,3,1,1,3,54.9
9.28,0,2,0,0,1,1,35.9,4.1,62.9,2,3,0,65.8,2,1,1,2,66.08
9.81,3,1,1,0,0,1,87.0,7.2,48.3,0,2,0,55.1,2,1,1,1,74.18
7.87,4,3,1,0,0,1,0.9,9.5,74.6,1,3,2,75.4,2,0,0,3,0.0
9.29,0,1,1,1,1,0,11.1,7.7,74.2,1,6,0,95.9,3,1,0,1,87.88
9.55,0,2,0,0,0,0,5.0,6.5,97.7,1,6,1,58.5,0,0,0,3,0.0
6.76,0,1,1,0,0,0,89.8,5.8,54.4,3,6,0,88.2,1,1,2,3,52.54
5.13,4,3,1,1,0,0,39.2,4.7,94.7,1,2,1,53.3,2,0,0,3,0.0
8.2,1,2,1,1,1,0,42.1,5.1,70.9,1,5,0,83.9,3,1,1,1,56.37
7.49,3,2,1,1,0,1,19.3,6.1,92.0,2,2,0,76.7,3,1,0,0,71.88
7.7,3,1,1,1,1,0,23.6,6.5,98.1,0,6,0,79.4,3,1,0,1,76.81
9.57,4,2,1,1,0,0,20.2,7.6,82.5,0,4,0,65.5,2,1,0,2,78.27
9.23,1,3,1,0,1,0,54.5,7.7,65.8,0,6,0,76.5,2,1,0,0,82.6
6.44,2,2,0,0,0,1,11.0,8.9,92.1,2,3,0,68.2,1,1,2,2,37.08
8.14,1,1,1,0,0,0,93.7,7.6,46.4,1,6,0,77.8,1,1,2,0,42.98
5.22,0,1,1,0,1,0,94.4,5.4,56.8,1,1,0,54.4,2,1,0,3,86.71
8.05,2,3,1,1,1,0,53.5,7.4,63.9,1,3,0,76.1,3,1,1,2,56.31
8.69,0,2,1,0,0,0,82.2,7.9,42.8,1,1,0,53.3,1,1,2,0,49.84
7.66,2,1,1,1,0,1,44.9,6.8,82.6,0,2,0,64.5,3,1,0,1,82.01
7.94,3,1,1,0,1,0,38.6,5.2,95.0,0,2,1,49.1,2,1,0,0,70.01
6.61,0,2,1,0,0,0,60.7,4.7,98.3,2,6,2,71.3,1,1,2,3,43.44
6.49,5,1,0,1,0,1,51.0,9.6,41.1,0,4,0,66.0,2,1,1,1,66.54
9.55,3,3,1,0,0,1,65.6,8.1,46.8,1,2,1,59.3,2,1,1,3,57.04
9.79,1,3,1,1,0,1,73.9,7.1,70.1,1,1,1,66.3,3,1,0,1,91.88
7.18,4,1,0,1,0,1,82.5,7.2,94.1,1,4,0,73.8,2,1,1,2,66.17
8.2,4,3,0,1,0,0,70.1,4.8,45.5,1,6,0,69.3,1,1,2,2,48.74
5.19,3,3,0,1,0,0,80.6,7.9,77.1,2,5,0,77.4,1,1,2,1,47.49
7.69,0,3,1,1,0,0,89.9,8.2,70.6,1,2,0,67.2,2,1,1,1,58.48
5.97,2,3,0,0,0,1,93.4,7.6,78.0,1,5,0,64.5,1,1,2,3,43.71
5.82,4,3,1,0,0,1,10.1,8.6,75.2,1,1,0,62.1,2,0,0,3,0.0
9.35,5,2,1,1,0,1,82.1,9.4,53.8,3,1,0,92.9,3,1,1,3,63.75
9.6,1,3,1,0,0,0,4.6,4.6,86.5,1,4,0,56.1,1,0,0,3,0.0
7.98,5,2,1,1,0,0,39.3,4.6,83.3,0,3,0,50.1,2,1,0,1,74.3
9.66,3,1,1,1,1,1,21.1,7.5,50.8,0,1,0,69.0,4,1,1,1,55.37
8.73,0,3,1,0,0,0,10.6,9.1,87.2,2,3,1,76.3,1,1,2,1,44.65
5.83,5,3,1,0,0,0,40.3,6.9,50.5,0,4,0,55.6,1,0,0,3,0.0
9.07,2,2,0,1,0,1,80.4,6.5,87.7,1,2,0,58.8,2,1,1,2,57.99
8.42,2,1,0,1,1,0,61.1,5.0,54.4,1,1,0,50.8,2,1,0,3,82.31
5.57,1,1,1,1,1,0,77.3,6.0,76.5,1,2,0,65.3,3,1,3,3,100.82
8.88,1,3,0,0,1,1,94.4,5.7,53.5,1,1,1,47.8,2,0,0,3,0.0
9.99,5,3,0,1,0,0,80.3,5.4,56.8,0,2,0,34.5,1,0,0,3,0.0
7.21,1,2,1,1,0,0,32.0,6.2,85.0,0,5,0,65.0,2,1,0,3,79.33
8.99,1,1,0,1,0,1,9.8,9.1,99.7,1,6,0,91.8,2,1,0,3,74.23
8.5,3,3,0,1,1,0,81.4,8.8,63.0,0,4,0,64.0,2,1,1,2,56.19
8.59,3,2,0,0,0,1,75.5,5.6,88.8,1,6,1,64.4,1,1,2,1,48.4
5.47,3,3,1,0,0,1,8.9,9.0,73.7,0,5,0,69.5,2,1,0,1,79.78
9.6,0,2,1,0,1,0,29.3,8.1,87.9,1,4,0,77.2,2,1,1,2,66.77
7.62,3,3,0,1,0,0,14.8,5.7,99.6,2,1,0,47.6,1,1,2,1,44.23
6.18,0,3,1,0,0,0,41.9,5.8,75.1,1,1,0,38.4,1,1,2,1,37.36
9.91,4,1,1,1,0,1,62.5,9.0,50.9,1,6,0,92.1,3,1,0,0,72.69
7.0,2,3,0,1,0,0,80.4,5.7,88.0,1,4,0,59.7,1,1,2,1,42.46
9.56,0,2,1,1,0,1,63.1,6.3,46.8,1,3,0,78.4,3,1,1,0,54.26
7.76,0,2,1,1,0,0,38.4,8.0,43.2,0,2,0,55.9,2,1,0,3,66.13
5.83,0,3,1,1,0,1,26.0,9.1,73.7,0,2,1,70.5,3,0,0,3,0.0
6.35,2,2,0,0,1,1,96.0,5.3,74.3,1,3,1,59.0,2,1,0,1,81.25
5.98,1,1,1,0,0,0,91.1,5.2,90.3,0,3,0,42.1,1,1,2,1,38.35
5.49,0,3,1,0,1,1,53.1,8.5,67.5,0,3,0,74.2,3,1,0,1,78.9
6.65,2,3,1,1,0,0,50.8,7.4,58.0,1,6,0,83.3,2,1,0,3,73.69
6.6,3,3,0,0,0,0,66.2,4.4,93.5,1,5,0,46.8,0,1,2,2,39.49
9.05,5,3,0,0,1,1,49.3,7.3,44.8,2,6,0,88.0,2,1,0,0,80.1
5.7,4,2,0,0,0,0,65.8,9.8,93.4,0,1,0,30.2,0,1,2,0,48.16
8.97,5,1,1,0,1,0,15.1,4.9,48.2,1,6,0,71.0,2,1,1,1,53.86
9.4,4,1,1,0,0,1,48.7,8.2,49.5,1,5,0,78.4,2,1,1,0,66.7
9.28,0,3,1,1,0,0,7.1,6.3,83.8,1,5,0,71.2,2,1,1,1,50.38
7.6,1,3,1,0,0,0,59.5,7.9,66.5,1,3,0,61.8,1,1,2,3,39.43
6.44,1,3,0,1,0,0,12.9,8.8,99.1,2,6,1,85.0,1,1,2,0,38.49
9.19,5,2,1,1,0,0,40.9,4.5,80.4,1,6,0,71.5,2,1,1,1,60.17
9.86,2,3,1,0,0,0,83.5,6.4,70.3,1,3,1,57.6,1,1,2,0,47.36
8.39,1,3,1,0,0,0,62.4,9.6,87.2,2,2,0,66.5,1,1,2,2,51.35
5.68,1,1,0,1,1,1,47.8,5.5,86.0,0,3,0,65.5,3,1,0,0,69.85
5.56,2,2,0,1,0,1,95.0,6.7,58.2,1,6,0,83.0,2,1,0,3,74.62
6.1,0,3,1,0,0,0,2.4,10.0,71.8,1,5,0,72.1,1,1,2,3,37.92
5.13,0,2,1,1,1,0,40.5,8.5,96.5,0,5,0,77.9,3,1,0,1,87.98
8.38,4,3,1,1,0,1,24.8,7.6,42.0,0,1,1,57.5,3,1,0,3,74.76
8.12,3,2,1,1,0,1,73.8,6.3,96.2,0,1,0,52.6,3,1,1,3,61.07
6.14,4,3,1,0,0,1,51.1,8.9,50.0,0,2,0,56.0,2,0,0,3,0.0
8.9,1,1,1,0,0,0,57.8,7.3,47.5,1,5,0,69.8,1,1,2,2,46.31
6.95,5,2,1,1,1,1,7.0,4.4,96.0,0,3,2,64.2,4,1,1,0,57.59
9.26,3,1,0,0,1,1,53.1,6.2,85.5,1,6,1,80.9,2,1,1,2,60.36
8.6,1,3,1,0,1,1,80.2,8.7,47.6,0,2,0,70.5,3,1,0,3,77.57
9.17,3,3,1,1,0,1,22.5,9.8,92.5,0,5,0,86.2,3,1,0,3,67.61
8.02,3,3,1,0,1,1,64.8,9.2,59.6,3,5,0,109.8,3,1,0,1,96.46
6.67,5,3,1,0,0,0,55.7,7.2,78.1,0,3,0,46.8,1,0,0,3,0.0
8.17,3,3,1,1,0,0,44.9,8.1,90.5,0,3,0,55.5,2,1,0,3,74.96
7.38,1,1,0,1,0,0,64.6,8.7,65.5,1,2,0,58.0,1,1,2,1,47.29
8.19,2,3,0,1,0,0,66.1,5.2,49.6,0,4,0,48.4,1,0,0,3,0.0
9.12,5,1,0,0,0,1,71.6,7.4,54.4,1,1,0,44.2,1,1,2,3,49.48
7.99,1,1,1,0,0,0,98.4,7.9,48.0,2,4,2,71.7,1,1,2,0,47.48
9.17,1,3,1,1,1,1,43.2,5.9,76.7,2,1,1,80.7,4,1,1,2,53.72
7.5,3,3,1,0,0,1,3.0,6.8,52.3,0,2,0,48.1,2,0,0,3,0.0
5.35,4,3,1,0,0,0,66.8,9.7,81.5,1,2,0,58.5,1,1,2,1,44.37
7.89,2,1,0,1,0,0,81.4,4.7,80.9,0,6,0,52.6,1,1,2,0,45.16
7.97,0,3,1,1,0,0,99.8,5.2,83.4,2,5,0,84.1,2,1,0,0,84.32
6.09,3,2,1,1,0,1,67.7,4.7,60.4,1,1,0,54.1,3,1,0,0,82.63
5.22,1,2,0,1,0,1,51.9,4.7,78.9,1,1,0,45.1,2,1,1,2,57.72
9.3,0,3,0,0,0,1,78.9,8.6,59.5,2,4,0,75.7,1,1,2,2,44.72
8.38,4,2,1,1,1,1,44.4,6.4,79.5,0,4,0,79.8,4,1,0,1,72.01
5.66,1,2,1,0,0,1,53.4,9.9,49.1,0,5,0,71.6,2,1,1,0,62.05
8.53,2,2,0,1,0,1,20.5,9.9,98.4,0,4,0,74.5,2,1,1,1,71.2
8.62,5,2,1,1,1,1,48.3,9.3,70.6,1,6,0,107.3,4,1,0,3,80.78
7.98,5,2,0,1,0,0,28.5,9.4,42.0,0,5,0,62.4,1,1,2,1,46.96
9.45,4,2,1,0,0,1,85.2,6.6,81.8,0,3,0,52.1,2,1,0,0,81.93
7.67,4,3,1,1,0,0,36.1,6.1,61.3,0,5,0,64.0,2,1,0,1,73.91
7.97,1,1,1,1,0,0,15.8,9.3,75.9,0,3,0,59.6,2,1,0,0,73.55
5.42,3,1,1,1,0,0,97.2,6.7,51.2,0,6,1,68.2,2,1,0,1,72.92
6.86,5,3,0,0,0,0,98.7,6.1,96.1,0,6,0,47.2,0,1,2,2,40.04
5.99,2,2,0,1,0,0,9.1,7.6,90.5,0,3,0,52.4,1,0,0,3,0.0
5.64,4,2,1,0,0,0,20.6,8.8,61.6,3,2,0,75.5,1,1,2,2,43.86
9.65,1,3,0,1,0,0,11.4,8.0,67.3,0,6,2,63.1,1,0,0,3,0.0
5.68,2,1,1,0,0,0,33.5,7.7,61.3,0,3,0,48.9,1,0,0,3,0.0
6.1,5,2,1,1,0,0,79.9,9.5,90.4,0,3,2,67.1,2,1,0,3,73.84
8.11,4,2,1,0,0,0,63.8,7.7,50.3,0,3,0,48.4,1,1,2,3,44.87
5.47,4,3,1,1,0,0,83.8,5.6,62.7,0,6,0,63.0,2,1,1,1,65.52
6.8,3,3,1,1,0,1,42.3,6.1,90.8,0,2,0,61.3,3,1,0,1,64.38
6.35,1,1,0,1,0,0,60.5,5.8,89.6,2,1,0,49.0,1,1,2,0,46.05
8.58,5,3,1,0,0,1,38.3,5.6,57.5,0,3,0,49.4,2,1,1,0,47.04
9.88,0,1,1,0,0,1,79.4,7.6,87.5,1,2,0,59.2,2,1,1,2,69.84
9.38,5,3,0,1,0,1,98.4,6.5,97.0,0,4,1,59.4,2,1,1,3,58.46
9.68,2,2,1,1,0,0,90.3,4.2,75.3,0,3,0,50.3,2,1,1,2,63.74
9.36,1,2,1,0,0,1,41.1,8.8,68.0,1,3,0,71.2,2,1,1,0,65.93
7.27,3,3,0,0,0,0,2.6,6.5,48.2,1,4,3,49.8,0,0,0,3,0.0
7.2,2,1,1,0,0,1,53.0,9.4,81.1,0,1,2,55.1,2,1,1,0,50.28
6.97,3,3,0,1,0,1,25.7,8.2,66.3,0,3,1,60.1,2,0,0,3,0.0
8.65,2,2,1,0,0,0,78.5,8.3,51.1,2,4,0,70.7,1,1,2,1,47.94
6.1,0,1,1,0,1,0,95.9,9.4,68.7,2,3,1,82.7,2,1,0,0,79.15
8.93,1,3,1,0,0,1,63.1,5.1,70.0,1,6,1,75.5,2,1,0,2,70.5
5.67,1,3,0,1,1,0,36.6,8.4,89.4,1,6,1,89.5,2,1,0,2,69.72
6.81,0,2,1,0,1,1,31.3,8.6,58.3,0,2,0,68.1,3,1,1,3,58.15
7.42,4,1,1,0,1,1,53.0,6.7,85.9,0,2,0,61.8,3,1,0,1,74.75
6.93,5,3,1,0,0,1,51.2,8.6,54.8,1,3,0,73.2,2,1,0,0,82.6
6.91,5,1,1,0,0,0,61.4,5.5,96.7,0,4,0,50.9,1,1,2,0,35.58
6.76,0,1,1,1,0,0,44.7,7.9,83.2,1,2,0,59.5,2,1,0,0,66.82
5.65,4,2,1,1,0,0,97.7,7.9,68.9,3,2,0,83.3,2,1,1,0,69.83
7.17,0,2,1,0,1,0,55.5,6.7,79.6,3,5,0,98.3,2,1,1,0,62.47
6.14,3,1,1,1,0,0,55.6,9.9,66.8,1,3,0,72.4,2,1,0,0,84.67
5.67,2,1,0,0,0,0,8.2,8.1,83.0,1,3,0,48.2,0,1,2,2,38.36
9.67,4,3,0,0,0,0,84.6,6.4,89.8,1,4,0,53.3,0,1,2,1,42.73
8.36,2,3,1,1,0,0,9.5,8.2,95.7,1,6,0,82.8,2,1,1,1,52.04
9.19,3,2,1,0,1,0,68.4,9.1,43.8,0,5,0,75.1,2,1,1,2,64.0
5.39,4,2,1,1,0,0,88.9,7.5,77.1,0,6,0,75.1,2,1,1,3,51.8
7.59,2,1,0,1,1,1,21.3,4.8,93.3,0,4,0,66.4,3,1,1,2,51.31
7.16,5,2,1,0,0,0,77.0,8.2,77.5,1,5,0,74.0,1,1,2,1,40.96
9.55,1,3,1,1,1,0,86.2,6.1,41.2,0,5,0,74.4,3,1,1,2,67.04
7.79,2,1,1,1,0,1,35.0,6.7,41.0,3,6,0,109.3,3,1,0,2,81.4
5.1,2,1,0,0,0,0,23.0,4.0,99.3,0,2,0,20.1,0,1,2,3,32.83
6.59,3,3,1,0,0,0,82.4,7.4,93.7,2,3,3,65.7,1,1,2,2,41.81
9.27,1,3,1,0,1,0,16.9,7.2,68.2,2,6,0,90.5,2,1,0,3,75.5
9.82,5,1,0,0,0,1,25.1,7.2,65.2,2,6,1,80.0,1,1,2,1,51.23
6.11,3,1,0,0,0,0,80.7,4.9,64.4,2,6,1,67.2,0,1,2,0,46.42
7.08,2,1,1,1,0,0,7.8,7.4,58.4,0,2,0,55.9,2,1,0,1,65.19
6.75,5,3,1,0,0,0,23.8,9.9,87.8,1,6,0,79.5,1,1,2,0,52.52
5.33,3,1,0,0,0,0,9.6,6.1,49.5,0,4,1,42.7,0,0,0,3,0.0
6.09,4,2,1,0,1,1,28.5,8.7,94.7,0,2,0,66.8,3,1,0,3,75.65
5.27,3,1,1,1,0,1,25.6,7.5,89.2,3,6,0,108.7,3,1,1,0,68.46
7.15,5,3,1,1,1,0,29.9,7.4,83.6,1,4,0,81.8,3,1,0,3,65.72
8.73,3,3,0,0,0,0,46.0,5.3,50.1,2,6,0,62.9,0,1,2,3,39.96
8.05,2,2,1,0,0,1,56.9,6.5,59.0,0,5,2,68.2,2,1,0,1,88.48
5.82,4,2,0,1,0,0,74.8,4.8,44.3,2,6,0,70.5,1,1,2,0,40.03
6.66,5,2,0,0,0,0,96.9,7.2,94.5,0,6,0,54.4,0,1,2,0,44.5
8.22,5,3,0,0,0,1,79.3,9.1,40.9,2,4,1,80.7,1,1,2,0,42.99
5.89,1,3,1,0,0,0,4.9,9.9,79.9,1,6,0,82.4,1,1,2,3,47.54
6.83,2,2,1,0,0,0,81.6,8.6,66.7,0,3,1,47.6,1,1,2,0,46.28
8.36,4,3,1,1,0,0,33.5,6.9,45.4,0,1,1,49.4,2,0,0,3,0.0
5.92,4,2,1,1,0,0,29.4,5.5,64.4,0,2,0,51.1,2,1,0,2,74.6
6.99,0,3,0,1,0,0,85.1,9.5,63.6,2,2,0,72.0,1,1,2,3,44.7
7.16,2,1,1,1,1,1,10.3,4.2,66.1,0,1,1,57.2,4,1,1,1,55.93
5.16,0,1,0,1,0,0,13.6,8.3,61.7,0,1,0,44.2,1,0,0,3,0.0
7.97,0,1,1,0,0,0,19.7,6.5,57.0,0,6,0,59.1,1,1,2,0,41.34
5.41,2,3,1,0,0,0,90.0,10.0,57.8,0,1,0,49.8,1,0,0,3,0.0
6.35,4,3,0,0,1,0,4.6,4.7,54.2,0,3,2,42.8,1,0,0,3,0.0
6.6,1,1,1,1,0,1,18.8,7.7,73.0,0,1,0,60.4,3,1,0,2,72.09
8.23,4,1,1,0,0,1,10.6,8.4,40.1,0,6,0,74.5,2,1,1,2,58.85
8.03,2,2,0,0,0,0,9.9,8.7,74.6,3,2,0,69.7,0,1,2,2,40.11
6.43,4,1,1,1,0,0,62.6,7.7,95.5,1,5,0,73.9,2,1,0,0,74.88
7.76,2,2,0,0,0,1,76.2,8.9,41.1,2,4,0,80.2,1,1,2,2,46.37
5.14,5,1,1,0,0,0,45.3,4.6,66.6,3,3,0,69.6,1,1,2,3,42.83
7.74,5,3,0,1,0,0,77.9,4.5,54.4,0,3,0,33.9,1,0,0,3,0.0
6.28,4,3,0,0,0,0,86.1,5.8,64.9,1,6,0,57.7,0,1,2,2,45.87
7.86,2,2,1,1,0,1,95.3,6.0,61.4,0,6,0,80.7,3,1,1,0,63.42
7.87,5,3,1,0,1,0,94.6,9.3,52.1,1,1,0,66.2,2,1,1,3,68.37
6.0,3,3,0,0,1,0,19.5,7.6,62.7,2,2,0,58.4,1,1,2,3,47.8
8.11,4,2,1,0,1,0,74.0,4.3,86.3,2,2,1,61.5,2,1,0,1,66.85
7.51,3,2,1,0,0,0,58.6,7.2,40.5,2,1,1,56.6,1,0,0,3,0.0
7.28,1,2,1,1,0,0,56.8,9.7,60.3,2,6,1,98.9,2,1,0,0,80.59
8.02,1,2,1,1,1,0,73.5,4.0,75.6,1,4,0,73.3,3,1,0,1,74.41
7.2,1,1,1,1,1,0,35.1,5.3,62.3,0,5,1,75.8,3,1,0,1,82.92
5.65,2,3,1,0,1,0,80.9,8.1,92.7,0,4,0,66.4,2,1,0,1,65.13
5.57,2,2,0,1,1,0,7.6,9.8,77.0,0,2,0,59.1,2,1,1,1,52.97
7.44,0,3,1,1,0,0,43.5,6.6,57.7,1,6,2,81.2,2,0,0,3,0.0
8.95,4,1,0,1,1,1,12.2,7.3,82.5,0,3,0,63.9,3,1,1,2,63.99
5.4,1,1,1,0,1,0,0.3,9.0,53.9,1,1,1,65.5,2,1,0,1,59.52
6.54,0,1,1,1,0,0,56.6,5.7,60.6,2,6,1,86.9,2,1,1,1,71.51
5.1,5,1,0,1,1,1,90.1,8.8,92.3,2,2,0,84.2,3,1,3,2,89.7
5.78,1,2,1,0,1,0,44.4,6.2,55.2,1,6,0,78.1,2,1,1,2,62.82
6.59,0,2,1,0,1,0,92.9,6.4,49.9,1,5,0,76.3,2,1,1,2,53.38
5.39,0,3,1,1,0,0,97.2,4.2,50.7,1,1,2,52.3,2,0,0,3,0.0
6.2,4,2,0,0,0,0,47.7,6.8,87.6,2,6,0,67.3,0,1,2,0,42.78
9.39,3,1,1,0,0,1,0.9,9.2,77.8,0,3,0,66.4,2,1,1,1,62.81
9.08,1,3,1,1,0,1,48.2,5.6,44.9,2,6,1,96.1,3,1,0,3,82.24
6.59,2,1,1,0,0,0,11.1,9.6,99.0,0,3,0,52.3,1,1,2,1,44.49
9.63,3,2,0,0,0,1,12.5,7.4,86.7,1,2,1,49.3,1,0,0,3,0.0
8.84,5,3,0,1,0,0,80.4,4.3,84.5,2,5,1,67.1,1,1,2,2,43.63
5.69,1,2,1,0,1,1,52.0,9.1,50.2,1,5,2,88.2,3,1,0,1,88.38
7.93,4,2,0,1,0,1,71.4,6.1,68.2,1,4,0,67.4,2,1,0,3,73.77
9.98,3,2,1,1,1,0,84.2,4.3,78.7,1,1,0,57.0,3,1,0,0,74.66
5.03,1,2,1,0,1,0,70.0,5.6,69.9,1,5,0,72.4,2,1,0,0,76.29
7.18,3,1,1,0,1,0,16.8,6.5,83.8,0,1,0,44.3,2,1,0,3,73.0
7.75,4,3,1,1,1,0,95.8,6.7,60.8,3,6,0,105.6,3,1,0,2,95.35
9.83,2,1,1,0,1,0,40.0,4.1,52.7,2,3,1,66.7,2,1,0,2,83.21
6.63,5,3,1,1,0,0,12.8,5.7,71.4,3,5,1,94.2,2,1,0,3,70.12
5.2,3,3,1,1,0,0,44.0,8.5,70.9,1,2,1,68.2,2,1,1,1,68.78
8.63,1,1,1,1,1,0,82.0,8.5,69.4,1,3,0,84.9,3,1,0,3,75.6
6.15,0,3,1,1,0,0,30.8,6.9,88.6,1,5,3,73.8,2,0,0,3,0.0
8.54,4,3,1,1,0,1,25.1,7.3,46.8,1,1,1,71.4,3,1,0,3,71.6
7.1,0,3,1,0,0,1,48.2,6.4,62.0,1,5,0,70.2,2,1,0,3,71.47
5.86,4,1,1,0,1,1,67.5,7.2,95.6,0,6,1,81.3,3,1,0,3,75.86
6.15,1,1,1,1,1,0,94.4,6.0,67.5,2,2,0,78.2,3,1,0,1,87.17
7.54,3,3,1,0,0,1,77.9,6.4,54.4,3,5,0,90.3,2,1,0,1,87.29
7.73,5,3,1,1,1,0,20.0,7.3,51.5,0,3,0,63.8,3,1,1,1,54.04
9.31,0,2,0,1,1,0,54.6,8.8,59.9,0,2,0,52.8,2,1,0,1,71.44
8.45,4,1,1,1,0,0,52.0,5.6,95.9,3,2,0,73.5,2,1,0,1,83.73
5.8,1,2,1,1,1,1,67.4,8.7,97.5,2,5,0,107.6,4,1,1,1,76.84
6.31,0,3,1,0,1,0,91.0,4.7,59.0,1,3,1,54.4,2,1,1,3,68.14
6.14,2,3,1,1,0,1,22.7,9.5,59.4,2,3,0,97.4,3,1,1,2,64.13
7.2,1,2,0,0,0,1,51.3,4.7,71.2,0,3,0,34.8,1,1,2,1,38.99
7.36,5,3,0,1,0,0,71.7,8.3,40.2,2,3,0,65.0,1,1,2,1,54.25
5.95,4,1,1,1,1,0,19.8,5.2,71.1,2,2,0,78.5,3,1,0,0,88.37
7.56,1,2,1,0,0,0,24.7,6.4,78.4,0,5,0,51.9,1,1,2,1,42.12
5.89,5,3,0,0,0,0,95.2,10.0,92.3,2,2,3,57.9,0,0,0,3,0.0
5.15,4,2,1,1,1,0,74.7,4.3,51.3,1,4,1,72.7,3,1,1,0,58.7
7.32,2,2,0,0,0,1,58.7,6.4,46.0,0,5,0,50.5,1,1,2,2,39.58
5.86,3,3,1,1,1,1,81.1,4.0,80.3,2,6,0,101.7,4,1,0,3,81.91
7.52,1,3,0,1,1,0,26.7,4.6,84.3,1,1,0,51.3,2,0,0,3,0.0
8.07,3,1,1,1,1,0,24.6,9.3,50.0,0,5,0,78.5,3,1,1,1,64.84
8.1,3,2,0,0,0,0,24.0,4.4,98.5,0,2,0,26.3,0,0,0,3,0.0
9.72,4,1,1,1,0,1,95.6,5.8,91.7,1,2,1,68.8,3,1,3,0,106.2
8.92,2,2,0,0,0,1,61.7,4.1,99.5,0,4,0,45.7,1,1,2,3,38.83
5.32,5,3,0,0,1,1,6.1,7.2,83.6,1,2,0,60.4,2,0,0,3,0.0
5.73,1,1,1,1,0,1,54.3,9.8,56.8,0,4,0,79.9,3,1,1,1,59.23
7.52,3,3,1,0,0,0,12.5,9.1,42.9,2,6,0,82.7,1,1,2,3,49.64
5.28,0,1,1,1,0,0,80.3,8.0,63.7,2,4,0,83.3,2,1,0,1,71.81
9.73,3,1,0,1,0,0,83.7,6.7,94.7,0,1,0,35.9,1,1,2,1,50.52
9.87,0,2,1,1,0,0,51.4,5.9,51.2,0,2,1,43.9,2,0,0,3,0.0
9.84,4,3,1,1,0,0,50.0,6.2,74.8,2,2,3,70.9,2,1,0,3,76.34
5.41,5,2,1,1,1,0,39.0,4.2,82.5,2,3,0,82.0,3,1,1,2,70.53
7.61,4,2,0,1,0,1,96.9,9.7,61.4,0,3,2,60.6,2,1,1,0,56.91
9.6,4,3,1,0,0,0,33.2,4.1,42.8,1,5,0,58.1,1,1,2,1,37.45
7.71,4,1,1,1,0,0,92.8,5.1,87.0,0,4,0,53.9,2,1,0,2,79.28
6.44,1,1,1,0,0,0,6.0,4.2,40.5,1,6,1,63.4,1,1,2,1,33.12
7.52,2,2,1,1,0,0,61.4,5.9,98.5,3,3,1,79.5,2,1,1,2,51.27
6.31,5,1,1,1,0,0,96.2,7.1,45.9,0,1,0,42.6,2,1,1,1,62.36
8.53,0,1,1,0,0,0,99.4,4.4,52.2,2,1,1,45.8,1,1,2,0,48.02
6.5,5,2,1,1,0,0,2.2,7.4,76.7,0,6,1,73.1,2,1,0,3,62.96
9.12,5,3,1,1,0,0,17.8,4.2,89.3,0,1,0,35.3,2,0,0,3,0.0
7.45,5,3,1,1,0,1,59.8,6.0,88.6,1,5,0,80.4,3,1,0,3,83.77
8.09,2,3,0,1,0,0,58.8,6.6,65.1,1,1,0,45.4,1,1,2,1,48.49
5.97,1,3,1,1,1,0,49.8,6.5,99.1,1,4,0,81.5,3,1,1,0,56.84
9.34,1,3,1,1,1,0,33.0,5.8,62.7,0,1,0,52.4,3,0,0,3,0.0
7.19,2,1,1,0,0,0,83.5,9.4,40.6,1,6,0,80.4,1,1,2,1,47.97
5.29,1,3,0,1,1,0,32.1,4.1,58.6,2,1,0,53.1,2,0,0,3,0.0
5.9,3,1,0,0,1,0,87.7,5.3,97.3,0,5,2,55.1,1,0,0,3,0.0
8.36,0,1,1,1,0,1,18.0,9.3,54.5,1,4,0,85.7,3,1,0,2,76.03
8.6,2,2,1,0,1,0,65.6,6.4,40.0,1,6,0,79.7,2,1,1,1,63.02
9.96,3,3,1,1,1,1,94.3,6.2,43.1,3,5,0,115.5,4,1,0,2,76.45
5.05,5,3,1,0,1,1,41.9,9.9,55.0,0,5,1,87.2,3,1,0,0,78.0
5.45,0,2,1,1,0,0,3.9,6.2,48.8,1,6,0,76.6,2,1,0,2,75.49
5.69,2,1,1,1,0,0,88.3,6.9,57.0,0,2,1,46.0,2,1,0,1,89.09
8.91,1,3,1,0,1,0,41.5,5.4,61.8,3,2,0,78.1,2,1,0,2,92.6
8.75,0,1,1,0,0,1,44.4,9.8,90.9,1,2,1,73.6,2,1,0,1,79.96
6.72,1,3,0,0,0,1,96.9,7.2,63.4,0,1,2,34.2,1,0,0,3,0.0
5.86,1,2,1,0,0,1,7.5,4.8,74.4,0,2,1,46.7,2,0,0,3,0.0
9.19,1,1,1,1,1,0,46.5,5.5,47.4,2,3,1,84.6,3,1,0,2,94.25
6.74,2,1,1,0,0,0,39.2,8.1,40.7,0,5,2,62.0,1,0,0,3,0.0
5.49,3,2,1,1,0,1,63.2,9.3,85.7,1,5,0,88.4,3,1,1,1,60.01
9.99,0,3,0,0,0,0,96.8,5.2,63.6,2,1,0,37.8,0,0,0,3,0.0
7.5,4,1,1,1,1,0,53.0,6.9,93.7,1,6,2,95.0,3,1,1,3,71.39
7.36,3,1,0,0,0,0,71.2,4.3,45.8,0,1,2,20.7,0,0,0,3,0.0
6.73,4,3,1,0,1,0,78.9,4.5,58.9,0,2,0,42.8,2,1,1,3,65.87
5.12,0,3,1,0,0,0,55.3,9.6,82.2,1,4,3,70.6,1,0,0,3,0.0
8.83,0,1,0,1,0,0,67.6,4.6,68.5,3,1,0,60.0,1,1,2,3,49.39
7.89,0,3,1,0,0,1,9.9,4.7,52.0,0,3,0,51.8,2,0,0,3,0.0
8.04,4,3,0,1,0,0,47.6,9.8,67.9,1,4,0,70.4,1,1,2,1,47.57
7.13,0,1,0,0,0,1,45.8,7.8,92.0,0,1,3,36.6,1,0,0,3,0.0
6.16,4,1,1,1,1,0,4.3,9.5,95.1,1,3,0,80.6,3,1,1,3,49.05
9.6,3,2,1,1,0,1,33.5,4.9,99.3,0,5,0,68.8,3,1,0,1,72.1
7.33,0,1,0,1,0,0,3.3,9.3,74.0,0,2,0,50.9,1,1,2,2,46.5
9.98,0,1,1,1,1,1,18.4,4.6,74.3,1,4,2,81.3,4,1,1,3,60.61
5.98,3,1,1,0,0,1,49.5,6.8,50.6,0,3,0,54.6,2,1,0,1,71.14
8.97,4,1,1,0,0,1,79.1,4.6,51.6,1,2,1,50.1,2,1,1,2,55.92
8.53,5,3,0,1,1,0,3.7,5.2,89.2,1,6,0,72.5,2,1,0,2,71.39
5.54,3,1,0,1,0,0,31.9,6.8,54.2,1,4,2,58.6,1,1,2,0,45.38
6.06,1,3,0,1,0,1,61.8,5.0,58.2,0,1,1,36.1,2,0,0,3,0.0
7.93,5,2,1,0,0,0,28.1,8.3,64.9,0,6,0,63.3,1,1,2,1,46.14
5.57,4,3,1,1,0,0,40.8,8.2,92.9,3,5,2,99.2,2,1,0,1,95.02
7.91,0,2,1,0,0,0,77.5,6.4,92.3,1,4,0,60.5,1,1,2,1,37.83
5.82,3,2,0,0,0,0,87.9,5.5,84.3,3,1,0,46.5,0,1,2,0,43.99
7.3,4,3,1,1,0,0,82.0,8.8,53.9,0,1,0,52.9,2,1,0,2,71.93
8.45,1,1,1,1,1,1,6.8,9.2,52.8,0,1,1,76.6,4,1,0,3,72.17
5.79,1,3,1,1,1,0,72.6,7.0,49.7,3,3,0,92.1,3,1,0,0,96.23
8.35,5,1,0,0,0,0,46.9,7.5,92.6,0,3,0,36.9,0,1,2,1,41.22
5.73,2,1,1,0,0,1,96.4,7.6,50.4,0,4,0,59.5,2,1,0,2,68.72
7.93,0,2,1,0,0,0,51.8,8.2,49.9,1,6,0,69.9,1,1,2,2,41.13
7.72,5,3,0,1,1,1,77.4,5.1,92.5,0,4,0,65.0,3,1,1,3,73.75
5.61,1,3,0,0,0,0,46.6,10.0,69.5,3,2,0,72.7,0,1,2,1,49.34
8.49,2,1,0,0,0,0,44.5,7.9,42.0,0,3,2,35.1,0,0,0,3,0.0
8.27,5,3,0,0,0,0,31.2,8.7,64.3,1,1,0,42.7,0,0,0,3,0.0
8.69,2,1,0,1,0,0,47.0,4.9,41.3,1,3,0,50.3,1,1,2,1,42.43
5.87,5,2,1,1,0,1,16.6,8.9,55.0,1,5,0,93.4,3,1,1,3,63.95
8.97,4,1,1,1,1,0,9.5,7.8,43.9,1,4,0,83.6,3,1,1,1,66.19
8.98,1,2,0,1,0,0,49.0,8.6,58.7,0,5,0,60.3,1,1,2,0,49.61
6.31,1,2,1,1,1,1,33.8,6.5,66.2,0,2,0,71.1,4,1,1,2,62.38
5.29,1,3,1,0,1,1,10.5,5.7,89.2,3,2,0,90.4,3,1,1,2,53.13
5.55,4,3,1,1,0,0,21.4,6.9,50.8,0,2,0,52.8,2,1,1,0,52.59
5.15,4,3,0,1,0,1,8.6,9.0,80.7,1,5,0,78.3,2,1,0,3,84.0
8.19,0,1,0,0,0,0,77.4,7.7,66.5,0,5,0,43.9,0,1,2,1,40.47
6.59,3,1,0,0,0,1,0.3,5.7,97.1,2,2,1,61.5,1,1,2,1,40.38
8.74,2,1,1,0,0,0,50.9,6.8,62.2,0,2,0,40.4,1,1,2,3,47.33
8.78,2,3,1,1,0,0,23.1,9.4,52.1,1,6,0,88.1,2,1,0,0,88.64
6.99,5,2,1,1,0,0,3.4,5.9,57.7,3,4,2,87.5,2,1,1,3,54.86
6.28,2,1,1,1,0,1,42.6,6.7,73.5,3,2,2,89.6,3,1,0,1,89.46
5.7,0,2,1,0,0,1,10.1,5.8,90.5,0,2,1,48.6,2,1,0,2,78.45
6.71,1,1,1,1,1,0,99.0,4.9,72.6,0,6,0,79.2,3,1,0,2,88.75
5.68,4,2,1,1,0,1,92.1,5.1,47.5,1,2,2,61.5,3,1,0,2,70.17
7.03,3,1,1,1,0,0,25.4,9.7,53.3,0,1,0,52.2,2,1,1,0,50.11
6.54,5,1,1,1,0,0,91.0,4.2,67.5,1,1,0,42.9,2,1,1,3,54.9
7.63,4,3,1,1,0,0,34.2,4.5,72.5,3,6,0,97.7,2,1,1,3,53.25
9.34,2,1,0,1,0,1,45.6,8.9,86.2,0,1,3,51.9,2,0,0,3,0.0
5.22,4,3,1,1,1,1,33.9,8.4,73.2,1,4,0,96.0,4,1,1,2,51.39
6.32,3,3,1,0,0,1,28.3,6.4,42.0,1,3,0,68.4,2,0,0,3,0.0
7.69,1,1,0,1,0,0,49.2,8.2,51.2,0,1,0,34.6,1,1,2,3,37.59
6.11,3,3,0,0,1,0,86.5,5.2,97.2,2,5,0,68.3,1,1,2,2,43.18
8.28,3,1,0,1,1,0,14.8,6.4,63.1,3,6,1,103.2,2,1,1,1,53.81
5.18,4,2,0,0,1,0,78.0,7.4,67.4,1,5,0,68.8,1,1,2,2,44.35
5.2,2,2,1,0,0,1,92.6,6.0,65.4,0,4,0,60.0,2,1,1,0,65.34
9.5,4,3,1,1,0,1,48.9,9.1,97.7,0,3,1,75.4,3,1,0,2,78.39
7.47,4,3,1,0,0,0,72.7,8.3,57.4,1,1,0,45.5,1,0,0,3,0.0
8.89,1,2,1,1,0,0,53.5,9.8,53.1,1,1,1,65.6,2,1,1,2,61.22
5.11,4,1,1,0,0,0,67.8,4.3,90.2,1,4,0,57.3,1,1,2,2,42.26
7.08,0,3,1,1,0,0,29.8,7.8,50.9,1,3,1,69.6,2,1,0,0,72.85
9.54,3,2,1,1,1,1,89.7,9.2,56.0,2,6,0,121.3,4,1,1,3,56.59
9.48,2,2,1,0,0,0,13.5,8.9,92.2,1,1,1,54.5,1,1,2,0,51.19
8.81,5,1,1,1,0,1,13.2,9.3,53.6,1,1,0,77.4,3,1,0,0,88.35
6.62,3,3,0,1,0,0,88.1,8.0,45.2,0,3,0,49.7,1,0,0,3,0.0
6.99,1,2,1,0,0,0,86.0,8.5,47.1,0,4,1,55.4,1,1,2,0,44.05
7.63,2,2,1,0,0,0,10.4,6.1,42.7,0,1,0,37.3,1,0,0,3,0.0
9.3,4,1,1,0,0,1,89.0,6.1,80.2,0,3,1,54.5,2,1,0,0,82.09
6.31,3,1,0,1,1,0,18.0,8.8,67.8,0,4,0,61.7,2,1,1,1,56.95
7.3,2,2,1,0,0,0,46.2,9.0,82.8,0,1,2,40.0,1,0,0,3,0.0
8.02,3,1,1,1,1,0,82.2,8.8,52.4,0,3,0,73.0,3,1,3,2,111.96
6.23,0,3,0,1,0,1,6.8,6.9,49.6,1,2,0,62.8,2,1,1,2,49.09
9.86,0,3,0,1,1,0,30.9,5.8,97.0,0,5,0,64.1,2,1,1,2,49.44
8.23,0,1,0,0,0,1,48.6,5.0,77.8,0,4,0,44.4,1,1,2,2,45.98
5.33,1,2,1,0,1,0,49.5,7.1,77.8,1,5,0,74.9,2,1,0,1,85.49
9.92,0,2,0,0,1,0,77.9,9.8,75.4,1,4,0,67.6,1,1,2,3,52.45
7.28,2,1,0,1,0,1,30.6,8.0,90.8,1,2,0,65.6,2,1,0,3,85.05
6.35,4,2,0,1,1,0,66.1,8.8,68.2,0,3,0,56.9,2,1,0,2,73.33
8.13,5,1,1,1,0,0,7.8,5.8,75.8,0,1,2,40.5,2,1,0,2,68.53
5.22,1,3,1,1,1,0,88.2,8.3,90.7,1,3,0,79.6,3,1,0,0,71.16
8.37,3,1,1,1,0,1,9.9,6.7,77.8,1,3,0,78.6,3,1,0,1,82.18
8.52,5,1,0,1,1,0,7.3,9.1,76.1,0,5,0,75.7,2,1,0,2,76.96
7.69,2,3,1,0,0,0,85.1,4.5,86.2,1,5,0,56.5,1,1,2,2,45.21
7.89,3,1,1,1,0,0,68.5,5.9,68.5,0,5,1,65.7,2,1,0,1,84.64
7.69,5,1,0,1,0,0,96.0,6.8,87.6,0,4,0,49.9,1,1,2,3,43.62
5.31,3,1,1,1,1,0,22.7,7.2,69.1,1,6,0,87.7,3,1,1,1,55.1
9.75,0,2,0,0,0,0,36.9,9.6,77.3,1,2,0,51.4,0,1,2,1,44.19
6.88,2,1,1,1,1,1,61.5,8.2,66.5,3,3,2,105.9,4,1,0,2,95.18
9.24,2,2,0,1,0,0,23.5,5.4,58.0,0,6,0,58.8,1,1,2,0,45.54
6.52,3,2,0,1,1,0,42.8,8.5,65.0,0,5,0,69.0,2,1,0,1,87.26
7.52,3,1,1,0,0,0,14.8,6.6,80.6,1,6,0,68.4,1,1,2,2,47.67
9.51,1,1,0,0,0,0,64.8,4.9,60.8,3,6,0,75.4,0,1,2,2,49.27
9.76,0,3,1,0,0,1,99.0,6.5,51.1,2,1,0,64.3,2,1,1,3,68.15
6.63,4,2,0,1,1,0,1.9,9.8,90.0,2,4,1,87.0,2,1,1,0,69.53
5.62,3,2,1,1,0,0,43.1,8.3,75.8,3,1,0,82.1,2,1,1,3,58.09
9.8,5,2,1,0,0,0,45.7,6.0,43.3,3,6,0,84.8,1,1,2,3,52.08
9.94,0,1,1,0,0,0,83.9,8.6,43.8,1,5,0,71.7,1,1,2,2,40.07
5.52,5,1,1,0,1,1,63.7,7.9,80.0,0,1,0,54.0,3,1,1,0,62.97
8.73,4,3,1,0,0,0,99.4,7.7,55.1,3,2,1,73.0,1,1,2,1,45.45
6.01,5,2,0,0,0,0,26.3,7.7,56.3,1,5,1,54.7,0,0,0,3,0.0
8.45,4,2,0,0,0,1,83.9,4.8,59.4,2,2,1,57.3,1,1,2,0,48.2
7.15,3,2,0,0,1,1,76.6,7.0,77.3,2,5,2,89.3,2,1,0,3,87.89
6.94,4,1,0,1,0,1,72.2,6.7,76.9,1,1,0,53.6,2,1,1,0,60.48
6.66,5,1,1,1,0,0,62.3,10.0,57.6,0,3,0,69.1,2,1,0,1,71.84
7.19,4,3,0,0,0,1,65.1,9.0,95.3,1,2,0,57.4,1,1,2,3,53.66
7.2,0,1,1,0,0,1,68.4,6.7,72.1,0,2,0,48.6,2,1,0,2,75.96
9.93,2,2,1,0,0,0,65.1,8.2,72.1,3,5,0,93.0,1,1,2,3,40.08
5.98,3,1,1,1,1,0,86.5,8.9,90.9,0,5,0,83.4,3,1,3,0,118.33
8.91,2,3,1,1,0,0,47.0,4.9,45.9,0,2,0,44.7,2,1,0,2,83.37
5.69,0,1,1,1,0,0,7.2,7.9,61.8,3,4,0,95.1,2,1,0,2,70.96
8.42,3,3,1,0,0,0,83.5,7.1,75.3,0,6,1,58.3,1,0,0,3,0.0
8.32,3,3,1,1,0,1,99.7,7.7,71.7,1,5,0,83.7,3,1,0,3,73.2
8.2,0,2,1,1,0,0,6.1,8.2,78.9,1,2,1,67.3,2,1,0,2,77.01
5.28,0,3,0,0,0,1,7.5,8.3,70.4,0,5,0,57.1,1,1,2,0,39.08
8.68,5,1,0,0,0,0,3.4,9.1,45.8,2,2,0,60.6,0,1,2,2,42.52
8.79,1,3,0,0,0,1,79.1,5.5,58.9,0,5,0,52.4,1,1,2,0,38.84
9.37,5,1,1,1,0,0,48.5,5.5,93.3,0,1,0,38.5,2,1,0,0,65.62
7.7,4,3,0,0,0,1,84.4,6.7,57.1,0,5,0,51.5,1,1,2,2,47.01
5.45,2,1,1,1,1,0,42.5,5.4,42.2,1,3,0,74.1,3,1,0,2,69.97
5.19,2,3,1,0,0,1,4.6,8.6,41.5,0,5,0,66.2,2,0,0,3,0.0
7.19,5,3,1,1,0,1,98.0,6.2,43.9,1,2,0,68.2,3,1,0,2,95.5
8.47,5,2,1,1,1,1,65.1,9.7,42.5,1,6,0,113.4,4,1,0,3,97.94
8.96,3,3,1,0,0,0,64.1,8.7,44.3,1,5,0,76.1,1,1,2,3,50.33
8.74,1,1,0,0,0,1,99.7,8.9,65.5,1,1,0,47.1,1,1,2,2,45.43
9.51,4,2,0,0,0,1,40.6,4.7,57.9,0,5,0,44.3,1,1,2,3,45.46
8.66,1,1,1,0,0,1,96.6,8.8,50.0,3,5,0,97.9,2,1,1,3,74.16
9.51,3,3,1,0,0,0,84.2,8.7,68.4,0,5,0,56.4,1,1,2,0,45.93
7.11,0,2,1,0,0,1,54.0,5.5,90.4,1,5,0,74.7,2,1,1,3,68.06
8.91,0,1,1,1,0,0,9.5,7.0,75.0,0,1,1,46.9,2,1,1,1,56.64
6.95,3,2,1,0,1,0,77.1,8.7,51.1,0,4,0,63.2,2,1,0,2,70.97
6.91,3,2,1,0,0,0,74.8,6.9,90.6,0,4,0,54.4,1,1,2,0,46.44
7.18,4,1,1,1,0,0,4.4,8.2,79.0,2,4,0,80.4,2,1,0,1,68.43
9.92,2,2,1,1,0,1,55.8,7.2,48.3,1,6,0,92.6,3,1,0,1,81.19
6.86,4,3,1,1,1,0,98.0,9.3,51.9,0,2,1,65.7,3,1,1,0,65.21
9.72,5,3,1,1,0,1,84.7,4.0,64.5,0,5,0,68.9,3,1,0,2,65.62
9.55,5,2,1,0,1,0,91.8,5.3,82.2,0,5,0,59.4,2,1,0,2,79.74
9.27,0,3,1,0,0,1,60.2,8.8,86.5,0,4,0,67.5,2,1,0,0,70.53
8.73,4,2,1,0,0,1,78.9,7.5,62.0,0,1,0,42.9,2,1,0,1,92.33
5.02,0,1,1,0,1,1,92.5,4.3,62.1,0,5,0,63.0,3,1,0,3,83.92
9.57,0,3,0,1,0,0,51.8,7.2,94.1,1,1,1,46.5,1,1,2,3,46.13
6.25,5,1,0,1,0,1,89.3,8.8,92.7,2,5,0,93.4,2,1,1,2,69.49
5.81,0,2,1,0,1,0,16.0,7.7,94.2,1,1,3,58.5,2,0,0,3,0.0
5.4,0,1,0,1,0,1,67.1,9.1,71.1,2,3,0,77.4,2,1,0,2,87.91
9.09,1,3,1,1,0,1,45.9,6.5,67.3,2,5,0,99.0,3,1,1,0,75.64
7.34,0,3,1,1,0,0,75.7,7.5,65.7,1,2,0,60.7,2,1,0,2,70.29
6.44,4,2,1,1,0,0,38.2,7.1,58.2,1,2,0,59.0,2,1,0,3,80.04
8.76,4,1,1,1,0,0,64.7,9.9,83.9,1,6,0,84.9,2,1,1,2,50.24
7.67,3,1,0,1,0,0,43.5,8.6,52.1,1,6,0,74.1,1,1,2,0,42.65
5.57,1,3,1,1,0,0,39.5,8.0,62.0,0,6,1,72.9,2,1,1,2,65.73
9.12,0,3,0,0,0,1,90.0,9.7,86.2,0,2,0,52.8,1,1,2,3,53.75
6.44,2,2,0,0,0,1,74.8,8.8,95.5,0,5,0,58.2,1,1,2,1,39.75
5.06,4,1,1,1,0,0,93.9,6.6,87.7,2,5,1,83.8,2,1,0,3,75.68
9.36,2,3,0,1,1,1,3.9,7.5,82.0,2,2,1,84.4,3,1,0,1,87.81
7.11,5,2,1,0,0,0,49.4,9.5,70.8,3,3,3,79.4,1,1,2,0,53.09
9.06,3,1,1,1,1,1,10.5,6.8,63.7,0,2,1,68.4,4,1,1,1,65.68
9.18,0,1,1,1,0,1,10.0,8.3,85.8,3,1,0,93.9,3,1,1,0,73.96
9.84,5,1,0,1,1,0,90.8,9.8,69.8,0,3,0,63.8,2,1,1,3,51.84
9.92,3,2,1,1,0,0,3.6,6.5,67.6,0,6,2,70.1,2,0,0,3,0.0
5.88,3,3,1,0,1,1,3.0,9.2,82.3,0,4,0,79.7,3,1,1,2,65.35
9.85,4,1,1,1,1,0,78.2,9.1,42.3,1,5,2,88.1,3,1,3,3,94.54
6.36,5,1,1,0,0,0,60.4,7.7,71.3,0,4,0,51.8,1,1,2,0,37.92
5.71,5,2,1,0,0,1,31.0,6.1,86.1,2,3,0,73.7,2,1,1,2,65.65
5.4,1,3,1,0,0,0,66.2,7.4,82.2,1,6,0,67.3,1,1,2,2,47.06
7.87,4,3,1,1,0,0,31.1,4.6,56.6,1,3,0,56.1,2,1,0,3,85.73
8.15,1,3,0,0,1,0,18.0,8.4,43.9,2,1,0,58.6,1,1,2,0,42.87
8.74,4,3,0,0,1,0,20.3,8.0,89.0,1,6,0,76.8,1,1,2,3,50.78
5.44,5,3,1,0,0,0,3.1,6.1,41.1,1,3,0,57.7,1,0,0,3,0.0
9.68,4,2,0,0,0,0,69.2,9.4,95.1,2,2,0,54.1,0,1,2,3,44.62
7.2,5,3,0,1,0,1,69.8,7.3,89.7,0,6,0,76.0,2,1,0,3,68.54
9.23,1,3,0,1,1,0,45.3,6.0,84.6,1,5,0,77.2,2,1,0,2,84.63
6.24,2,1,0,1,1,1,92.5,8.4,88.2,0,6,0,88.6,3,1,0,0,78.58
5.75,4,3,1,0,0,0,86.8,4.9,99.0,0,4,0,43.4,1,1,2,2,40.32
9.59,2,1,0,1,0,1,28.6,8.6,40.2,2,2,1,75.7,2,1,0,3,86.83
9.41,0,2,1,1,0,0,35.2,8.6,55.0,0,5,0,71.3,2,1,1,3,66.15
8.19,0,2,0,0,0,1,15.0,8.5,46.1,1,5,0,73.0,1,1,2,1,39.73
5.52,4,2,0,0,1,1,51.5,8.8,55.3,1,6,0,85.9,2,1,1,0,73.39
9.09,1,3,1,1,1,0,67.7,4.2,68.1,3,5,1,93.0,3,1,0,1,73.2
9.78,2,3,1,1,0,1,44.9,4.2,77.6,1,4,0,68.1,3,1,0,3,72.72
7.95,2,1,1,1,0,0,25.8,7.4,46.3,0,4,2,64.5,2,1,0,3,68.74
9.63,5,3,0,1,1,0,33.1,8.3,67.4,1,4,0,72.3,2,1,0,3,82.2
5.84,4,2,0,1,0,1,75.7,8.5,84.4,0,6,0,74.2,2,1,0,2,67.88
6.93,5,2,0,1,0,0,72.5,7.6,73.5,1,2,0,56.2,1,1,2,0,45.86
8.36,5,2,0,1,0,1,46.7,5.4,56.2,2,1,1,65.5,2,1,0,3,72.39
7.59,5,1,1,0,0,0,89.2,9.3,79.6,2,4,0,76.3,1,1,2,0,43.54
6.8,5,2,1,0,0,1,13.4,7.0,87.2,0,1,1,41.1,2,0,0,3,0.0
8.69,0,2,1,1,1,1,54.3,5.6,47.9,0,6,0,85.9,4,1,0,3,78.52
9.69,5,2,1,0,0,1,80.3,4.2,55.2,1,6,0,72.8,2,1,0,1,76.8
8.5,0,2,0,0,1,0,69.3,7.9,49.0,0,4,3,50.7,1,0,0,3,0.0
9.34,0,1,1,1,1,0,51.2,6.4,69.8,0,6,0,74.4,3,1,0,0,74.13
9.5,0,2,1,1,0,0,38.6,4.4,95.4,0,2,0,42.5,2,1,0,1,69.01
8.52,4,2,1,1,1,0,69.8,9.9,75.4,1,5,1,98.9,3,1,0,1,71.4
9.24,1,2,1,1,1,0,28.4,7.3,62.0,1,4,0,81.2,3,1,0,0,78.04
7.89,5,3,1,1,0,0,78.5,4.3,56.2,1,6,0,72.3,2,1,0,1,84.51
7.81,0,3,1,0,0,1,15.8,8.6,69.0,2,3,0,82.6,2,1,1,1,53.15
5.8,2,3,1,1,0,0,9.6,9.8,43.9,3,3,1,94.2,2,1,1,3,65.18
8.52,5,3,0,1,0,1,17.1,7.5,40.8,0,6,1,68.8,2,1,1,1,65.16
7.58,5,1,1,1,0,0,65.4,7.4,80.1,3,4,0,97.1,2,1,1,3,57.35
8.45,4,2,1,0,0,0,5.5,5.6,98.7,3,4,0,77.1,1,1,2,3,41.65
8.86,3,1,1,0,0,1,56.0,7.8,91.1,0,6,0,71.9,2,1,0,3,89.4
5.48,5,3,1,1,0,0,14.8,5.1,81.3,1,6,1,78.9,2,0,0,3,0.0
9.09,0,2,1,0,0,1,56.9,4.6,68.3,3,1,0,70.8,2,1,1,2,54.44
6.65,5,1,1,1,1,0,50.2,6.5,69.2,0,2,1,62.0,3,1,0,2,85.27
5.78,2,1,1,1,1,1,46.3,9.0,40.4,1,4,0,96.5,4,1,1,1,76.86
9.01,0,3,1,1,1,1,0.1,7.6,44.0,0,5,1,89.1,4,1,1,1,52.19
8.13,2,3,0,1,1,0,30.8,5.8,91.7,0,2,1,48.2,2,0,0,3,0.0
7.88,5,3,1,1,0,1,99.8,4.3,76.7,1,2,0,59.9,3,1,1,1,59.36
5.88,4,3,1,1,0,1,59.1,5.8,83.9,1,5,0,77.7,3,1,1,3,58.47
7.63,0,1,1,0,0,0,72.7,7.5,77.4,2,2,0,61.7,1,1,2,1,47.3
9.07,3,3,1,0,0,0,5.4,6.5,47.9,0,1,0,38.3,1,0,0,3,0.0
9.65,3,1,1,0,1,1,96.2,5.2,60.6,1,1,0,65.0,3,1,3,0,99.44
5.3,4,1,1,1,0,1,97.5,8.5,69.2,1,4,1,90.4,3,1,3,2,97.72
5.58,2,2,0,0,1,1,52.1,8.6,60.5,1,5,1,82.7,2,1,1,2,58.33
6.76,3,2,0,0,0,0,19.4,9.7,74.9,0,4,0,46.5,0,1,2,2,44.21
9.14,4,2,0,0,0,0,32.1,8.3,76.4,1,6,0,69.5,0,1,2,0,46.64
8.72,2,2,0,0,1,0,45.6,5.1,74.2,1,5,3,61.4,1,1,2,1,41.49
9.21,2,1,1,1,0,0,5.2,8.6,59.3,1,4,0,76.9,2,1,1,2,49.37
8.6,3,2,1,0,0,0,32.9,8.8,55.1,0,4,0,54.8,1,1,2,2,45.43
9.57,4,3,1,1,0,0,46.3,9.1,71.3,1,5,0,85.8,2,1,1,0,68.4
6.94,2,1,1,0,1,0,61.8,6.0,99.0,1,3,0,65.2,2,1,0,3,79.53
6.98,3,1,1,0,1,1,39.7,6.2,47.3,1,2,2,70.9,3,1,1,3,50.32
8.54,1,2,0,0,0,1,87.3,8.4,65.8,2,6,0,80.4,1,1,2,2,45.05
6.43,5,1,1,0,0,0,49.8,8.5,95.4,2,5,1,82.9,1,1,2,0,45.18
7.05,5,3,1,0,0,0,58.1,5.6,48.4,2,5,0,68.6,1,1,2,2,47.08
9.5,5,3,1,1,0,0,15.5,4.0,74.0,0,2,0,45.3,2,0,0,3,0.0
6.38,1,1,1,1,0,0,47.6,9.3,82.7,1,2,0,65.5,2,1,0,3,78.27
8.49,3,3,1,1,0,0,85.9,10.0,48.1,2,2,0,77.5,2,1,1,1,73.14
6.83,0,2,0,0,0,0,84.8,9.1,96.6,0,3,0,44.3,0,1,2,2,41.55
9.81,3,2,1,0,0,0,18.7,5.2,98.5,0,5,0,50.7,1,1,2,3,40.46
6.93,5,1,0,1,1,0,17.2,7.8,81.5,0,6,0,75.5,2,1,1,1,59.89
6.69,2,3,1,0,1,1,72.5,8.0,66.6,1,5,0,89.3,3,1,1,1,60.1
5.14,3,3,1,1,1,1,24.9,8.4,49.2,2,6,0,119.8,4,1,0,3,82.48
8.8,2,3,0,1,0,0,96.2,8.2,46.5,0,4,0,53.7,1,1,2,3,48.16
9.79,5,3,1,0,1,1,94.7,7.7,40.9,0,4,0,75.9,3,1,1,1,64.31
9.0,1,3,1,1,0,1,60.7,5.2,56.4,3,6,1,107.8,3,1,0,3,77.27
6.55,1,3,0,1,0,0,70.8,8.4,73.2,3,6,1,99.7,1,1,2,3,54.97
6.2,2,3,1,0,0,0,91.3,9.7,64.6,0,6,0,65.0,1,1,2,3,42.19
9.92,5,2,1,0,0,1,52.7,9.5,99.3,0,4,0,64.0,2,1,0,2,65.71
7.19,2,2,1,1,0,1,40.4,5.3,98.6,3,6,0,110.7,3,1,0,0,82.41
9.66,2,3,1,1,0,0,38.2,10.0,43.1,0,6,0,75.0,2,1,0,2,68.09
8.2,0,1,0,0,1,1,91.1,7.9,51.1,2,4,0,84.5,2,1,1,1,55.67
5.18,1,3,1,1,0,0,43.0,6.1,84.6,2,6,1,89.0,2,1,0,1,75.21
8.43,0,3,0,1,1,1,19.8,5.7,57.7,0,4,0,65.8,3,1,1,3,48.38
7.9,2,1,0,1,1,1,52.7,4.1,65.3,1,6,0,79.7,3,1,0,3,82.03
6.65,1,1,1,0,1,0,78.0,9.0,83.5,1,3,1,68.2,2,1,0,0,90.08
6.94,0,1,1,0,1,1,26.1,9.3,42.5,0,3,0,76.1,3,1,1,3,65.85
9.87,0,2,1,0,0,1,89.8,8.5,98.3,1,3,0,71.6,2,1,0,2,91.55
7.31,4,3,1,0,1,0,47.6,7.8,68.3,1,3,2,71.3,2,0,0,3,0.0
9.22,5,3,0,1,0,0,70.1,4.4,92.4,0,3,0,33.5,1,1,2,3,47.83
9.44,4,2,1,1,0,1,31.9,4.3,56.7,1,3,0,66.3,3,1,0,0,80.12
6.43,4,2,1,1,0,0,90.1,5.1,50.5,1,4,0,66.9,2,1,1,1,68.47
5.22,0,3,0,1,0,0,55.4,4.0,65.9,0,2,0,35.0,1,0,0,3,0.0
5.9,5,2,1,1,1,1,70.8,5.4,96.8,2,4,1,91.6,4,1,1,0,62.41
6.12,2,3,0,1,0,0,38.4,7.4,43.2,1,6,1,72.2,1,0,0,3,0.0
7.48,0,2,0,0,1,1,72.1,5.8,50.3,0,6,1,63.4,2,1,1,3,50.7
9.08,0,1,1,1,1,1,28.7,5.8,45.2,1,5,0,88.5,4,1,1,2,57.54
8.84,5,3,0,0,0,0,96.4,9.5,96.9,3,3,0,76.3,0,1,2,0,44.87
9.69,4,2,1,1,0,0,21.0,8.6,44.9,2,3,0,82.7,2,1,1,0,75.15
8.46,4,1,1,1,0,0,21.7,6.0,82.1,0,6,0,64.5,2,1,0,0,76.45
9.06,3,2,1,0,0,1,42.4,4.5,56.6,1,6,1,71.2,2,1,1,0,55.81
6.88,1,3,1,1,0,1,46.9,9.8,42.4,1,4,0,86.3,3,1,1,3,54.86
6.93,3,2,1,1,0,0,96.3,7.8,57.8,1,4,2,74.2,2,1,1,3,72.85
5.24,0,2,0,1,0,0,28.3,4.6,67.2,1,3,0,45.2,1,1,2,3,35.78
9.41,2,1,1,1,0,1,19.5,5.2,88.5,3,4,1,96.4,3,1,0,2,75.63
9.87,2,2,0,1,1,0,74.6,7.7,61.6,3,4,1,91.5,2,1,0,3,75.83
7.37,2,2,1,1,0,0,52.2,4.2,97.5,3,2,0,74.1,2,1,0,3,70.39
9.55,2,3,1,0,1,1,87.9,6.8,65.3,1,3,0,76.8,3,1,1,2,59.42
7.69,5,2,0,0,0,0,77.5,9.9,92.0,1,4,0,59.6,0,1,2,0,52.05
9.59,2,1,1,1,1,0,0.0,6.7,53.2,2,6,0,102.3,3,1,0,1,74.69
5.92,5,3,1,0,0,0,71.9,5.3,70.7,1,2,1,47.0,1,0,0,3,0.0
9.24,0,2,1,1,0,1,62.6,9.3,61.0,2,6,0,112.0,3,1,0,1,84.08
5.69,4,2,0,0,1,0,17.2,7.2,80.3,3,1,0,69.1,1,1,2,0,36.36
5.28,3,2,1,0,1,0,58.1,5.0,92.7,1,6,2,72.4,2,1,0,1,83.46
6.74,1,1,0,1,0,0,24.7,7.8,61.0,0,1,1,35.0,1,0,0,3,0.0
6.2,3,2,1,1,0,1,46.4,8.9,67.3,0,1,0,58.8,3,1,1,0,68.7
9.57,0,1,1,1,1,0,62.8,8.1,75.7,0,2,1,68.8,3,1,1,3,68.74
7.05,1,2,0,1,0,0,40.6,5.3,83.8,1,6,0,62.4,1,1,2,0,41.28
8.26,4,1,0,0,0,1,27.4,9.0,65.1,2,2,0,62.5,1,1,2,2,49.55
6.35,1,3,0,1,0,0,1.6,5.3,88.3,2,5,0,73.4,1,1,2,3,46.71
9.49,4,1,0,1,0,0,20.8,4.2,48.4,1,4,0,54.9,1,1,2,2,37.42
9.86,4,1,1,0,1,1,30.8,5.8,94.0,1,3,3,74.9,3,1,0,0,77.65
6.42,4,2,1,0,0,1,29.3,6.2,94.2,1,1,0,49.4,2,1,0,3,85.22
8.21,3,3,0,1,0,1,75.6,6.1,50.5,1,5,0,77.3,2,1,1,3,57.93
6.78,2,2,0,0,0,0,49.1,5.9,69.7,0,5,0,41.9,0,1,2,1,40.96
8.67,2,3,1,0,0,1,12.8,7.4,98.7,1,1,3,61.0,2,0,0,3,0.0
6.26,0,2,1,1,0,0,78.0,6.6,85.7,0,6,0,66.4,2,1,0,2,70.59
7.98,0,1,1,1,1,0,44.7,6.8,48.9,2,2,1,76.7,3,1,0,1,89.81
7.08,2,3,0,1,1,0,4.6,5.5,43.1,2,6,0,82.2,2,1,1,2,51.71
9.89,0,2,1,1,0,0,35.1,9.2,74.7,2,3,0,79.4,2,1,1,0,54.35
8.56,5,3,1,0,1,0,15.2,8.4,81.7,3,5,1,105.1,2,1,0,3,93.84
8.11,0,1,1,1,0,0,4.7,4.5,73.6,1,4,0,63.7,2,1,0,2,81.8
6.28,0,2,1,0,0,1,16.8,9.8,82.1,2,1,0,69.8,2,1,1,3,61.33
8.71,3,3,1,1,1,0,44.8,4.3,85.8,0,6,0,76.8,3,1,0,3,85.47
9.84,5,1,1,0,1,0,37.1,9.4,76.5,2,6,0,101.3,2,1,0,1,74.21
6.82,0,1,1,1,1,0,34.0,6.5,67.6,0,6,1,79.9,3,1,1,0,53.86
8.7,3,1,1,1,1,1,26.8,6.7,98.8,0,2,0,72.5,4,1,1,0,67.55
9.68,3,1,1,0,0,1,34.1,6.8,86.2,2,6,0,94.4,2,1,0,3,90.79
8.93,2,1,1,1,0,1,69.8,5.9,63.7,3,6,0,110.5,3,1,1,3,61.9
9.79,0,1,1,0,0,1,55.9,7.5,65.8,2,6,0,90.6,2,1,0,2,84.73
8.91,4,1,1,0,0,0,57.5,4.1,57.5,0,6,0,51.3,1,1,2,1,39.88
6.91,5,2,1,0,1,1,94.3,4.4,97.7,1,2,0,59.8,3,1,1,1,62.13
9.27,1,2,0,1,0,0,11.5,5.9,48.9,2,5,0,72.4,1,1,2,0,46.48
7.73,4,2,1,0,0,0,40.8,9.3,93.6,1,6,0,76.6,1,1,2,0,47.67
7.94,1,3,1,0,0,0,35.9,4.8,74.3,0,6,0,56.3,1,0,0,3,0.0
7.67,1,2,0,0,0,1,55.4,6.4,98.6,0,2,0,38.8,1,1,2,2,45.55
5.41,3,3,0,0,0,1,82.0,9.4,52.8,0,6,1,71.2,1,1,2,0,41.29
6.16,1,1,1,1,1,0,28.9,4.6,99.3,1,6,0,85.7,3,1,0,0,80.86
5.04,2,3,1,1,1,1,4.4,8.7,93.8,1,1,2,85.5,4,0,0,3,0.0
6.73,4,2,1,0,1,0,2.9,8.9,42.6,3,1,0,85.1,2,1,0,1,86.42
5.12,0,3,1,0,0,1,34.0,6.8,81.0,3,4,1,92.4,2,1,1,1,72.27
7.75,5,2,0,0,1,0,21.5,9.5,60.5,0,4,0,53.6,1,1,2,0,38.6
5.35,2,2,1,0,0,1,53.9,6.6,69.3,2,5,0,89.2,2,1,0,2,75.11
6.01,0,3,0,1,0,0,92.5,7.9,96.2,0,2,1,46.9,1,1,2,3,50.82
7.12,2,2,0,0,0,1,99.7,6.5,68.1,1,3,1,51.2,1,1,2,0,44.6
8.72,2,3,1,0,0,1,39.1,6.5,80.5,1,6,0,81.1,2,1,1,3,52.4
9.65,2,3,1,0,1,0,15.2,4.5,42.8,2,2,0,65.4,2,1,1,1,52.8
8.64,4,1,1,1,0,1,80.9,4.8,57.0,2,3,0,83.8,3,1,3,2,97.49
8.52,4,1,1,1,1,0,26.9,4.3,55.9,0,3,0,56.7,3,1,0,1,84.98
6.93,1,2,1,0,1,1,8.8,9.3,58.6,0,5,1,86.0,3,1,0,0,68.72
7.26,5,3,0,1,0,0,56.5,6.9,56.5,2,6,0,82.7,1,1,2,3,45.54
8.59,1,3,0,1,0,1,90.8,6.4,79.8,1,5,0,69.3,2,1,0,2,92.31
5.33,3,2,0,1,1,0,33.4,8.3,62.2,1,2,0,63.3,2,1,0,3,70.73
8.79,4,1,1,0,1,0,13.9,9.7,96.5,1,6,0,89.5,2,1,0,0,81.67
5.96,1,3,0,0,0,0,63.7,5.2,52.8,0,3,0,27.3,0,0,0,3,0.0
6.4,1,3,1,1,0,1,35.2,5.2,64.8,2,6,0,94.5,3,1,1,1,58.06
6.57,3,1,0,0,0,0,33.8,4.8,73.9,3,1,3,48.9,0,0,0,3,0.0
9.66,0,1,1,1,0,0,18.6,5.8,46.4,1,4,0,70.6,2,1,0,3,72.23
9.39,1,1,1,0,0,0,65.8,7.0,79.2,3,1,2,61.5,1,1,2,2,46.76
5.22,3,2,1,1,1,0,62.1,4.6,43.4,3,5,0,93.9,3,1,0,2,81.06
5.78,1,3,1,0,0,1,16.9,6.6,90.5,2,4,0,79.6,2,1,0,2,65.03
8.33,0,3,1,1,0,0,57.0,4.3,52.4,2,2,0,67.4,2,1,1,3,65.15
5.22,4,1,1,0,0,1,83.1,8.1,61.9,2,5,2,90.8,2,1,0,0,72.17
6.98,2,3,1,1,0,0,10.0,8.5,59.9,1,4,0,71.0,2,1,0,1,62.27
7.11,0,2,1,1,0,1,20.2,6.3,97.1,2,5,0,93.7,3,1,0,1,74.23
9.78,2,3,1,0,0,0,22.4,7.3,64.4,1,4,0,60.9,1,0,0,3,0.0
9.64,5,3,0,0,0,0,39.3,8.2,88.7,0,3,0,34.6,0,0,0,3,0.0
5.35,4,2,1,0,0,0,57.9,5.9,95.5,0,1,0,30.0,1,1,2,1,42.78
8.24,2,1,1,1,0,1,29.6,6.4,98.2,0,1,0,54.7,3,1,0,0,71.57
7.86,0,1,1,0,1,1,98.9,7.6,67.6,2,1,0,81.0,3,1,3,2,99.4
7.43,5,1,1,0,0,1,56.6,7.0,78.7,2,3,0,71.3,2,1,1,3,62.0
8.87,3,2,1,0,0,0,64.0,9.0,42.0,0,1,0,38.7,1,1,2,0,42.86
6.64,5,1,1,0,1,0,57.5,4.9,80.8,1,2,2,53.1,2,1,1,3,64.49
7.43,2,1,1,1,0,0,34.0,7.5,90.0,1,6,0,83.1,2,1,0,0,73.04
7.87,2,2,1,1,1,0,81.0,4.7,54.3,2,6,0,97.7,3,1,1,0,61.95
8.11,2,2,0,1,0,1,59.8,9.4,55.0,1,6,1,88.0,2,1,0,3,83.4
5.95,0,3,0,1,1,1,93.1,5.0,93.4,0,1,0,52.5,3,1,1,1,54.22
8.44,5,2,0,0,0,0,15.7,8.8,74.7,2,3,0,66.0,0,1,2,2,39.04
5.63,3,3,1,1,1,0,65.4,5.6,73.6,2,5,0,91.6,3,1,1,1,64.64
9.54,3,3,1,0,0,0,44.0,6.0,99.2,3,1,2,63.5,1,1,2,2,47.79
8.7,0,3,1,1,0,0,39.5,4.1,76.1,3,3,2,73.0,2,1,1,0,62.95
7.24,4,3,0,1,1,0,13.9,6.6,46.4,1,2,0,61.0,2,1,0,2,76.05
7.88,4,3,1,0,0,1,19.6,7.1,55.3,3,2,1,83.2,2,1,1,3,75.64
9.04,5,3,0,1,0,0,54.5,5.5,52.4,1,3,2,46.5,1,0,0,3,0.0
9.98,1,2,1,1,0,1,71.8,7.0,54.9,2,2,0,81.5,3,1,0,3,77.71
7.72,5,3,0,1,0,0,15.5,6.0,94.8,3,5,0,79.1,1,1,2,3,45.72
5.33,5,3,1,0,0,1,3.9,7.4,52.0,0,4,0,60.5,2,0,0,3,0.0
8.37,5,1,1,0,0,0,28.1,5.3,98.5,1,4,0,53.2,1,1,2,2,42.64
5.71,2,2,0,0,0,1,84.4,8.5,84.9,0,2,0,45.9,1,1,2,3,43.07
8.2,5,3,0,0,1,0,88.4,4.6,71.8,3,2,0,68.5,1,1,2,1,52.54
5.05,3,1,1,1,0,1,80.6,5.9,59.4,0,2,1,60.3,3,1,3,0,111.05
7.55,3,3,0,0,0,1,59.2,7.9,83.4,1,4,0,60.3,1,1,2,1,41.82
8.24,2,2,0,0,0,0,6.0,4.5,96.2,0,3,1,29.0,0,0,0,3,0.0
7.74,4,1,1,1,0,1,91.3,8.3,63.2,2,6,0,109.8,3,1,3,2,110.54
9.03,1,3,1,1,1,0,0.7,7.7,85.5,3,2,0,89.4,3,1,1,3,58.08
7.37,1,2,1,0,1,0,77.3,7.1,91.4,1,2,0,62.8,2,1,0,1,81.89
9.2,2,1,0,1,0,1,2.3,4.7,41.2,0,4,1,59.0,2,1,0,1,63.83
5.85,5,3,0,1,0,1,49.1,8.8,65.4,2,4,0,90.7,2,1,0,1,81.1
6.99,5,2,0,0,1,1,17.0,9.4,83.3,2,6,1,101.9,2,1,0,1,76.78
9.54,5,1,1,0,0,1,35.6,7.9,89.0,1,1,0,54.1,2,1,0,1,65.61
5.07,5,1,0,1,0,1,80.4,5.6,96.2,0,3,0,52.2,2,1,0,1,70.12
7.88,0,3,1,1,0,0,25.2,8.9,73.1,0,1,0,48.0,2,0,0,3,0.0
9.72,1,3,0,1,0,1,38.5,7.7,44.3,1,2,0,61.5,2,1,0,3,66.86
9.69,0,2,1,0,1,0,25.3,8.1,77.5,1,3,0,66.8,2,1,0,1,66.53
9.78,5,1,0,0,0,0,7.7,6.8,89.1,0,1,1,22.0,0,0,0,3,0.0
7.23,4,3,0,0,1,0,80.8,7.2,95.2,2,4,0,75.7,1,1,2,2,51.67
5.39,1,3,1,1,0,1,35.9,5.5,74.6,1,1,1,59.6,3,1,0,1,73.41
7.4,4,1,0,0,0,0,83.0,7.0,65.4,1,3,0,49.7,0,1,2,2,43.98
6.7,0,1,1,0,0,0,48.5,5.3,76.2,3,2,0,68.4,1,1,2,2,50.14
5.57,4,1,1,1,0,1,80.1,6.1,62.9,0,2,0,53.6,3,1,3,1,104.98
6.07,0,1,0,1,0,1,52.9,5.5,73.7,1,1,1,49.9,2,1,1,2,59.04
6.17,1,3,1,0,1,1,95.5,8.7,51.0,1,6,3,97.5,3,1,1,3,62.75
6.4,3,2,1,0,1,1,40.8,7.8,88.6,0,5,0,73.7,3,1,0,3,73.73
5.32,0,1,0,1,1,0,12.6,9.6,87.2,0,3,0,67.8,2,1,0,2,62.82
5.9,5,3,1,0,0,0,62.8,5.6,54.7,3,5,0,79.3,1,1,2,3,48.6
9.77,1,2,1,1,0,1,38.6,10.0,56.1,0,2,1,74.9,3,1,0,2,86.08
7.23,0,3,0,1,0,0,27.5,5.2,61.7,0,2,0,33.0,1,0,0,3,0.0
8.29,0,2,1,0,0,0,21.9,6.6,41.2,1,6,1,72.0,1,1,2,1,41.35
6.43,2,2,1,1,0,0,44.2,8.0,96.5,0,2,0,58.0,2,1,1,2,60.81
5.68,2,1,1,1,1,0,91.4,7.0,67.5,1,1,0,61.7,3,1,3,1,96.12
5.87,5,2,1,0,0,0,54.8,6.9,73.8,2,1,0,56.6,1,1,2,0,43.78
9.88,1,1,0,1,0,0,29.4,7.4,65.0,1,3,0,62.0,1,1,2,2,43.79
9.77,5,3,0,1,0,0,28.4,5.4,42.7,2,2,0,58.9,1,0,0,3,0.0
6.36,0,2,1,1,1,0,23.9,6.4,77.3,1,5,0,89.0,3,1,0,0,74.05
7.45,3,3,1,0,0,0,12.4,7.1,69.3,1,2,0,53.1,1,0,0,3,0.0
8.95,1,1,1,1,1,0,45.6,7.2,76.8,2,2,2,82.0,3,1,1,1,74.59
6.63,2,2,1,0,0,0,7.7,8.8,58.1,1,3,0,57.6,1,0,0,3,0.0
5.99,3,3,1,0,0,1,43.4,5.3,68.5,0,3,0,46.1,2,1,0,0,77.17
6.28,1,1,1,1,0,1,62.1,8.2,89.8,0,1,0,54.8,3,1,0,2,86.91
5.67,0,1,0,1,0,0,36.7,4.4,51.9,0,3,2,41.0,1,0,0,3,0.0
6.55,1,1,0,1,0,1,13.2,8.6,70.9,2,6,0,91.1,2,1,0,3,84.7
8.3,3,1,1,1,0,0,53.1,4.3,45.0,1,2,0,48.0,2,1,1,2,51.09
9.64,2,2,1,0,1,1,42.1,8.2,88.6,2,2,0,83.3,3,1,1,0,70.12
9.29,1,3,1,1,0,0,13.0,6.5,56.2,1,3,0,69.1,2,0,0,3,0.0
5.37,3,2,1,1,0,1,3.7,9.3,89.9,1,3,0,87.5,3,1,0,2,81.35
7.92,2,1,0,1,0,0,79.9,9.4,40.4,2,2,0,67.7,1,1,2,2,42.95
7.51,3,2,1,0,0,0,16.3,6.0,78.2,3,3,0,77.7,1,1,2,3,41.29
8.59,3,2,1,0,0,1,84.8,9.1,63.0,1,5,2,81.6,2,1,0,2,71.68
6.82,0,1,1,1,1,1,98.3,5.8,59.9,1,4,0,82.4,4,1,0,3,94.26
9.14,2,2,1,0,0,1,6.5,8.4,82.0,0,2,0,54.4,2,1,1,2,48.12
5.83,1,1,1,1,1,1,36.3,8.2,92.4,1,1,1,78.0,4,1,0,1,79.84
7.44,2,1,1,0,0,0,5.1,8.9,88.5,0,3,0,49.9,1,1,2,3,45.79
7.92,5,2,0,1,1,1,70.8,6.6,47.6,3,1,0,85.3,3,1,1,2,61.72
8.78,3,3,0,1,1,0,33.2,4.2,57.9,0,4,0,56.5,2,0,0,3,0.0
9.29,5,2,1,0,0,0,89.7,7.7,66.2,1,6,0,70.7,1,1,2,3,47.22
9.84,0,3,1,0,1,1,41.8,7.6,55.8,2,2,0,86.0,3,1,0,2,81.66
9.28,2,3,1,1,0,0,86.4,8.0,78.5,1,1,0,56.3,2,1,0,1,78.8
6.01,3,2,0,0,0,0,87.6,6.3,70.1,0,4,0,38.3,0,0,0,3,0.0
7.24,5,1,0,1,0,1,25.4,5.6,49.0,0,5,0,63.1,2,1,1,0,57.46
8.32,5,1,0,0,1,1,44.7,7.8,65.9,1,3,0,70.9,2,1,1,3,59.23
8.74,5,3,1,1,0,1,45.3,6.3,51.3,0,2,0,57.4,3,1,0,3,80.9
5.1,4,2,1,0,1,1,11.6,10.0,88.5,2,2,2,91.8,3,1,0,3,68.86
7.23,0,3,1,1,0,0,74.1,7.8,97.9,2,5,0,92.6,2,1,0,1,96.84
7.38,5,2,0,0,1,1,10.6,8.4,93.9,0,4,0,67.0,2,1,1,2,50.78
5.01,3,3,1,0,1,1,55.4,6.6,68.5,0,5,0,79.4,3,1,1,3,67.15
5.25,5,1,0,1,0,1,53.4,8.6,93.3,1,4,0,75.1,2,1,0,0,92.51
6.27,0,2,0,0,1,0,98.4,5.2,73.5,3,1,1,64.4,1,1,2,3,46.76
7.26,4,2,0,0,0,0,71.6,7.5,91.3,0,1,0,29.1,0,1,2,3,41.52
6.3,0,3,1,1,1,0,50.8,9.1,100.0,2,4,0,100.9,3,1,0,3,94.35
5.16,3,1,0,0,0,1,30.2,9.8,92.6,2,6,0,85.0,1,1,2,1,48.06
6.8,4,1,1,0,0,1,66.9,7.3,75.1,0,5,1,71.3,2,1,0,2,70.85
7.81,4,2,0,1,0,0,73.5,9.7,81.9,2,1,0,67.5,1,1,2,0,44.5
6.92,3,3,1,1,1,1,30.4,7.6,67.9,3,5,2,112.8,4,1,0,1,86.95
5.99,3,1,1,0,1,0,4.3,6.6,79.1,0,6,0,71.5,2,1,0,0,81.71
9.72,0,3,1,0,1,0,27.7,9.2,86.8,0,3,1,62.5,2,1,1,2,54.79
8.09,5,2,0,0,0,0,18.7,6.2,96.4,0,3,0,34.3,0,0,0,3,0.0
7.51,4,1,1,1,1,0,36.2,7.3,84.5,1,2,1,73.7,3,1,0,3,82.71
7.6,2,2,1,1,0,0,77.7,5.9,44.6,1,3,0,64.4,2,1,1,0,71.29
5.01,0,2,0,0,0,0,27.2,4.1,56.9,0,1,0,17.9,0,0,0,3,0.0
7.91,3,2,1,0,0,1,67.3,5.5,90.2,1,1,0,52.8,2,1,0,0,86.7
9.9,1,1,0,0,0,0,36.5,5.9,78.3,0,2,1,26.0,0,0,0,3,0.0
8.34,1,3,1,0,0,0,67.0,5.8,93.2,0,2,1,35.3,1,0,0,3,0.0
5.53,4,2,0,1,1,0,21.3,6.6,97.5,0,2,0,49.3,2,1,1,0,49.64
5.3,3,3,1,1,0,1,13.7,9.3,41.3,3,5,2,115.1,3,1,0,1,83.53
7.2,0,1,1,1,0,0,92.9,6.1,99.9,1,6,0,79.1,2,1,0,1,72.49
8.73,2,1,0,1,0,0,23.7,7.6,58.2,0,3,0,48.4,1,1,2,3,45.44
9.98,4,2,0,1,1,0,27.5,7.6,52.6,1,2,2,61.8,2,1,0,0,81.7
9.49,4,1,1,0,0,0,61.3,6.1,89.1,0,4,0,50.9,1,1,2,1,45.28
8.92,5,2,0,0,1,0,88.7,10.0,91.2,0,4,0,55.3,1,1,2,0,43.65
7.07,5,3,1,1,1,0,81.3,7.4,50.1,2,3,1,84.4,3,1,0,2,78.39
8.3,3,1,1,0,1,1,48.1,4.4,78.9,1,2,1,63.6,3,1,0,0,89.62
8.21,1,3,1,1,1,0,76.4,8.6,53.9,0,2,1,67.1,3,1,0,0,69.24
7.1,2,1,1,1,0,1,83.1,4.3,83.3,2,3,2,81.2,3,1,3,2,119.07
9.04,5,2,1,0,0,0,91.3,7.2,96.0,0,4,3,53.9,1,1,2,0,49.65
9.28,2,2,0,1,1,0,81.3,6.4,83.7,0,6,0,73.2,2,1,0,2,86.49
8.37,2,2,1,0,0,0,79.4,9.0,55.7,1,6,0,76.8,1,1,2,1,44.61
8.49,0,3,1,0,0,1,61.0,7.9,77.2,0,2,1,54.2,2,0,0,3,0.0
6.78,4,1,0,0,0,0,80.3,4.5,77.9,1,2,0,33.6,0,1,2,0,38.61
5.15,3,1,1,1,0,0,22.7,6.0,40.4,3,1,1,75.2,2,1,0,2,76.27
6.01,1,1,1,1,1,1,86.2,6.1,75.4,1,3,0,85.1,4,1,0,2,73.23
6.34,1,2,1,1,0,1,66.5,8.9,73.4,0,1,0,60.9,3,1,0,1,76.2
6.81,1,2,1,0,0,0,23.2,5.1,70.0,0,3,0,44.3,1,1,2,3,42.92
6.76,2,1,1,0,0,0,91.3,5.8,81.2,1,3,1,57.3,1,1,2,3,46.46
6.23,4,1,0,0,0,0,8.6,4.1,70.2,0,6,0,40.2,0,0,0,3,0.0
7.38,4,2,1,1,0,1,99.8,4.3,68.5,1,4,0,69.6,3,1,1,3,55.54
5.85,4,3,0,1,0,0,78.2,5.4,95.2,1,4,1,60.0,1,1,2,1,39.84
9.93,5,3,1,0,1,0,96.2,6.2,94.6,2,1,1,63.1,2,1,0,0,90.29
9.35,1,2,1,1,1,0,94.7,4.7,46.7,0,3,0,57.2,3,1,0,2,93.21
6.41,0,1,0,0,0,1,31.5,5.6,74.5,1,3,0,55.5,1,1,2,3,39.17
6.29,5,3,1,0,0,0,26.0,7.2,78.1,1,6,1,70.6,1,1,2,1,42.22
7.36,4,3,1,1,1,1,66.7,4.2,61.1,1,5,0,84.6,4,1,1,0,53.57
7.48,1,2,0,1,0,0,21.9,8.8,67.9,1,2,3,59.5,1,0,0,3,0.0
8.52,4,1,1,0,0,0,41.5,5.1,79.7,3,1,0,65.1,1,1,2,1,49.56
6.85,3,1,1,1,0,1,78.9,6.2,93.8,1,1,1,59.1,3,1,3,3,85.35
7.48,5,2,1,0,1,0,49.7,9.2,43.9,2,4,0,85.9,2,1,1,2,54.26
5.5,3,1,0,1,1,1,56.8,7.0,63.2,0,1,0,60.9,3,1,0,2,79.1
9.86,2,3,1,0,0,0,12.5,8.2,85.5,2,5,2,79.0,1,1,2,2,42.48
8.99,0,1,1,1,0,1,31.9,6.2,58.0,1,5,0,87.7,3,1,1,0,59.15
6.14,0,3,1,1,0,0,97.3,4.2,61.9,1,5,0,66.8,2,1,0,1,82.97
6.58,3,1,1,0,0,0,6.0,4.8,57.2,0,5,0,52.6,1,1,2,2,35.25
9.46,2,1,1,0,1,0,77.1,7.9,44.2,0,2,0,56.1,2,1,0,3,87.33
9.38,0,3,1,1,1,0,28.9,7.5,88.0,0,3,1,71.7,3,1,0,2,82.88
9.2,1,2,0,0,1,1,43.3,5.6,48.2,0,1,0,45.4,2,1,1,1,49.02
6.87,3,1,1,0,0,0,80.5,9.0,67.8,0,4,0,54.8,1,1,2,1,49.06
5.25,4,1,1,0,1,1,63.7,8.1,60.4,1,3,1,76.0,3,1,1,2,69.43
9.5,3,1,1,1,0,0,34.1,4.2,51.2,2,1,0,54.2,2,1,1,3,54.32
5.79,5,2,1,1,1,1,20.2,6.7,89.0,2,5,0,109.8,4,1,0,2,72.65
8.15,0,2,0,0,1,0,27.4,7.0,99.0,0,4,0,46.1,1,1,2,0,37.75
9.5,1,3,0,1,1,0,70.7,9.4,81.2,1,4,0,81.8,2,1,0,2,93.02
7.17,5,3,1,0,1,1,94.2,7.7,44.3,1,5,0,90.3,3,1,0,0,74.67
5.21,5,3,1,0,0,0,35.3,4.3,87.5,0,3,0,42.8,1,0,0,3,0.0
9.21,2,3,1,0,0,0,94.2,4.8,70.1,2,2,0,57.9,1,1,2,0,50.83
8.81,4,3,0,0,0,0,8.4,7.1,51.5,0,3,0,36.1,0,0,0,3,0.0
6.76,4,3,1,1,0,1,8.2,9.3,51.7,0,5,0,86.0,3,1,0,3,70.07
8.62,3,3,1,1,0,0,3.3,9.3,47.4,1,5,0,82.6,2,1,0,1,72.68
8.72,3,2,1,0,1,0,86.8,7.9,94.1,0,1,0,45.6,2,1,1,1,58.4
5.64,5,2,0,0,0,0,23.0,4.5,84.2,0,6,0,47.0,0,0,0,3,0.0
5.33,2,2,1,1,0,0,24.5,7.6,73.5,0,4,0,61.4,2,1,1,2,48.75
8.43,3,3,0,0,0,1,46.7,4.7,56.4,1,1,0,43.5,1,1,2,2,43.97
6.74,5,3,1,1,1,0,28.9,5.0,80.0,0,4,0,60.0,3,1,0,1,70.53
7.38,3,1,1,1,0,0,45.7,5.6,87.7,1,6,1,78.9,2,1,0,0,85.48
8.21,5,1,1,0,0,0,72.0,8.6,77.1,0,4,0,58.3,1,1,2,1,42.4
7.48,1,1,1,0,0,0,89.2,7.8,79.2,0,6,0,59.9,1,1,2,2,43.24
7.68,2,2,0,1,0,0,33.1,9.2,46.7,3,2,0,77.3,1,1,2,2,49.49
8.17,4,2,1,0,0,0,75.3,7.8,74.3,0,6,0,64.0,1,1,2,3,45.29
8.61,4,3,1,1,0,0,75.1,5.2,66.6,1,2,0,53.5,2,1,1,1,66.95
7.41,0,2,0,1,1,0,65.9,6.6,72.4,0,1,0,47.2,2,1,1,0,66.92
8.0,4,3,0,0,0,1,40.1,9.4,46.2,0,5,0,64.0,1,1,2,0,48.08
6.15,3,2,0,1,1,1,24.9,6.7,44.3,1,5,2,85.2,3,1,0,1,68.91
8.31,2,1,1,1,1,1,36.0,5.5,68.6,0,2,0,71.1,4,1,1,3,68.07
9.65,5,1,1,0,0,0,78.0,8.4,56.5,0,4,0,50.5,1,1,2,3,51.53
6.58,2,3,1,0,0,0,40.3,8.2,51.2,3,6,0,96.2,1,1,2,3,46.51
9.93,0,3,0,1,1,1,81.2,9.4,61.4,2,5,0,101.9,3,1,1,3,70.04
5.61,3,1,0,1,1,0,15.1,6.7,87.6,2,4,0,81.4,2,1,0,1,82.71
6.72,1,2,0,1,0,1,30.1,5.5,65.1,3,4,0,85.1,2,1,0,0,89.47
9.31,5,3,0,1,0,0,38.2,6.0,59.3,1,6,0,65.1,1,1,2,1,42.47
5.88,5,2,1,0,0,0,38.8,4.4,57.0,0,3,2,36.5,1,0,0,3,0.0
7.19,4,2,0,1,1,0,36.0,9.2,49.3,1,4,0,75.3,2,1,0,1,78.26
8.45,3,3,1,1,0,1,18.8,6.0,80.8,2,1,0,76.5,3,1,0,0,86.17
5.02,3,1,1,1,1,1,83.2,5.8,67.7,3,2,0,98.5,4,1,0,2,89.7
8.93,2,2,0,0,1,1,91.1,5.8,90.9,1,6,2,76.8,2,1,1,2,68.41
6.14,3,2,1,1,1,0,17.1,4.5,70.3,0,5,0,66.0,3,1,1,0,65.87
6.07,1,1,1,1,0,1,9.6,4.2,50.0,0,3,0,59.5,3,1,0,3,65.76
5.79,2,2,1,1,0,0,55.3,8.0,54.7,1,6,0,84.0,2,1,0,0,85.31
7.2,2,1,1,1,0,0,80.9,9.4,51.5,2,3,1,86.4,2,1,1,0,68.63
5.15,3,1,0,1,1,0,65.4,6.2,75.3,2,1,0,67.4,2,1,0,1,79.54
7.47,5,1,0,1,1,0,79.7,4.4,64.3,1,5,3,73.1,2,1,1,2,57.53
7.07,5,1,1,0,0,0,93.9,7.3,98.3,1,3,0,54.6,1,1,2,0,44.97
7.46,2,1,1,1,0,1,10.9,5.6,95.2,0,4,0,69.7,3,1,0,2,65.33
9.29,3,3,1,0,0,1,41.2,9.7,72.9,1,2,0,65.9,2,1,1,0,60.15
7.93,1,1,1,1,0,1,14.0,9.1,84.0,3,5,0,109.0,3,1,1,2,68.44
5.72,4,1,1,1,0,1,52.6,9.2,75.4,0,3,0,75.6,3,1,1,2,66.66
5.55,0,2,1,0,0,0,94.3,6.3,42.0,2,6,0,78.6,1,1,2,3,49.89
9.5,0,3,1,1,0,0,68.8,9.9,92.1,1,4,1,83.2,2,1,1,2,58.39
7.27,4,2,1,0,1,1,28.0,6.0,43.0,2,3,0,84.4,3,1,0,0,77.33
7.8,1,2,1,1,0,0,59.7,8.5,67.3,1,2,0,69.5,2,1,1,3,63.0
5.86,0,3,0,0,0,0,35.9,7.5,49.4,3,5,0,77.1,0,1,2,1,42.11
9.98,4,3,1,0,0,1,28.0,4.5,59.8,2,3,0,63.9,2,1,1,2,63.74
9.1,3,3,1,0,0,0,41.8,9.3,62.1,1,1,0,54.5,1,0,0,3,0.0
6.68,5,2,0,0,0,1,14.3,7.2,67.7,0,6,1,63.9,1,0,0,3,0.0
5.26,4,2,0,1,0,1,52.2,6.0,80.8,1,5,0,77.9,2,1,1,0,63.8
7.44,1,1,0,0,0,0,79.2,6.2,62.8,1,2,3,41.2,0,0,0,3,0.0
9.33,1,1,1,1,1,1,24.0,9.6,41.3,3,5,0,124.9,4,1,0,2,75.52
8.03,0,3,0,1,0,1,57.9,8.0,72.8,0,2,0,49.6,2,1,0,1,67.96
8.34,4,2,0,0,0,1,44.5,7.0,89.9,0,6,0,65.7,1,1,2,0,49.13
9.14,5,2,1,1,0,1,51.1,5.1,66.5,1,4,0,71.1,3,1,1,2,54.68
5.71,0,1,1,1,0,0,98.9,4.4,84.6,3,6,0,96.7,2,1,0,3,89.13
9.84,1,1,0,1,1,0,28.9,9.9,93.9,0,4,0,69.7,2,1,1,2,60.82
7.6,2,1,0,0,0,0,38.1,7.4,82.1,0,3,0,38.6,0,1,2,0,44.33
6.63,4,3,1,0,0,0,74.7,4.0,89.8,2,3,2,56.2,1,1,2,1,38.16
5.29,2,3,0,0,0,0,23.2,9.1,43.3,2,2,1,61.5,0,0,0,3,0.0
9.01,1,3,0,1,0,0,49.4,9.1,45.3,0,3,1,51.9,1,0,0,3,0.0
5.65,5,2,1,0,0,0,27.1,4.1,96.4,2,2,0,54.3,1,1,2,3,41.2
9.42,1,3,0,0,1,1,43.8,9.5,65.0,0,4,0,72.9,2,1,0,0,72.84
8.53,0,2,0,1,0,0,12.2,8.6,86.2,1,3,0,64.5,1,1,2,0,48.36
9.66,0,2,1,1,0,1,6.9,5.1,99.4,0,6,1,77.5,3,1,0,2,78.47
5.46,3,3,1,1,0,0,72.8,8.3,81.5,0,2,0,58.7,2,1,0,1,76.81
5.68,4,2,1,1,0,1,53.0,7.8,69.7,2,2,0,79.3,3,1,0,2,68.24
9.85,2,3,0,1,0,0,83.8,6.3,98.1,0,1,0,30.4,1,1,2,0,45.28
8.4,1,1,1,1,0,0,31.4,5.0,45.2,2,1,2,62.4,2,1,1,1,50.29
8.72,1,1,1,0,0,1,49.3,4.7,80.1,2,6,0,85.6,2,1,0,2,73.38
7.49,0,2,0,0,1,0,39.3,7.1,43.6,2,6,1,81.7,1,1,2,0,46.74
8.05,1,3,0,1,0,0,67.3,4.8,49.9,2,4,1,68.1,1,1,2,1,46.98
9.17,2,3,0,0,0,0,94.4,7.4,79.2,1,5,0,56.7,0,1,2,2,46.53
5.68,4,3,1,0,0,0,39.9,6.9,95.9,1,5,0,70.7,1,0,0,3,0.0
8.29,5,1,0,0,0,1,28.7,7.9,74.1,1,6,0,68.8,1,1,2,2,43.38
8.77,2,2,1,0,0,1,47.3,5.6,85.5,0,4,0,52.4,2,1,0,1,61.47
8.56,0,1,0,1,0,0,84.8,8.2,46.6,1,6,0,74.2,1,1,2,3,49.41
5.67,0,3,1,0,1,1,71.1,5.0,97.1,2,5,0,85.6,3,1,0,0,81.07
5.27,0,1,1,1,0,1,81.7,7.2,47.5,2,2,0,83.7,3,1,0,0,75.42
5.54,1,3,1,1,0,0,1.0,9.1,77.3,0,4,0,69.1,2,0,0,3,0.0
7.66,0,1,1,1,0,0,70.2,5.9,54.3,2,3,0,71.5,2,1,0,0,76.14
7.22,5,3,1,1,1,0,94.4,7.8,46.1,2,6,1,101.7,3,1,0,1,90.39
5.15,5,2,0,1,0,0,51.5,6.2,86.2,1,1,0,47.6,1,1,2,0,44.54
5.58,4,2,1,0,0,0,11.1,8.7,75.2,1,6,0,77.9,1,1,2,0,45.84
8.29,4,1,1,1,0,1,9.8,5.4,57.6,1,6,0,88.6,3,1,0,0,87.65
7.39,3,1,1,0,1,0,24.7,5.6,43.8,0,2,3,45.5,2,0,0,3,0.0
8.55,0,1,0,1,0,1,79.6,8.1,78.6,0,1,0,46.2,2,1,0,3,88.54
6.94,3,3,0,0,0,0,83.9,9.7,96.1,0,4,2,52.0,0,0,0,3,0.0
6.78,5,1,0,1,0,0,64.0,6.0,83.8,3,5,1,78.6,1,1,2,2,45.62
8.38,3,3,0,0,0,1,26.2,5.1,84.4,1,6,0,66.0,1,0,0,3,0.0
7.71,3,3,1,0,0,0,47.5,5.7,71.1,1,4,0,58.0,1,1,2,2,44.63
9.19,0,3,0,1,0,0,72.4,9.9,64.1,0,2,2,49.5,1,1,2,3,49.77
8.31,1,2,0,1,0,1,66.8,7.7,94.3,2,2,0,71.3,2,1,0,3,93.83
5.3,2,1,0,0,1,1,78.2,9.5,47.2,1,5,0,86.1,2,1,1,1,70.39
6.88,3,3,1,1,0,0,16.3,5.7,94.1,0,4,1,61.9,2,0,0,3,0.0
6.55,2,3,0,0,0,0,83.2,4.7,97.8,0,5,0,34.3,0,1,2,1,38.15
5.7,1,1,1,0,0,0,42.6,8.8,48.5,0,1,0,44.5,1,1,2,1,47.15
9.1,5,2,0,1,1,1,81.3,8.7,81.0,0,3,1,66.2,3,1,1,0,67.74
6.98,5,3,0,1,0,0,89.7,5.5,60.9,0,6,0,52.5,1,1,2,0,49.08
7.81,4,1,1,1,0,0,47.0,4.5,55.7,1,1,0,52.3,2,1,0,2,77.22
5.75,3,2,0,1,1,0,5.6,8.0,62.1,2,1,0,64.1,2,1,0,3,74.54
8.01,3,1,1,1,0,0,98.3,9.7,49.4,1,5,2,89.0,2,1,1,0,68.69
5.77,2,1,1,1,0,1,41.2,4.2,50.7,3,4,0,95.3,3,1,0,1,69.7
8.13,4,3,0,1,0,0,16.6,9.3,60.7,0,1,2,39.2,1,0,0,3,0.0
6.3,2,1,1,1,0,0,59.1,4.4,85.5,0,1,0,38.0,2,1,1,2,61.89
5.3,3,1,1,1,1,0,63.7,7.8,46.7,2,4,0,88.8,3,1,1,3,62.88
8.93,2,2,1,1,0,0,61.8,9.3,83.6,1,5,0,85.1,2,1,0,1,93.99
6.4,3,1,1,0,1,1,95.1,9.1,86.3,1,2,0,75.8,3,1,3,0,118.89
8.04,0,2,1,1,1,0,60.3,6.5,67.0,1,3,1,76.3,3,1,0,0,84.12
6.2,4,3,1,1,0,1,7.4,4.1,49.0,1,1,1,53.2,3,0,0,3,0.0
5.69,0,3,0,1,0,1,66.3,5.6,95.3,3,4,0,86.3,2,1,1,1,56.57
5.78,1,3,1,0,0,0,82.5,5.4,53.5,0,6,1,60.5,1,1,2,1,49.04
9.66,4,1,1,1,0,0,24.5,5.0,70.5,1,6,0,70.8,2,1,1,0,56.68
9.68,2,1,1,0,0,0,22.2,8.9,75.0,1,6,0,76.4,1,1,2,2,43.46
5.84,0,3,1,1,0,0,87.5,5.1,94.5,2,2,0,64.5,2,1,0,2,90.35
6.73,5,1,0,1,1,1,78.9,5.6,84.4,0,6,0,77.1,3,1,3,3,96.41
8.17,1,1,1,0,0,0,95.2,9.2,54.2,0,1,0,45.9,1,1,2,0,38.97
7.33,4,1,1,1,0,0,90.7,7.0,45.8,1,2,2,65.0,2,1,1,3,75.12
6.21,5,2,0,1,1,0,79.2,6.8,85.1,0,6,1,67.6,2,1,0,1,86.2
9.14,0,1,0,0,0,0,51.1,5.2,92.3,0,3,0,29.3,0,1,2,2,44.08
9.01,0,2,1,0,0,0,22.1,6.2,98.6,2,1,0,52.5,1,1,2,3,47.73
7.85,3,1,1,0,0,1,84.3,4.7,89.9,2,5,0,76.9,2,1,0,1,94.59
6.9,5,1,0,0,0,1,6.7,9.3,91.5,0,2,1,52.9,1,1,2,0,38.83
6.72,1,2,1,0,0,0,44.2,7.6,80.0,1,6,0,76.6,1,1,2,3,43.38
7.24,2,3,1,1,0,0,67.8,7.8,75.5,3,6,0,100.9,2,1,0,3,95.89
5.54,2,3,1,1,1,0,70.2,7.1,59.1,1,6,0,86.7,3,1,0,1,81.33
8.97,0,1,0,1,0,0,39.0,6.4,48.7,2,5,1,75.0,1,1,2,3,47.78
8.66,2,1,1,1,0,0,96.5,6.8,93.5,0,2,0,52.6,2,1,0,3,85.98
6.8,0,1,0,1,1,0,40.7,6.1,61.3,1,1,0,55.9,2,1,1,1,67.42
6.6,3,3,1,1,1,1,34.7,6.6,85.9,1,6,3,103.2,4,1,0,1,83.39
6.49,0,3,1,1,0,1,44.5,6.6,51.0,0,1,0,55.4,3,1,1,1,50.71
7.13,3,2,0,1,0,0,62.7,6.2,59.1,1,2,0,52.8,1,1,2,0,41.2
9.67,5,1,1,0,0,1,53.2,5.5,59.4,1,2,0,51.7,2,1,0,2,76.93
7.74,2,2,0,1,0,0,72.2,9.3,84.8,3,5,0,93.8,1,1,2,3,51.32
5.87,0,3,1,0,1,1,5.1,6.4,87.0,1,5,0,80.8,3,1,0,1,67.76
7.29,0,2,1,1,0,0,58.9,6.9,44.9,1,1,0,51.5,2,1,0,2,75.93
5.43,0,2,1,1,0,0,41.2,4.9,45.6,1,3,1,59.9,2,1,0,1,71.81
8.0,4,3,0,0,1,0,97.8,6.4,69.0,0,1,1,38.1,1,0,0,3,0.0
5.2,5,1,0,1,0,1,83.3,8.9,75.0,0,2,0,56.0,2,1,0,1,81.92
9.97,4,2,1,1,1,0,38.3,7.3,63.7,2,5,0,97.6,3,1,0,1,88.68
5.77,0,3,1,0,0,0,23.4,5.6,51.2,2,3,0,60.1,1,0,0,3,0.0
7.29,5,3,1,0,0,0,75.8,5.5,43.5,0,5,0,48.8,1,1,2,1,36.94
8.27,0,2,0,1,1,0,87.4,8.4,89.4,2,2,0,79.3,2,1,0,2,69.5
8.88,5,3,1,0,0,0,8.7,8.1,96.9,1,2,0,56.1,1,0,0,3,0.0
5.77,3,3,1,0,0,1,80.9,9.7,92.0,0,2,0,58.3,2,1,1,2,59.39
5.69,1,2,0,1,1,1,35.7,5.6,69.2,0,4,0,65.8,3,1,1,2,65.87
8.93,3,1,1,1,0,0,29.3,4.6,40.3,0,1,0,43.0,2,1,0,2,78.27
7.34,5,2,1,0,0,1,48.3,6.3,44.0,3,4,1,85.6,2,1,0,1,96.32
8.5,5,2,1,0,0,0,53.5,7.3,88.5,2,4,1,67.1,1,1,2,0,51.07
9.44,5,3,1,1,0,0,6.6,8.7,70.2,3,5,0,99.5,2,1,0,2,79.74
5.33,1,3,1,1,0,0,41.8,8.2,83.2,1,2,0,68.9,2,0,0,3,0.0
5.47,2,3,1,0,1,0,63.1,6.2,46.8,2,1,0,61.4,2,1,0,3,90.76
8.59,1,2,0,0,1,0,30.8,4.9,74.9,0,6,0,51.7,1,1,2,1,42.52
9.55,1,3,1,0,0,1,41.7,5.9,97.5,1,1,0,55.5,2,1,1,2,70.04
9.05,3,3,1,1,1,0,83.2,8.7,51.7,0,4,0,71.1,3,1,1,2,57.79
9.4,1,1,0,0,1,1,60.6,6.3,64.9,1,6,1,79.9,2,1,1,0,58.96
6.18,4,2,1,1,0,0,64.8,5.9,99.3,2,2,0,70.8,2,1,0,1,83.01
7.15,0,3,1,0,0,1,80.2,8.7,41.2,1,2,0,70.9,2,1,1,3,49.65
6.67,5,1,1,0,1,0,44.4,5.9,45.9,2,6,0,84.2,2,1,0,3,67.79
9.27,4,3,1,1,0,0,27.4,4.9,45.7,0,6,0,66.6,2,1,1,0,62.87
9.13,2,2,1,0,0,1,78.2,9.6,45.2,0,2,0,61.5,2,1,0,2,87.48
8.36,1,1,1,1,0,1,89.2,4.4,94.5,0,5,0,65.6,3,1,3,1,85.5
6.28,4,3,1,1,0,0,49.9,6.6,57.7,1,3,0,67.2,2,1,0,3,87.93
6.8,4,1,1,1,0,0,68.5,8.7,88.4,1,4,0,72.6,2,1,0,2,73.91
9.54,4,3,1,1,1,0,5.9,6.5,62.6,1,4,2,78.4,3,1,0,1,87.39
6.86,5,2,1,1,1,0,9.5,4.6,72.7,0,1,0,46.3,3,1,0,1,65.86
8.6,1,1,1,1,0,1,59.5,9.8,65.8,2,5,0,103.2,3,1,0,1,90.93
8.23,1,1,1,1,1,0,87.6,9.8,71.1,1,4,1,89.7,3,1,3,2,119.38
6.52,2,1,0,0,1,0,13.3,8.1,89.9,1,2,1,52.0,1,1,2,0,43.35
9.07,2,2,1,1,0,0,35.4,5.1,50.7,0,3,0,49.5,2,1,0,0,84.14
8.45,1,1,1,1,0,0,86.8,4.9,58.3,0,6,0,68.9,2,1,1,1,61.37
8.23,1,3,1,1,1,1,52.2,7.5,50.4,1,5,0,100.2,4,1,0,2,94.14
6.19,0,2,1,1,0,1,22.1,5.1,57.0,1,3,0,67.0,3,1,0,0,86.31
5.43,5,3,1,1,1,0,25.6,7.4,40.3,1,1,1,64.7,3,1,0,1,88.48
9.47,1,1,1,0,1,1,97.8,6.7,73.3,2,5,0,93.8,3,1,3,1,92.35
6.83,1,3,0,0,0,1,47.6,4.3,90.5,1,6,1,58.5,1,0,0,3,0.0
5.95,1,1,1,0,0,1,54.0,8.6,71.2,0,5,1,68.0,2,1,1,1,62.94
8.46,0,3,0,1,0,0,44.1,5.1,41.5,0,1,0,30.4,1,0,0,3,0.0
7.45,4,1,1,1,0,1,45.8,8.2,46.6,2,6,3,106.5,3,1,0,0,80.45
9.18,1,3,1,0,1,0,99.0,5.6,92.9,0,5,0,58.1,2,1,1,1,51.98
7.65,4,1,0,1,0,0,46.3,7.8,72.2,0,5,0,63.4,1,1,2,1,49.54
9.79,1,2,1,1,1,1,48.1,6.8,83.7,1,1,0,74.0,4,1,1,3,66.82
6.97,2,1,0,1,1,1,19.3,4.8,49.7,0,5,0,67.7,3,1,0,2,76.9
9.98,4,2,1,0,0,0,68.3,6.9,47.5,1,2,0,50.9,1,1,2,1,52.55
5.37,0,1,0,0,0,0,2.1,8.7,78.9,0,2,0,39.2,0,0,0,3,0.0
5.67,5,1,1,1,1,0,20.6,9.4,53.3,1,5,1,98.2,3,1,0,3,71.93
7.78,2,1,1,0,0,0,57.2,4.4,46.1,0,6,0,48.7,1,1,2,3,49.0
6.06,2,2,0,0,0,0,57.6,7.4,42.2,1,5,0,56.1,0,0,0,3,0.0
8.98,4,1,0,1,0,0,76.8,4.7,58.9,1,1,1,42.7,1,1,2,2,40.02
5.87,2,3,1,1,0,1,65.3,6.3,42.0,0,6,0,75.8,3,1,0,1,64.95
8.02,3,2,0,1,0,0,52.4,5.4,65.6,0,3,1,41.0,1,1,2,3,41.52
5.7,2,2,1,1,1,0,91.8,5.1,76.3,1,2,0,64.2,3,1,0,2,74.82
8.09,5,3,1,1,0,0,32.3,9.3,84.0,0,6,0,76.7,2,1,0,1,70.1
7.93,4,1,1,1,1,1,6.3,8.9,47.1,0,5,0,87.7,4,1,1,2,54.6
9.53,1,1,1,0,0,0,12.4,8.8,88.2,3,2,0,76.8,1,1,2,2,45.67
6.22,3,3,1,0,1,0,54.1,7.9,87.3,2,2,0,71.2,2,1,0,2,74.9
8.62,3,2,1,1,0,0,64.7,9.8,79.5,0,5,1,70.4,2,1,1,3,64.45
5.37,5,1,1,1,0,0,10.6,6.5,48.2,0,2,0,51.2,2,1,1,1,49.87
8.91,5,3,0,1,1,1,68.2,9.5,77.2,1,4,1,84.4,3,1,0,1,74.01
9.52,0,1,1,1,0,1,73.7,4.1,88.9,2,6,0,93.8,3,1,1,0,56.09
5.89,4,3,1,0,0,0,56.8,5.9,41.0,1,5,0,65.1,1,1,2,0,46.75
8.26,0,3,0,0,1,0,3.2,7.6,42.1,1,1,0,49.9,1,0,0,3,0.0
7.43,3,2,1,1,0,1,72.7,6.5,51.1,1,4,0,75.0,3,1,0,1,87.91
9.56,4,3,0,1,0,1,71.6,5.2,50.4,0,6,1,63.5,2,1,0,2,75.6
8.92,4,1,0,1,0,0,83.1,7.3,66.8,2,5,3,75.6,1,1,2,3,54.41
8.9,3,1,1,1,0,0,93.7,7.9,48.0,0,4,0,61.8,2,1,0,2,79.65
5.74,2,2,1,0,0,0,21.5,9.0,95.7,0,3,0,50.2,1,1,2,0,34.37
5.03,3,2,0,0,1,1,19.9,8.2,61.1,2,6,0,90.0,2,1,0,3,88.7
7.96,0,2,0,0,0,0,53.5,6.2,84.4,0,4,0,43.0,0,1,2,1,39.61
7.64,1,2,1,1,0,1,26.0,6.2,74.4,3,3,0,92.0,3,1,1,1,69.1
7.51,0,3,1,1,1,0,64.2,7.8,86.0,1,5,1,83.6,3,1,0,3,72.76
5.77,2,2,0,0,1,0,1.5,8.8,75.2,0,4,0,57.3,1,0,0,3,0.0
7.61,0,2,1,1,0,1,7.7,7.3,99.9,0,5,1,76.4,3,1,0,0,66.01
5.66,2,2,1,1,0,0,56.0,7.4,92.3,0,6,0,77.1,2,1,0,2,71.96
6.66,3,2,1,1,0,0,87.2,4.9,59.8,1,1,0,49.0,2,1,1,3,62.47
8.26,4,3,0,0,0,1,57.9,6.0,43.9,0,3,1,47.7,1,0,0,3,0.0
8.34,2,3,0,1,0,1,66.8,8.3,94.2,0,6,0,74.2,2,1,1,1,65.41
7.01,1,1,1,0,0,1,8.6,8.9,46.6,1,4,1,72.3,2,1,0,3,66.71
9.42,2,1,0,1,0,0,39.6,9.2,72.3,2,6,0,85.8,1,1,2,0,46.99
6.92,1,3,1,1,0,1,94.2,7.6,80.3,0,1,0,56.9,3,1,0,3,74.56
6.17,4,2,1,0,0,1,65.0,6.4,41.4,2,1,1,67.5,2,1,0,1,75.72
6.59,4,1,0,1,0,0,22.4,5.5,58.5,0,2,1,39.5,1,0,0,3,0.0
5.23,3,1,1,1,0,1,49.1,7.5,60.2,0,4,0,68.4,3,1,1,3,62.01
9.55,0,1,0,1,0,1,11.7,5.1,52.8,1,1,0,47.8,2,1,1,0,68.64
5.06,4,2,0,0,0,0,92.8,9.3,51.4,1,6,0,66.3,0,1,2,1,47.64
7.5,3,3,0,1,1,0,88.6,8.2,96.9,1,6,0,82.2,2,1,1,1,66.64
8.26,1,2,0,1,1,1,88.3,6.2,82.3,0,3,2,63.9,3,1,0,0,71.44
7.71,2,3,1,1,1,1,82.1,9.2,68.1,1,3,0,96.3,4,1,0,1,89.72
6.76,0,3,0,0,0,0,6.7,9.5,94.0,2,3,0,61.2,0,0,0,3,0.0
8.79,5,3,0,1,0,0,14.2,7.2,75.6,0,5,0,61.5,1,1,2,2,35.66
6.96,5,3,1,1,0,0,58.9,8.0,55.9,0,5,0,69.4,2,1,1,3,63.74
5.3,5,3,1,1,1,0,29.2,8.0,70.9,1,5,1,88.0,3,1,1,2,69.77
5.98,1,3,1,0,0,0,49.8,5.3,97.7,1,4,0,59.6,1,1,2,3,37.59
7.23,4,3,1,1,0,0,64.5,4.7,52.2,2,6,0,79.7,2,1,0,1,73.78
7.99,1,2,1,0,0,1,5.0,5.8,66.5,0,4,0,62.0,2,1,1,2,46.54
5.55,1,3,1,0,1,1,99.8,9.5,74.2,2,6,0,112.8,3,1,1,3,59.3
5.41,2,1,1,1,0,0,11.1,6.1,76.6,0,4,0,63.2,2,1,1,1,49.13
6.46,5,2,1,1,1,0,89.9,5.9,43.7,3,6,0,103.0,3,1,0,1,80.32
8.21,4,3,1,1,0,0,4.2,4.8,97.3,0,2,2,41.0,2,0,0,3,0.0
9.2,2,2,1,1,0,1,35.4,6.2,87.6,1,4,0,80.1,3,1,1,1,54.98
9.64,2,3,1,1,0,0,16.3,9.3,51.9,2,6,0,93.2,2,1,0,2,77.26
8.04,2,3,1,1,0,1,94.8,8.7,79.4,1,1,0,67.2,3,1,0,1,95.76
9.29,4,1,0,1,0,1,48.4,7.0,95.1,1,6,0,80.1,2,1,1,0,52.74
8.88,4,1,0,0,0,0,73.4,5.2,81.4,0,1,0,20.3,0,0,0,3,0.0
8.25,1,1,1,0,0,0,63.2,10.0,81.2,0,1,1,49.3,1,1,2,2,45.63
8.61,0,3,0,0,0,0,18.7,8.6,75.2,1,1,1,40.2,0,0,0,3,0.0
7.84,2,3,0,1,1,0,56.3,8.0,94.2,1,1,0,57.4,2,1,0,3,79.57
8.75,3,1,0,1,0,0,59.4,9.3,81.6,1,1,0,50.7,1,1,2,0,44.15
5.38,1,2,0,1,0,1,52.7,5.5,97.9,2,3,1,67.0,2,1,0,0,90.89
6.96,3,3,1,1,0,1,58.1,5.3,78.6,0,4,0,67.0,3,1,0,3,63.87
8.51,1,3,0,1,0,0,66.5,5.2,73.4,1,1,0,40.1,1,1,2,0,48.62
9.96,3,2,1,0,0,1,77.7,7.0,52.3,3,4,0,90.9,2,1,0,3,73.0
5.05,3,3,1,1,1,0,71.3,8.4,86.7,1,3,0,84.0,3,1,0,0,69.47
9.82,1,3,1,0,0,0,68.4,5.3,70.9,2,1,2,54.0,1,0,0,3,0.0
8.32,2,1,1,0,0,0,63.8,9.1,61.8,1,1,0,49.3,1,1,2,0,40.81
6.39,4,2,0,0,1,1,33.1,9.5,66.3,0,5,0,77.3,2,1,0,0,74.88
6.39,5,2,1,0,0,1,46.8,9.7,49.4,1,1,1,66.7,2,1,0,0,89.09
6.87,3,2,0,1,1,0,99.5,5.3,74.2,1,3,0,58.9,2,1,1,3,61.41
8.09,0,2,1,0,0,0,68.4,6.4,44.6,1,5,2,66.8,1,1,2,1,48.25
7.22,2,1,1,0,0,1,26.6,5.4,51.2,0,5,0,59.5,2,1,0,2,67.71
9.57,4,2,0,1,1,1,58.3,7.2,42.8,2,2,1,79.7,3,1,1,0,56.96
7.68,2,1,1,0,0,1,18.0,8.9,74.7,0,2,0,59.8,2,1,1,2,62.79
8.59,5,2,0,0,0,0,84.0,5.6,83.4,2,4,0,54.9,0,1,2,0,46.66
7.32,5,1,0,1,0,0,19.7,4.7,45.7,2,2,0,52.8,1,1,2,0,41.33
6.61,4,2,1,1,0,1,37.5,7.3,87.1,2,4,0,93.8,3,1,0,1,82.75
6.59,2,2,1,1,1,1,34.2,6.8,74.0,1,1,0,74.4,4,1,1,3,63.7
8.8,3,2,0,1,0,0,71.6,8.2,67.3,0,4,0,55.6,1,1,2,3,50.99
7.1,4,1,1,0,0,0,41.1,9.8,77.5,1,4,0,68.6,1,1,2,1,39.74
7.5,0,2,1,0,0,1,62.1,6.1,51.9,0,5,3,67.8,2,0,0,3,0.0
6.53,2,1,0,0,0,0,71.1,7.4,48.8,1,3,1,50.0,0,1,2,1,44.37
9.63,2,3,0,1,0,0,20.6,5.1,59.7,0,3,2,39.4,1,0,0,3,0.0
6.89,5,1,1,0,0,0,87.0,7.6,74.2,1,1,0,44.0,1,1,2,0,48.94
6.68,4,2,1,0,0,1,42.3,4.8,50.7,3,6,0,94.1,2,1,0,2,92.77
5.68,2,1,0,1,0,0,89.5,10.0,59.1,0,6,0,67.3,1,1,2,0,52.06
7.2,1,3,1,1,0,1,27.6,6.4,87.9,1,4,1,78.0,3,1,0,1,80.3
8.94,4,1,1,0,0,0,9.5,6.7,87.9,0,2,0,42.0,1,0,0,3,0.0
7.38,3,1,1,1,0,0,62.0,5.7,54.9,0,5,0,60.7,2,1,0,0,86.59
8.42,2,2,1,1,0,0,21.8,4.8,80.3,0,6,0,64.1,2,1,0,1,83.91
6.18,1,1,1,0,1,0,44.2,7.9,92.3,1,6,3,84.7,2,1,1,3,70.08
9.18,5,2,0,1,0,1,44.4,8.2,79.9,2,5,0,92.0,2,1,0,1,72.67
7.02,1,2,1,0,0,1,19.1,4.3,84.6,0,5,2,56.6,2,0,0,3,0.0
8.04,4,1,1,1,0,0,57.2,9.6,72.1,0,2,0,55.2,2,1,1,2,54.45
7.7,0,3,0,0,1,0,21.4,6.8,76.9,0,3,0,40.7,1,1,2,2,38.92
8.13,3,3,1,0,0,1,61.1,8.6,43.7,0,5,0,67.6,2,1,1,0,60.01
9.05,4,1,0,0,0,1,41.8,5.0,70.7,0,1,0,30.3,1,0,0,3,0.0
5.18,0,1,1,1,0,0,90.0,8.7,74.0,0,3,0,64.8,2,1,0,0,75.26
9.55,1,3,0,1,1,1,8.7,7.3,61.3,0,6,0,85.4,3,1,1,3,62.52
9.87,0,3,1,0,0,0,20.9,9.2,71.2,1,6,0,78.3,1,1,2,0,52.59
6.07,2,1,1,1,0,0,45.9,9.6,60.6,0,6,0,76.9,2,1,0,1,78.49
9.39,2,3,1,1,0,0,22.4,7.8,40.8,3,6,0,100.6,2,1,0,0,87.45
7.57,1,1,1,1,0,0,84.3,8.2,99.3,0,3,0,64.4,2,1,0,3,85.42
5.69,5,2,1,0,1,0,17.5,9.1,43.1,1,4,1,73.9,2,0,0,3,0.0
6.51,2,2,0,1,0,1,65.6,8.8,76.2,3,4,0,95.1,2,1,0,3,74.86
5.59,0,1,1,1,0,0,23.1,5.4,78.9,0,3,0,49.9,2,1,1,3,55.57
9.64,4,3,1,0,0,1,44.0,6.8,75.2,1,6,1,79.9,2,1,1,1,71.25
7.05,1,3,1,0,1,1,72.2,8.0,83.2,0,2,0,60.0,3,1,0,2,72.53
9.55,1,3,1,1,1,0,3.5,7.3,47.9,0,4,0,70.7,3,1,0,3,85.74
5.18,2,3,0,0,1,0,82.5,5.9,48.9,1,5,1,62.6,1,1,2,1,43.43
9.16,4,2,1,1,0,0,97.3,4.1,47.5,2,6,0,83.6,2,1,1,3,50.14
7.33,3,1,1,0,0,1,36.8,5.3,49.7,1,4,0,62.7,2,1,1,3,53.04
6.39,3,3,1,0,0,0,91.6,9.7,43.2,1,2,2,63.4,1,1,2,0,52.16
6.05,3,1,0,0,1,0,21.0,7.5,53.9,1,4,1,63.8,1,1,2,1,40.77
8.7,3,1,1,1,0,0,99.8,8.6,68.1,1,5,0,82.8,2,1,1,2,70.76
9.07,2,1,1,1,0,0,83.8,9.8,97.4,1,3,3,71.4,2,1,0,2,81.44
9.39,1,3,0,1,1,0,57.6,5.1,48.2,1,3,0,64.7,2,1,1,0,69.13
6.33,4,2,1,1,1,0,78.3,7.5,53.7,1,3,3,78.0,3,0,0,3,0.0
7.87,5,1,1,1,0,0,20.6,4.5,62.7,2,5,0,82.9,2,1,1,2,58.88
9.72,2,2,0,0,1,0,61.0,4.4,71.4,1,5,0,58.4,1,1,2,2,40.33
6.57,0,1,1,0,0,0,72.0,4.6,81.7,0,1,1,31.0,1,1,2,1,42.24
9.03,3,3,0,1,0,0,68.9,9.5,92.0,0,2,0,43.9,1,1,2,1,49.1
6.62,1,1,1,1,0,0,26.4,8.4,65.3,0,3,0,55.3,2,1,1,2,50.07
6.31,2,1,1,1,0,0,56.0,7.3,88.3,0,6,0,76.1,2,1,0,0,71.29
7.4,3,3,1,1,0,0,89.7,5.0,83.3,0,3,1,48.4,2,0,0,3,0.0
5.26,4,1,0,1,0,0,8.9,9.2,69.1,1,3,0,67.4,1,1,2,3,37.96
6.45,0,3,1,0,1,0,26.8,8.4,45.3,3,1,0,77.5,2,1,1,0,53.41
9.66,4,3,1,0,0,0,87.6,5.2,49.0,0,1,0,33.2,1,0,0,3,0.0
6.23,1,1,1,0,1,0,42.4,7.4,93.1,0,2,0,55.7,2,1,0,1,68.59
5.97,3,3,0,1,1,0,79.9,7.1,47.0,0,5,0,64.9,2,1,0,2,77.16
5.53,3,1,1,0,0,0,71.9,9.1,99.9,0,6,3,66.5,1,1,2,2,48.24
7.75,4,1,0,0,1,0,19.0,5.2,42.1,2,3,0,59.5,1,1,2,1,44.93
6.74,3,3,1,0,0,0,64.0,6.9,61.6,0,1,0,31.0,1,1,2,0,44.24
7.57,2,3,1,0,0,1,44.3,4.4,72.1,2,4,0,72.5,2,1,0,1,72.48
5.46,5,2,1,1,0,0,91.2,7.8,90.4,2,5,0,88.9,2,1,0,1,80.63
9.4,1,1,0,1,1,1,33.0,4.8,77.3,0,1,0,52.4,3,1,1,1,51.19
6.01,5,3,1,1,1,1,93.7,7.5,48.9,3,5,2,114.9,4,1,0,3,95.91
6.57,4,2,0,1,1,0,7.1,8.4,83.7,0,1,3,52.3,2,0,0,3,0.0
5.08,4,3,0,1,1,0,74.8,5.0,63.3,1,2,0,50.4,2,1,0,0,79.85
8.41,5,2,0,1,0,0,91.2,8.1,44.5,2,5,0,81.6,1,1,2,1,45.65
8.5,4,1,1,1,0,1,27.1,6.0,42.4,0,2,0,54.2,3,1,1,1,64.86
7.27,4,3,0,1,1,1,27.4,5.6,99.3,0,4,0,71.6,3,1,0,3,79.22
6.13,4,3,1,0,1,1,36.6,6.8,78.4,0,4,0,69.3,3,1,0,1,63.22
6.34,5,3,1,1,0,0,71.5,9.7,61.2,0,1,0,54.0,2,1,0,1,69.45
8.03,0,2,1,0,1,1,51.8,9.5,77.6,0,3,0,69.2,3,1,0,0,75.72
5.55,3,3,1,0,0,0,0.5,8.2,62.3,2,6,1,86.0,1,1,2,1,42.1
6.72,2,1,1,0,1,1,25.3,8.9,46.1,0,5,0,86.4,3,1,1,1,67.37
5.36,4,2,1,0,0,0,1.5,8.2,78.7,0,4,0,54.9,1,0,0,3,0.0
7.0,3,1,1,0,1,0,13.9,8.4,84.7,1,3,0,69.4,2,1,1,0,47.96
5.12,0,2,0,1,0,0,83.6,8.2,52.1,3,2,0,73.1,1,1,2,3,43.58
6.46,0,1,1,0,1,1,61.9,4.1,94.4,2,6,0,90.2,3,1,0,3,67.8
9.08,0,3,1,1,0,1,65.0,5.8,56.0,3,6,0,111.9,3,1,0,1,76.69
8.52,3,3,0,0,1,1,54.5,6.2,41.9,1,6,0,75.2,2,1,1,3,53.48
5.96,0,3,0,0,0,0,5.5,7.2,42.8,1,4,0,55.9,0,0,0,3,0.0
8.16,4,1,0,1,1,1,56.6,9.2,87.6,1,3,0,80.7,3,1,1,3,75.83
9.15,0,1,1,0,0,0,2.8,7.5,51.3,1,3,1,61.2,1,0,0,3,0.0
5.39,0,2,1,1,0,1,35.2,6.5,59.4,1,3,0,74.1,3,1,0,2,89.79
6.83,4,2,1,0,1,0,77.8,8.6,60.0,1,2,0,62.6,2,1,1,2,60.1
7.84,2,3,1,1,0,0,41.1,5.9,56.2,1,4,0,67.2,2,1,1,1,56.72
7.78,5,3,0,0,1,1,41.1,9.4,75.2,2,5,3,90.3,2,1,0,1,82.15
8.23,1,1,1,0,0,0,57.6,7.6,77.1,3,6,0,97.6,1,1,2,3,47.94
8.6,1,3,1,0,0,0,28.9,6.5,99.9,3,1,1,61.2,1,1,2,3,43.6
8.78,1,2,1,1,0,0,87.3,6.9,84.6,0,4,1,58.0,2,1,0,0,81.75
9.63,3,2,1,1,0,0,13.1,9.9,88.7,0,6,0,78.1,2,1,1,1,54.09
8.04,2,2,0,1,0,1,67.1,8.8,45.7,0,6,0,74.0,2,1,1,0,60.84
9.42,4,1,0,0,1,0,38.2,4.8,96.8,0,4,1,48.6,1,1,2,1,43.26
7.69,4,3,0,1,0,0,82.4,4.0,91.8,1,2,0,46.1,1,1,2,1,42.87
6.75,4,1,1,1,0,0,94.0,8.5,75.5,0,4,2,64.4,2,1,1,2,67.85
8.22,1,1,0,0,0,1,67.1,6.5,64.0,1,6,1,68.4,1,1,2,0,41.11
7.32,2,1,0,1,0,1,80.7,6.5,90.0,0,2,1,46.7,2,1,0,0,87.96
7.0,5,3,1,1,0,0,83.5,6.2,60.7,1,1,0,56.2,2,1,1,1,56.77
9.82,1,3,0,0,0,1,77.9,6.6,70.4,3,4,0,80.9,1,1,2,1,46.0
7.07,4,3,0,1,0,0,83.1,7.2,77.4,1,3,2,53.8,1,0,0,3,0.0
7.83,2,2,0,0,0,1,12.0,7.8,98.3,1,4,0,61.5,1,1,2,2,46.84
9.2,3,1,1,1,0,1,7.9,4.6,58.4,0,1,0,51.4,3,1,0,0,63.6
8.49,4,2,0,1,0,1,76.0,6.1,58.7,0,3,2,55.6,2,1,1,2,57.05
5.3,3,1,1,1,1,1,27.1,4.6,67.6,1,3,0,74.2,4,1,1,3,55.44
6.74,4,1,1,0,1,1,24.0,9.7,62.9,1,3,0,88.6,3,1,0,2,93.63
5.53,5,1,1,1,1,0,34.2,5.5,79.1,1,6,0,89.1,3,1,0,0,76.42
8.87,3,3,1,1,0,0,13.3,8.5,75.0,0,4,0,68.3,2,1,1,3,63.33
7.09,2,1,1,1,1,1,46.0,6.2,40.7,3,4,0,105.5,4,1,1,1,68.63
6.88,0,2,1,1,1,0,24.5,7.4,73.5,0,1,0,55.3,3,1,0,0,87.99
8.14,4,3,1,1,0,1,49.5,8.4,89.4,0,3,1,70.8,3,1,0,0,87.12
7.32,0,3,1,1,0,0,69.0,7.9,94.4,0,4,0,64.5,2,1,1,0,50.06
7.95,4,1,1,0,1,0,70.0,7.1,85.7,0,1,0,46.8,2,1,0,2,77.62
9.54,4,2,1,1,0,0,54.6,9.8,83.9,0,3,1,60.2,2,1,1,1,65.4
9.57,3,3,1,0,0,0,90.2,4.4,78.3,2,6,1,71.2,1,1,2,2,52.03
9.15,5,2,0,0,1,1,24.4,4.2,85.0,0,3,2,50.8,2,0,0,3,0.0
9.58,1,2,1,0,1,0,33.1,4.7,43.8,1,1,0,49.1,2,1,0,1,67.36
7.84,5,3,1,0,0,1,84.2,9.6,96.4,0,4,0,66.8,2,1,0,3,78.58
9.9,1,2,1,1,1,0,30.6,4.9,99.6,0,6,0,75.7,3,1,1,3,63.17
9.03,0,2,0,1,0,1,23.3,6.2,59.7,3,6,0,101.2,2,1,0,0,94.88
6.23,3,1,0,1,0,0,95.8,6.0,47.4,0,1,1,30.7,1,1,2,0,41.49
5.05,2,2,1,0,1,1,51.4,9.2,48.0,0,4,0,80.9,3,1,1,2,57.15
8.81,4,3,1,0,0,1,95.2,9.6,84.8,0,4,1,73.7,2,1,0,2,97.39
5.36,2,1,1,0,1,0,15.3,9.1,41.5,1,2,0,69.3,2,1,0,3,80.77
7.78,1,2,0,1,0,0,96.0,7.3,88.5,0,6,0,65.8,1,1,2,2,51.12
5.03,0,3,1,0,0,1,71.2,8.3,55.6,0,3,0,63.4,2,1,1,0,59.38
5.22,2,2,1,1,0,1,93.1,5.5,65.4,1,3,3,67.5,3,0,0,3,0.0
5.82,2,1,0,1,0,1,46.9,8.1,54.5,2,2,0,72.9,2,1,0,2,77.01
5.45,5,3,1,1,0,1,52.7,5.3,94.2,0,2,3,57.3,3,0,0,3,0.0
9.07,3,3,1,1,0,1,62.2,8.0,64.6,3,4,2,99.3,3,1,0,1,88.45
6.54,5,2,0,0,0,1,59.2,9.1,53.4,0,3,1,49.7,1,1,2,3,36.01
6.57,5,2,1,1,0,0,69.2,7.7,67.8,0,5,0,71.1,2,1,0,0,69.83
6.79,4,1,1,1,0,1,87.7,9.2,88.2,0,4,0,76.1,3,1,3,3,105.06
7.31,0,1,1,0,1,1,52.2,9.1,47.0,1,2,0,80.0,3,1,1,2,54.09
6.4,2,1,0,1,0,0,7.7,5.3,95.7,0,1,1,34.8,1,0,0,3,0.0
6.81,3,1,1,0,0,1,67.3,4.7,46.7,0,1,1,42.6,2,1,1,2,56.38
8.59,0,3,1,1,0,1,20.1,4.3,40.7,1,4,1,77.4,3,1,1,3,56.81
8.94,0,1,0,1,0,0,32.9,9.7,75.4,3,6,0,97.7,1,1,2,2,51.69
6.34,4,2,1,1,0,0,42.3,7.0,50.1,0,1,1,49.9,2,0,0,3,0.0
7.14,0,1,0,1,1,0,3.7,4.5,57.4,2,3,0,65.9,2,1,0,1,66.79
7.09,1,2,1,1,1,1,47.6,4.5,85.3,0,2,0,62.3,4,1,0,3,78.5
7.98,3,3,1,1,0,0,97.0,4.8,84.6,0,1,1,43.8,2,0,0,3,0.0
9.27,5,3,1,0,1,1,68.9,7.4,54.3,0,4,2,71.5,3,1,1,3,52.02
9.7,3,1,1,1,0,0,26.6,5.2,56.1,3,3,1,76.9,2,1,0,3,70.21
7.07,4,1,1,1,0,0,80.3,9.5,88.5,0,4,0,70.4,2,1,1,1,53.24
5.01,3,2,1,1,1,0,14.8,9.8,89.6,1,6,0,98.0,3,1,0,3,73.51
8.29,4,1,0,1,0,1,2.6,7.9,96.9,2,4,1,88.1,2,1,1,1,70.54
8.46,4,2,0,0,0,0,11.5,8.7,54.1,0,1,0,26.6,0,0,0,3,0.0
5.41,1,2,0,1,0,0,4.1,4.1,83.9,1,3,0,50.8,1,0,0,3,0.0
8.9,1,1,0,1,0,0,87.5,5.5,84.3,0,4,1,48.9,1,1,2,3,45.29
8.34,2,3,0,1,1,0,34.0,7.4,59.9,0,6,0,76.1,2,1,1,3,60.35
8.86,1,3,1,1,0,0,37.6,6.9,72.8,2,1,0,65.4,2,1,1,3,55.93
7.16,2,1,1,1,0,0,68.8,6.8,91.3,1,4,0,68.1,2,1,0,1,72.37
5.87,1,3,1,1,0,0,55.1,7.3,69.4,2,2,1,69.1,2,1,0,0,89.32
5.19,4,1,1,0,0,0,7.6,6.9,57.3,2,3,0,63.9,1,1,2,2,40.01
8.95,1,2,0,0,1,1,39.9,6.3,98.5,0,2,0,47.2,2,1,0,0,76.59
5.86,2,1,1,1,0,1,9.3,5.0,93.4,3,2,0,86.7,3,1,1,2,72.39
8.63,5,3,1,0,0,1,45.3,9.0,75.1,1,2,0,69.8,2,1,1,0,59.41
7.93,4,1,1,1,0,0,91.6,10.0,84.3,0,5,2,79.7,2,1,0,2,77.25
6.06,4,1,0,0,0,0,22.5,7.2,72.6,0,4,1,38.2,0,1,2,1,38.31
7.12,0,3,1,0,0,0,45.6,5.3,92.6,0,5,0,47.9,1,0,0,3,0.0
8.9,0,2,0,0,0,1,25.3,5.1,98.2,1,6,0,63.3,1,1,2,2,38.39
7.73,2,2,1,1,0,0,31.3,9.2,71.8,0,5,0,68.2,2,1,1,3,61.37
6.09,2,2,1,1,0,1,34.7,6.4,86.8,1,4,0,82.0,3,1,1,3,53.71
5.25,2,2,1,0,1,1,43.0,4.1,45.6,0,3,0,58.8,3,1,1,2,46.76
5.98,1,1,1,1,0,0,38.7,8.7,75.7,1,2,0,70.5,2,1,1,2,50.69
7.28,4,2,1,1,0,0,85.8,9.0,80.0,0,2,0,59.6,2,1,1,3,59.33
9.81,3,2,1,0,1,0,1.5,6.3,88.6,0,2,0,53.0,2,0,0,3,0.0
8.84,2,3,1,1,1,0,67.5,7.5,75.5,0,4,0,76.0,3,1,0,3,79.43
8.73,3,2,0,1,0,0,80.9,7.0,87.8,0,5,0,56.3,1,1,2,0,44.51
7.59,5,2,0,0,0,1,25.8,6.8,73.9,0,4,0,48.6,1,0,0,3,0.0
8.51,5,2,1,1,0,0,92.3,5.3,81.1,1,3,1,61.4,2,1,1,0,58.9
5.36,0,2,1,1,0,0,77.7,8.3,64.9,0,2,1,50.4,2,0,0,3,0.0
8.07,4,2,1,0,1,0,26.6,9.3,77.8,1,1,1,66.7,2,1,1,0,60.33
7.13,3,3,1,0,0,1,20.9,8.6,48.7,0,4,0,65.0,2,1,1,2,66.77
5.99,2,2,0,0,0,1,42.9,9.2,40.8,3,3,3,78.6,1,0,0,3,0.0
8.62,0,1,1,1,0,1,54.3,9.1,46.7,3,2,0,97.1,3,1,1,3,79.06
6.53,4,2,1,1,0,0,19.3,9.2,49.4,2,3,1,81.0,2,1,1,0,69.47
9.26,1,1,1,1,0,0,23.5,7.1,47.6,1,4,0,70.0,2,1,0,3,87.75
9.74,4,1,0,1,1,0,47.5,4.1,52.9,0,2,0,40.1,2,1,0,3,67.7
6.21,2,3,1,0,1,1,44.9,7.9,89.8,2,3,0,87.8,3,1,0,3,78.39
7.41,5,1,1,1,0,0,1.3,6.7,45.1,1,4,0,70.3,2,1,1,3,62.62
9.29,3,1,1,0,0,1,87.7,9.6,86.3,0,3,1,67.2,2,1,0,2,87.54
9.03,1,3,1,1,0,0,27.2,9.4,82.0,0,1,0,48.2,2,1,1,0,52.94
8.49,4,3,1,1,0,1,31.8,4.9,87.1,0,1,0,52.6,3,0,0,3,0.0
6.4,1,2,1,0,0,1,72.0,4.7,71.1,2,1,0,63.6,2,1,0,1,92.03
6.44,2,1,1,1,0,0,94.7,6.3,62.3,1,6,0,79.2,2,1,0,2,72.71
8.57,1,2,1,1,0,0,51.2,6.2,69.5,0,3,0,48.8,2,1,1,3,48.75
7.4,1,1,1,0,0,0,35.1,7.0,85.0,1,6,0,72.8,1,1,2,1,50.77
8.64,2,2,0,0,0,1,77.9,7.9,46.5,0,2,0,41.1,1,1,2,2,48.34
6.11,4,3,1,1,0,0,15.3,7.9,63.7,3,5,0,103.4,2,1,1,1,64.59
6.92,3,2,0,1,0,0,87.6,4.0,68.7,1,6,0,60.9,1,1,2,1,46.57
9.04,3,2,0,0,0,0,24.1,8.5,43.2,1,6,0,69.3,0,1,2,1,40.59
9.8,0,2,1,0,0,1,21.4,4.6,58.4,2,4,0,78.6,2,1,0,0,82.69
5.06,5,3,0,0,0,0,81.6,4.8,74.5,0,1,0,16.5,0,0,0,3,0.0
8.95,5,3,1,1,0,0,59.9,9.7,80.5,2,2,2,82.8,2,1,0,0,85.95
8.94,5,2,1,1,1,0,23.6,6.3,57.0,1,1,0,64.3,3,1,0,0,72.8
6.34,2,2,1,1,0,0,90.9,4.9,73.1,1,1,0,51.2,2,1,1,3,52.79
5.03,4,2,1,0,0,1,44.3,5.9,66.9,0,5,0,58.3,2,1,1,0,53.7
7.17,2,2,0,1,0,1,12.1,6.2,58.2,0,4,0,62.2,2,1,1,1,47.31
9.7,2,3,1,0,0,1,12.7,7.2,91.4,2,3,1,72.8,2,1,0,0,74.12
6.97,0,2,1,1,0,0,26.1,4.6,75.2,0,3,0,43.9,2,1,0,2,64.75
8.64,3,3,1,1,1,0,35.2,6.4,57.3,1,6,0,88.7,3,1,0,1,87.9
7.58,5,1,1,1,1,0,44.9,6.5,41.2,2,4,0,93.5,3,1,0,0,90.05
5.54,2,3,1,1,0,1,11.4,6.4,69.3,1,4,0,77.7,3,1,0,3,85.12
5.79,2,1,1,0,0,0,0.6,8.5,70.1,0,4,0,53.6,1,1,2,0,41.57
5.83,3,2,1,1,0,1,19.6,7.9,50.4,2,1,1,81.3,3,1,1,2,65.18
7.83,5,3,0,0,1,1,22.3,4.6,44.1,2,2,0,58.9,2,1,0,1,65.39
8.01,4,1,1,1,0,0,70.5,4.5,81.0,2,2,0,67.7,2,1,0,2,90.01
7.59,5,2,1,1,1,0,16.7,9.0,82.4,1,6,0,98.6,3,1,1,3,69.02
7.25,4,3,0,0,0,1,22.6,7.8,66.2,1,4,0,60.5,1,1,2,3,49.48
7.78,1,1,1,0,0,0,10.5,6.4,62.9,3,1,0,60.8,1,1,2,0,39.49
7.45,0,1,1,1,1,1,78.7,9.4,53.8,1,1,3,86.8,4,1,3,1,110.12
7.39,0,1,0,1,0,1,16.6,6.2,46.4,1,4,0,65.1,2,1,0,3,67.98
8.71,4,1,0,1,1,0,19.9,4.2,51.6,1,5,0,70.2,2,1,0,1,66.0
5.09,0,2,1,0,0,1,0.1,7.8,93.6,0,5,0,65.1,2,0,0,3,0.0
8.93,0,2,1,0,0,1,68.4,4.8,79.8,2,3,0,66.8,2,1,0,0,66.1
6.17,2,3,1,0,0,0,91.3,6.7,46.0,1,6,1,71.7,1,1,2,0,42.47
8.52,4,2,1,0,1,0,68.3,7.8,92.5,0,4,0,63.2,2,1,0,3,76.22
5.34,2,2,1,0,0,1,47.4,4.4,93.4,0,2,0,41.8,2,0,0,3,0.0
7.71,3,3,1,0,0,1,51.2,5.5,72.0,0,3,1,48.7,2,0,0,3,0.0
6.96,4,1,1,1,0,0,0.8,9.6,65.8,0,5,0,76.2,2,1,0,2,63.06
7.7,4,1,1,0,0,0,62.6,4.9,62.8,2,1,0,53.8,1,1,2,2,46.87
9.95,2,2,1,1,0,1,78.7,4.7,79.7,3,5,1,99.0,3,1,0,3,93.37
8.69,2,2,1,0,0,0,27.4,8.6,72.3,0,3,0,55.6,1,1,2,2,49.39
6.43,4,3,0,1,1,1,38.3,5.3,59.7,0,3,0,64.2,3,0,0,3,0.0
9.47,5,1,1,0,0,0,44.9,4.1,80.6,0,5,2,47.1,1,0,0,3,0.0
9.97,5,1,1,0,0,0,16.0,8.7,63.9,1,2,1,58.1,1,0,0,3,0.0
6.65,0,1,1,0,0,0,20.7,6.1,61.7,1,3,0,53.0,1,1,2,0,40.96
7.89,0,1,0,1,1,1,45.2,5.3,56.9,0,6,2,78.7,3,1,0,2,75.38
6.75,4,3,1,1,0,0,0.7,6.2,99.4,1,3,0,60.5,2,1,1,3,54.58
5.85,2,2,1,0,0,1,15.8,5.1,64.3,1,4,1,67.3,2,1,0,0,67.68
7.86,5,3,1,1,0,0,94.4,6.3,72.8,1,5,0,69.3,2,1,1,3,70.05
6.36,4,2,0,1,1,1,67.8,6.8,51.8,1,4,0,83.1,3,1,1,0,53.8
5.82,1,3,1,1,1,0,92.1,9.4,59.3,2,4,0,94.9,3,1,1,3,75.28
6.65,0,3,1,1,0,0,37.0,4.6,64.5,0,2,0,42.8,2,0,0,3,0.0
9.45,3,1,1,1,0,0,81.5,8.1,46.1,1,2,0,67.1,2,1,0,1,73.33
7.85,0,2,0,1,0,1,26.3,5.5,54.6,0,6,0,66.9,2,1,1,0,59.89
7.32,5,2,0,0,1,0,55.2,5.9,61.2,1,4,0,54.9,1,1,2,1,44.42
7.46,2,3,1,0,1,0,75.4,8.5,69.9,1,1,0,60.7,2,1,0,0,85.02
5.05,3,2,0,1,1,0,82.8,6.6,41.9,0,4,0,58.4,2,1,0,1,75.26
7.67,0,1,0,0,0,1,89.4,7.7,64.2,1,6,2,68.3,1,1,2,1,52.47
6.87,5,3,1,1,1,0,59.5,7.1,50.2,2,2,0,81.2,3,1,0,0,87.79
9.04,0,1,1,0,1,0,70.0,6.0,89.4,2,1,2,59.0,2,1,1,0,71.58
5.76,4,1,0,0,1,1,61.3,4.9,92.1,1,2,0,51.2,2,1,1,3,60.39
6.91,4,3,0,1,0,0,40.7,5.7,85.9,1,2,0,43.2,1,0,0,3,0.0
9.99,1,1,1,1,0,0,59.9,6.4,76.7,0,5,2,65.4,2,1,1,2,66.65
9.27,4,1,1,1,0,0,42.1,8.9,71.4,0,6,1,75.2,2,1,0,0,74.54
6.03,3,2,1,1,0,0,23.6,9.1,95.8,2,3,3,78.8,2,1,0,1,69.1
7.07,2,2,0,0,0,1,97.2,5.1,52.8,3,1,0,57.8,1,1,2,1,52.29
8.52,1,1,1,1,1,0,23.8,8.0,69.3,1,3,0,81.4,3,1,0,2,82.05
6.81,2,1,1,0,0,1,84.6,9.1,60.2,1,5,0,86.1,2,1,0,3,80.61
6.56,1,3,1,1,0,1,34.4,7.0,74.0,1,4,0,77.0,3,1,0,3,82.42
6.3,5,3,0,1,1,0,21.3,5.0,55.7,1,4,1,69.4,2,0,0,3,0.0
5.91,1,3,1,1,0,0,28.8,6.6,48.4,1,2,0,56.8,2,1,0,3,71.11
8.83,5,1,1,1,0,1,84.5,7.6,84.6,0,3,0,64.4,3,1,0,2,79.46
6.12,5,3,1,1,1,0,48.9,4.2,90.9,0,4,1,60.7,3,0,0,3,0.0
5.24,2,3,1,1,1,1,91.4,8.3,40.7,0,6,0,92.6,4,1,0,1,93.7
5.85,5,2,1,1,0,0,13.3,5.2,41.0,3,5,0,89.4,2,1,0,3,67.43
9.44,5,1,0,0,0,0,40.4,9.8,51.2,0,3,0,40.4,0,1,2,1,41.31
8.85,1,1,1,0,1,0,90.9,4.3,48.4,0,2,1,46.7,2,1,0,3,82.2
5.72,3,2,1,0,0,0,96.3,9.6,66.5,2,5,0,80.0,1,1,2,2,48.92
7.48,3,2,1,1,0,0,80.3,9.3,71.9,1,5,1,85.3,2,1,0,1,85.67
8.97,0,2,1,1,0,1,12.4,5.2,47.1,2,1,0,72.7,3,1,0,1,85.36
7.88,2,1,1,1,1,0,97.0,7.7,84.1,0,2,0,62.6,3,1,0,1,86.29
5.9,4,3,0,0,1,0,37.5,6.1,47.7,2,5,0,74.1,1,1,2,0,48.09
8.05,0,1,1,0,0,0,43.0,9.4,49.2,1,2,0,54.8,1,1,2,1,38.67
5.08,5,3,0,0,0,1,34.7,9.4,56.6,0,4,0,53.6,1,1,2,0,45.46
7.96,3,2,0,1,0,0,74.3,8.2,83.3,1,5,0,67.3,1,1,2,0,41.29
9.49,4,2,1,1,0,0,65.1,6.8,74.2,0,2,0,53.7,2,1,0,0,68.97
8.37,1,1,1,1,0,1,29.5,4.5,47.0,0,4,0,62.5,3,1,1,1,66.89
8.16,4,1,1,1,1,0,69.3,4.3,53.6,0,6,0,71.7,3,1,1,1,56.44
8.11,5,1,1,1,0,0,66.1,4.2,73.6,0,3,0,44.4,2,1,1,2,56.68
8.76,4,1,0,1,0,0,95.0,4.9,51.5,0,4,0,40.2,1,1,2,1,47.84
8.54,2,2,0,1,0,0,93.0,8.1,92.2,0,6,0,61.8,1,1,2,2,47.92
7.28,4,1,0,1,0,0,21.2,4.8,92.9,0,3,0,36.0,1,0,0,3,0.0
8.27,0,1,0,0,0,0,46.3,9.0,70.4,0,2,0,38.8,0,1,2,2,48.2
5.27,4,1,0,1,0,0,1.7,8.3,48.4,0,6,0,69.6,1,1,2,0,36.93
9.43,3,2,1,0,1,0,73.7,7.9,43.7,0,1,0,51.9,2,1,0,3,65.87
8.27,0,3,1,0,0,0,17.0,5.6,72.4,0,2,0,37.4,1,0,0,3,0.0
6.75,1,1,0,1,1,0,99.6,7.0,51.6,0,2,1,51.5,2,1,0,3,70.13
5.46,3,2,1,1,0,0,2.7,8.4,69.9,1,4,0,74.9,2,1,1,2,50.3
8.19,3,2,1,1,1,1,38.8,8.5,40.9,0,1,0,73.0,4,1,1,1,51.9
6.39,3,3,1,0,1,1,21.8,8.0,89.8,3,2,0,96.0,3,1,1,0,52.48
5.32,2,1,1,0,0,0,58.4,9.1,61.0,0,2,3,52.2,1,0,0,3,0.0
5.07,1,1,0,1,1,1,13.5,9.1,81.9,0,5,0,85.7,3,1,1,1,69.32
8.89,2,3,1,1,1,0,69.3,9.2,96.0,0,6,0,91.1,3,1,1,0,63.33
5.61,4,1,1,0,0,0,79.7,8.8,87.8,0,6,0,65.5,1,1,2,2,41.18
5.37,4,1,0,1,0,1,37.5,5.4,83.2,1,1,0,47.8,2,1,0,0,69.66
8.18,3,1,0,0,0,0,82.2,8.5,47.9,2,6,0,78.0,0,1,2,1,43.84
5.31,0,1,1,0,0,0,80.6,6.9,44.8,1,2,0,47.3,1,1,2,0,45.21
7.94,1,1,1,0,0,0,90.9,5.6,48.3,1,6,1,64.2,1,1,2,2,42.14
5.63,4,3,1,1,0,0,80.0,6.0,45.6,1,2,0,62.3,2,1,1,0,56.08
6.41,3,1,1,1,0,0,35.4,5.7,49.4,3,3,0,85.0,2,1,1,2,67.4
9.12,0,2,1,1,0,1,8.1,7.1,45.2,0,4,0,67.7,3,1,0,1,81.03
7.18,4,3,1,0,1,0,66.3,9.6,90.3,2,6,0,95.7,2,1,0,1,96.0
9.65,2,1,1,1,0,0,46.9,4.0,78.2,2,1,1,56.6,2,1,0,0,88.99
5.37,0,2,1,1,0,1,23.8,8.0,70.8,1,3,3,75.2,3,0,0,3,0.0
9.31,1,2,0,1,0,0,20.2,7.2,64.7,1,6,0,75.9,1,1,2,0,42.29
7.76,1,3,0,0,1,1,93.4,4.7,73.2,1,6,1,77.8,2,1,1,3,54.54
7.18,1,1,1,1,0,1,3.2,8.4,72.0,0,2,0,68.7,3,1,1,3,67.17
7.95,1,3,1,1,0,1,90.1,8.6,60.8,0,3,0,70.9,3,1,0,3,94.25
7.34,2,2,0,1,0,1,88.4,6.5,88.0,1,6,1,83.7,2,1,0,3,75.35
7.28,0,3,1,0,1,0,70.4,9.0,49.7,2,2,0,80.8,2,1,0,1,93.83
9.04,2,1,0,0,1,1,8.5,4.7,68.6,1,6,1,73.0,2,1,0,3,75.58
6.44,2,3,1,0,0,1,97.0,6.3,84.5,1,2,0,54.1,2,1,1,1,69.78
8.93,5,2,0,0,1,0,58.4,7.5,60.4,1,3,0,54.4,1,1,2,1,45.47
5.82,1,2,1,0,1,1,54.8,6.4,67.6,1,3,0,77.7,3,1,1,1,57.95
6.87,2,3,1,1,0,0,94.2,8.7,68.8,0,5,0,69.7,2,1,1,2,59.75
9.21,4,1,1,0,1,1,0.1,9.2,71.8,3,3,3,102.1,3,1,1,0,59.57
5.53,5,1,1,1,0,0,93.9,4.7,99.2,1,3,0,64.0,2,1,1,0,65.66
7.08,3,2,0,0,0,0,68.4,9.9,80.0,0,1,0,37.1,0,1,2,0,38.36
7.72,1,2,0,0,1,0,74.6,6.8,99.9,3,6,1,88.5,1,1,2,1,44.78
6.14,4,2,1,0,0,0,96.7,9.0,84.6,1,5,0,67.1,1,1,2,1,46.57
9.18,1,1,1,0,1,0,6.1,6.9,66.3,1,5,0,75.0,2,1,1,3,49.6
8.95,5,1,1,0,0,0,61.0,9.8,55.6,1,6,0,81.7,1,1,2,1,40.66
7.83,0,1,0,0,0,1,21.9,6.4,40.9,0,3,0,40.2,1,0,0,3,0.0
9.6,0,1,1,1,0,0,52.5,4.6,91.8,0,4,0,53.5,2,1,0,2,76.42
8.2,0,3,1,1,1,1,8.5,6.6,51.6,0,3,3,72.5,4,0,0,3,0.0
9.51,3,3,0,0,0,1,60.3,5.7,94.3,0,2,0,33.4,1,1,2,2,41.55
7.25,4,3,1,1,1,1,86.0,8.2,54.7,1,4,0,95.0,4,1,1,0,62.63
5.57,1,3,1,1,1,1,25.5,8.3,59.8,0,1,0,69.9,4,1,0,3,82.22
6.12,1,3,1,0,1,1,65.9,8.6,76.0,1,6,0,99.1,3,1,0,2,74.36
7.14,1,1,0,1,0,1,56.4,9.0,63.9,3,4,0,101.2,2,1,1,3,54.48
6.45,0,2,1,0,0,0,10.6,8.6,59.0,1,6,0,76.5,1,1,2,0,38.59
6.05,1,1,0,1,1,1,79.6,4.3,83.8,1,6,0,85.0,3,1,3,1,107.16
7.96,5,1,0,0,0,0,23.4,7.6,81.7,0,5,0,43.9,0,1,2,0,35.63
9.26,0,3,0,1,0,0,67.6,9.5,41.1,1,1,3,52.2,1,0,0,3,0.0
8.57,5,3,0,0,1,1,70.7,9.9,96.4,0,4,0,67.1,2,1,0,0,84.71
7.93,1,2,1,1,0,1,45.2,5.0,87.5,2,3,1,77.3,3,1,0,1,66.3
5.49,5,2,0,1,0,1,4.7,7.8,71.3,0,1,0,47.1,2,1,0,2,64.28
9.23,3,1,1,1,0,1,40.2,9.1,50.6,1,6,0,100.5,3,1,1,1,69.16
9.79,4,1,1,1,1,0,11.1,6.5,70.9,0,3,2,60.8,3,1,1,3,63.14
7.04,3,3,1,0,0,1,83.4,9.6,52.6,1,1,0,63.2,2,1,0,0,83.57
9.44,4,1,0,0,0,1,42.4,9.1,52.8,0,3,0,53.8,1,1,2,3,41.2
9.44,4,1,1,1,0,0,19.1,7.2,49.5,1,3,1,63.1,2,1,0,2,74.59
7.18,2,2,0,1,0,0,14.5,6.9,75.2,0,3,0,50.5,1,1,2,1,41.26
7.71,4,1,1,1,0,1,75.6,4.3,64.2,0,1,0,48.6,3,1,0,3,78.14
9.46,4,2,1,1,0,0,89.1,5.5,59.2,0,6,0,62.1,2,1,0,0,87.48
6.71,1,2,1,0,0,0,10.1,5.8,77.7,1,1,1,38.1,1,0,0,3,0.0
9.47,5,3,1,1,0,0,22.3,5.5,41.6,3,5,0,93.3,2,1,0,3,68.82
8.39,4,1,0,1,1,0,4.4,5.2,61.1,1,5,3,66.8,2,1,0,2,81.09
9.52,1,3,0,0,0,1,3.9,5.1,67.9,1,1,1,41.7,1,0,0,3,0.0
7.83,4,1,1,1,0,1,65.6,9.2,60.2,1,1,1,70.3,3,1,1,0,61.45
9.09,2,2,0,1,0,0,69.4,6.0,48.0,1,4,0,57.1,1,1,2,3,38.91
8.71,0,2,1,1,1,0,79.5,7.1,57.8,3,2,0,94.3,3,1,0,3,90.15
7.56,5,3,1,0,0,0,11.4,8.3,93.7,2,2,0,64.5,1,0,0,3,0.0
8.71,5,2,0,0,0,0,24.1,9.8,57.6,3,3,0,76.5,0,1,2,2,49.83
9.15,2,2,0,0,0,1,93.7,4.5,97.6,0,1,0,28.4,1,1,2,2,44.27
5.23,4,1,0,0,1,1,68.7,7.3,86.5,1,2,2,60.3,2,1,0,0,68.99
7.94,5,3,1,0,1,0,62.0,9.1,76.9,0,1,0,52.9,2,1,1,3,63.71
6.64,5,3,1,1,0,0,32.0,7.9,86.4,1,5,1,76.8,2,1,1,0,53.43
9.19,0,3,1,0,1,0,25.2,8.3,82.8,1,1,0,55.0,2,1,1,0,52.23
8.44,4,3,1,0,0,1,79.4,9.2,88.3,3,1,0,81.6,2,1,0,3,70.23
9.97,3,2,0,0,0,0,3.7,7.2,59.6,2,5,1,69.6,0,0,0,3,0.0
9.07,5,3,1,1,0,1,10.5,9.7,60.1,0,2,0,71.8,3,1,0,1,71.82
8.16,3,2,1,1,1,0,54.5,4.1,80.9,3,3,0,84.4,3,1,1,1,69.58
5.87,4,3,1,1,0,1,32.6,5.2,59.1,1,2,0,67.5,3,1,0,0,82.22
7.53,3,1,1,0,0,1,27.6,5.7,69.9,0,4,1,61.2,2,1,1,0,58.23
7.52,4,2,1,1,0,0,21.0,4.3,66.8,1,3,3,53.1,2,0,0,3,0.0
9.53,3,2,0,1,0,1,0.3,9.4,77.5,0,3,0,58.4,2,1,0,0,63.37
8.7,4,1,1,1,0,1,28.6,10.0,43.8,2,1,0,83.1,3,1,0,0,91.63
6.54,5,1,1,1,0,0,50.8,6.6,92.2,1,2,0,64.7,2,1,0,2,72.53
8.13,3,1,0,1,0,0,51.4,6.6,69.1,1,1,0,47.1,1,1,2,3,46.38
8.8,2,3,0,1,0,1,57.9,9.3,75.2,0,4,3,69.8,2,0,0,3,0.0
8.34,0,1,0,0,1,1,62.8,5.3,96.1,0,5,0,65.6,2,1,0,1,85.39
7.02,0,3,1,1,0,0,20.7,9.8,56.5,0,2,0,60.7,2,1,1,0,59.99
8.58,5,3,1,0,0,1,81.7,8.5,44.6,0,4,1,64.3,2,1,0,1,88.28
5.93,4,3,0,1,0,1,65.8,6.4,40.3,0,2,0,53.2,2,0,0,3,0.0
6.91,2,1,0,1,0,0,99.1,5.5,41.1,2,4,0,63.4,1,1,2,2,44.04
7.16,2,2,1,0,0,0,73.8,7.8,91.2,1,1,1,48.4,1,1,2,1,40.38
7.48,0,1,0,1,0,0,44.0,9.2,99.2,0,2,0,44.6,1,1,2,0,42.17
6.56,2,3,1,1,0,0,63.9,5.7,84.1,2,1,1,66.6,2,1,0,3,70.5
5.4,4,2,1,1,0,0,94.5,6.9,57.2,0,6,0,72.1,2,1,0,1,85.16
6.99,3,3,1,1,0,0,54.8,6.1,40.4,0,3,0,55.7,2,0,0,3,0.0
7.1,1,1,1,1,1,0,17.5,5.3,90.1,1,5,0,82.3,3,1,0,3,74.77
5.34,4,3,0,1,0,1,89.9,8.1,68.5,3,2,2,80.3,2,1,0,0,95.47
6.91,1,1,1,1,0,0,57.9,7.4,51.4,1,5,1,73.5,2,1,0,2,87.15
7.43,3,2,0,0,1,0,33.8,7.4,87.4,2,5,2,77.1,1,0,0,3,0.0
7.52,0,2,1,0,1,0,17.9,7.0,63.4,2,1,0,61.6,2,1,0,0,73.1
5.54,5,3,1,0,0,1,38.2,9.8,45.2,1,1,0,64.3,2,1,1,2,51.47
7.86,1,3,1,0,0,1,27.7,4.3,71.3,2,6,3,87.4,2,0,0,3,0.0
7.0,5,2,0,0,0,1,54.4,8.9,62.8,1,3,2,63.3,1,0,0,3,0.0
8.72,0,1,0,0,1,0,33.3,9.9,50.2,1,2,0,63.5,1,1,2,1,45.29
8.8,1,1,1,0,0,0,59.3,4.1,57.0,0,6,0,51.1,1,1,2,1,40.52
6.46,1,3,0,0,0,1,25.9,8.2,77.7,2,4,0,70.4,1,1,2,2,48.45
7.91,0,2,1,0,0,0,86.5,5.9,43.4,0,4,0,50.7,1,1,2,1,43.19
7.78,1,1,0,0,0,0,12.1,6.3,71.4,1,1,0,29.4,0,0,0,3,0.0
9.87,0,3,0,0,1,1,11.3,8.5,83.8,1,1,1,64.9,2,1,0,2,70.85
6.43,4,1,0,0,0,0,51.1,8.5,50.3,0,1,2,32.8,0,0,0,3,0.0
8.55,0,1,1,0,1,1,75.8,4.5,60.0,0,3,0,60.7,3,1,3,2,101.55
7.36,2,3,1,0,1,0,61.1,8.4,48.2,2,3,0,84.3,2,1,0,0,92.13
8.97,5,3,1,0,1,0,67.6,8.9,63.6,0,5,0,74.6,2,1,0,2,86.61
7.28,1,2,0,1,0,1,80.2,4.1,64.2,0,5,3,59.0,2,0,0,3,0.0
7.16,5,1,1,1,1,1,88.4,4.6,69.2,1,1,0,68.3,4,1,0,3,79.69
9.52,5,2,1,1,0,0,57.3,9.1,66.5,1,4,1,75.6,2,1,1,3,75.5
9.6,3,2,1,0,1,1,83.0,5.8,70.0,0,2,0,59.7,3,1,0,2,74.29
5.26,0,3,1,0,1,0,33.9,4.8,82.8,0,2,0,44.6,2,1,0,2,68.9
8.66,5,2,1,1,0,0,71.1,8.3,51.7,3,2,0,84.5,2,1,1,0,59.52
6.53,5,3,0,0,1,1,78.7,9.2,78.3,0,2,2,60.4,2,1,0,2,85.23
9.77,3,2,0,0,0,0,15.4,6.2,82.7,2,2,1,51.6,0,1,2,0,45.37
9.17,4,3,1,1,1,0,69.3,6.1,99.1,0,3,0,64.1,3,1,1,2,57.63
7.94,0,2,1,0,1,1,68.5,9.1,69.8,1,6,0,98.0,3,1,0,1,74.0
8.7,5,3,1,0,0,0,92.3,7.5,62.4,0,1,0,39.5,1,1,2,3,44.85
6.02,3,3,0,1,0,0,80.3,5.4,90.6,1,1,0,38.8,1,1,2,3,38.21
8.97,4,2,1,1,0,0,89.3,6.6,84.1,2,6,0,89.3,2,1,0,0,75.51
8.5,1,2,1,1,0,1,8.6,7.4,68.6,2,3,3,85.7,3,1,0,3,88.85
9.26,2,2,1,1,0,1,36.3,6.0,82.0,0,4,0,71.9,3,1,1,0,70.87
5.46,1,1,0,0,1,1,9.2,9.8,79.3,3,2,0,91.4,2,1,0,3,79.96
9.4,1,1,1,0,1,1,72.6,7.5,89.0,0,5,0,76.1,3,1,0,1,90.53
6.76,2,3,1,1,1,1,9.6,7.7,56.0,1,6,0,107.1,4,1,0,1,73.4
6.1,0,3,1,1,1,0,58.4,8.2,53.0,0,5,0,84.3,3,1,0,1,78.49
9.83,1,2,0,1,0,0,83.3,7.8,46.8,2,2,0,60.9,1,1,2,1,46.23
9.14,4,1,1,0,1,1,49.4,5.1,92.8,1,5,2,81.6,3,1,0,1,66.5
9.69,4,1,1,1,1,1,45.4,8.5,70.5,0,6,0,92.1,4,1,1,0,66.34
8.05,1,1,1,0,0,0,74.1,5.4,58.2,3,1,0,62.4,1,1,2,2,48.82
6.36,2,1,1,0,0,1,39.5,8.4,54.3,1,2,0,66.7,2,1,0,0,74.99
8.91,5,1,0,1,1,0,24.9,6.0,69.4,1,6,0,76.8,2,1,1,2,55.86
7.33,2,3,1,1,0,0,6.9,5.5,82.6,0,1,0,44.5,2,1,1,3,55.02
5.59,5,3,0,0,1,0,31.3,9.5,73.6,0,5,2,61.1,1,0,0,3,0.0
7.6,1,1,1,1,0,0,33.4,4.0,87.6,0,3,0,43.0,2,1,0,2,61.97
5.63,3,3,1,1,0,1,22.0,9.2,44.2,2,4,0,98.2,3,1,1,3,59.48
7.66,4,2,1,1,0,1,97.7,8.6,90.0,0,6,0,86.9,3,1,0,0,87.34
8.16,5,3,1,0,0,0,44.9,9.5,95.1,0,5,0,66.2,1,1,2,2,46.26
7.41,1,1,0,0,1,0,41.2,8.5,58.4,2,5,1,84.8,1,1,2,1,44.49
7.49,0,3,1,0,0,0,52.3,8.0,78.4,3,6,0,91.3,1,1,2,2,43.64
9.87,0,1,1,1,0,1,1.1,7.1,92.6,1,5,0,87.8,3,1,1,3,58.44
7.68,3,2,0,1,1,0,61.6,4.2,62.1,0,6,0,64.5,2,1,1,2,56.57
9.33,1,3,1,0,0,0,49.6,7.8,62.5,0,1,1,37.7,1,0,0,3,0.0
9.13,1,1,1,0,0,1,26.5,6.6,69.5,2,2,0,69.9,2,1,0,2,82.42
6.95,0,1,1,1,0,0,98.1,6.8,42.1,0,1,1,46.6,2,1,0,0,80.11
6.94,4,3,0,1,1,1,99.2,9.0,92.9,2,3,1,89.4,3,1,0,1,92.58
5.15,5,2,1,1,0,0,66.5,4.5,85.4,0,5,0,59.2,2,1,1,1,57.84
5.99,5,2,0,1,1,0,36.6,8.5,84.2,2,4,0,84.4,2,1,0,1,71.81
5.21,0,1,0,1,0,0,54.1,5.4,48.6,0,6,0,51.6,1,1,2,0,44.34
8.24,1,1,0,1,0,1,24.4,8.8,68.6,2,3,0,79.5,2,1,0,0,71.78
8.39,4,2,0,1,0,1,97.0,7.4,41.4,2,2,1,73.9,2,1,0,1,95.6
7.82,5,1,0,1,0,0,69.9,9.5,83.1,0,6,0,67.5,1,1,2,2,51.67
9.73,2,3,0,1,0,0,27.4,6.4,51.7,0,6,0,58.6,1,0,0,3,0.0
5.43,1,1,1,0,0,0,87.3,4.3,41.4,0,5,1,44.8,1,1,2,3,35.27
5.29,5,1,1,1,0,0,5.7,8.6,83.0,2,2,0,73.5,2,1,0,2,68.8
6.78,0,2,1,0,0,1,73.8,7.9,41.0,0,6,0,73.6,2,1,1,3,58.75
5.33,5,3,1,1,0,0,47.6,5.3,88.7,2,4,0,72.7,2,1,0,3,83.54
5.26,4,2,1,1,0,0,71.5,5.0,54.3,0,1,0,35.1,2,1,0,3,79.72
7.15,4,1,1,0,0,0,64.7,4.4,88.3,1,2,0,39.4,1,1,2,1,43.1
7.04,5,1,0,1,0,0,8.0,7.3,89.1,0,3,0,44.2,1,1,2,3,38.18
5.74,1,1,1,0,1,0,98.2,7.7,98.9,1,3,0,66.2,2,1,1,1,70.72
5.43,3,2,1,0,1,0,11.9,6.5,74.9,2,6,0,92.1,2,1,1,2,58.9
8.59,5,2,0,1,0,0,58.7,5.1,49.6,1,2,0,44.7,1,0,0,3,0.0
7.05,1,1,0,0,0,1,81.3,7.5,45.1,0,6,2,65.4,1,1,2,3,44.6
8.85,4,2,1,0,0,0,72.1,5.5,99.1,0,2,1,32.1,1,0,0,3,0.0
8.02,3,1,0,1,1,1,76.3,9.6,71.8,2,1,0,83.6,3,1,3,1,108.06
8.42,3,3,1,1,0,1,93.0,8.1,60.1,3,1,0,89.6,3,1,0,0,92.95
6.55,0,1,1,1,0,0,23.8,6.0,65.3,2,5,3,85.5,2,1,1,2,70.41
9.66,4,1,1,1,1,0,9.9,5.5,48.2,1,6,0,83.7,3,1,0,1,88.38
9.44,4,1,1,1,1,1,35.0,9.5,42.3,0,2,0,75.9,4,1,1,1,63.07
9.77,0,3,0,1,1,0,24.8,7.2,61.5,3,1,0,73.6,2,1,0,1,71.64
8.06,2,1,0,0,0,1,92.8,8.6,66.0,3,1,0,74.1,1,1,2,3,44.5
9.12,1,3,1,1,1,0,31.8,5.5,69.2,0,6,3,76.4,3,1,0,2,70.61
9.8,5,2,1,0,0,0,50.1,4.6,90.0,0,2,0,38.5,1,1,2,0,36.31
9.81,1,3,1,1,0,0,0.2,9.9,85.7,0,6,0,82.6,2,1,0,2,66.88
9.9,3,2,1,1,1,0,66.7,4.7,45.8,0,5,1,73.0,3,1,1,3,53.97
7.5,3,1,0,1,1,1,87.3,9.6,73.5,1,5,0,90.3,3,1,3,2,115.76
8.54,3,3,0,1,0,0,27.4,4.7,53.2,1,1,2,38.7,1,0,0,3,0.0
7.21,1,2,1,1,1,1,67.0,9.4,46.0,1,6,0,103.7,4,1,0,1,92.21
6.25,0,3,1,1,0,1,98.9,8.5,73.0,1,3,1,84.4,3,1,1,2,69.16
9.41,1,2,1,0,0,0,2.2,10.0,66.6,1,1,1,57.6,1,0,0,3,0.0
9.07,4,1,0,1,0,1,1.0,9.9,78.7,3,2,3,90.1,2,1,1,1,52.53
7.81,3,3,1,1,1,0,11.2,6.8,53.1,0,2,1,55.9,3,0,0,3,0.0
7.61,3,2,0,1,0,1,91.2,7.4,88.2,0,2,0,51.5,2,1,0,2,88.72
6.46,3,3,1,1,0,0,4.5,7.4,40.7,1,4,0,69.0,2,1,0,2,64.68
7.22,2,3,1,1,0,0,34.5,6.0,93.3,1,6,0,76.1,2,1,0,3,74.72
5.34,5,3,1,1,0,1,78.0,8.3,59.6,0,6,0,85.5,3,1,0,1,86.91
6.45,5,3,0,1,0,0,97.9,6.3,81.2,2,2,1,59.8,1,1,2,0,54.78
5.03,2,3,1,1,0,1,95.0,5.9,68.2,0,3,2,65.4,3,1,0,3,92.49
5.01,4,3,0,1,1,1,52.1,5.2,88.1,1,5,0,85.6,3,1,1,2,48.43
5.53,1,3,0,1,0,0,19.6,5.4,42.9,1,4,0,53.0,1,1,2,1,43.63
5.33,1,2,1,1,0,0,2.2,4.1,65.9,2,6,0,84.4,2,1,0,3,58.98
6.09,2,3,0,0,0,1,15.6,7.5,93.8,2,4,1,75.5,1,1,2,3,40.07
8.4,5,2,1,1,0,0,28.2,8.3,48.8,1,6,0,85.9,2,1,1,1,69.05
6.24,5,2,1,1,0,1,90.7,4.4,94.9,0,4,0,60.7,3,1,0,2,82.52
7.95,4,2,1,1,0,0,90.0,7.0,89.3,3,5,0,94.0,2,1,0,3,97.22
7.42,4,2,1,1,0,0,59.2,8.7,95.6,0,2,0,55.7,2,1,0,1,89.51
9.96,2,2,1,0,1,1,75.3,6.2,53.4,2,6,0,98.7,3,1,1,1,73.74
9.42,5,2,1,0,0,0,49.9,6.4,46.5,2,6,0,79.5,1,1,2,3,46.83
9.45,1,3,0,1,0,0,56.9,6.1,57.4,2,4,0,66.5,1,1,2,2,52.85
7.46,3,3,1,1,1,0,32.4,7.0,49.2,1,6,0,87.8,3,1,1,0,64.81
9.22,4,3,0,1,0,0,96.4,6.0,50.0,1,6,0,69.2,1,1,2,2,53.86
5.76,3,2,1,1,1,0,9.8,6.3,50.3,2,3,0,79.4,3,1,1,3,65.73
5.7,4,3,0,1,0,0,92.5,7.8,95.8,0,3,0,45.9,1,1,2,3,47.81
6.18,3,3,1,0,0,0,2.2,7.5,72.7,2,6,0,87.3,1,1,2,0,47.09
6.39,0,2,1,0,0,0,3.0,5.6,95.7,1,6,0,69.2,1,1,2,3,41.35
8.22,3,1,0,1,0,1,2.7,9.3,83.5,1,1,0,58.8,2,1,0,2,82.51
7.36,5,3,0,0,0,1,96.2,9.4,75.1,1,4,0,66.1,1,1,2,3,50.48
7.8,2,3,0,1,0,1,56.2,4.1,83.0,0,3,0,47.7,2,1,0,3,60.4
6.99,2,3,0,0,1,1,63.6,6.4,86.3,3,5,0,94.1,2,1,1,0,73.67
7.57,1,3,1,1,0,0,57.7,6.3,79.4,2,5,0,79.2,2,1,1,0,54.83
6.3,3,2,1,1,0,0,27.4,6.8,41.6,1,1,1,50.5,2,0,0,3,0.0
9.28,0,3,1,0,0,0,36.0,8.5,89.4,2,5,1,83.4,1,1,2,1,46.12
5.16,5,3,1,1,0,1,83.9,4.0,94.5,2,4,1,78.4,3,1,1,0,61.88
7.82,0,2,1,0,0,1,67.0,6.1,62.2,2,4,0,81.0,2,1,1,3,72.27
8.19,4,2,1,0,0,0,65.7,9.5,50.9,1,2,1,57.4,1,0,0,3,0.0
9.54,3,3,1,1,1,0,75.5,9.1,42.6,2,3,2,90.1,3,1,1,0,74.73
7.22,4,2,1,1,1,1,54.3,4.2,52.3,2,6,2,103.4,4,1,1,2,63.24
9.14,3,2,1,1,1,1,24.9,9.0,47.2,1,3,0,96.7,4,1,0,2,80.73
6.52,2,2,0,1,1,0,87.3,9.6,86.2,1,5,0,84.8,2,1,0,0,79.43
9.06,0,3,1,1,1,0,44.6,8.9,97.4,2,1,0,84.0,3,1,0,1,75.41
7.13,1,3,1,0,0,1,35.1,5.5,77.7,3,2,0,78.2,2,1,0,3,65.76
5.47,0,2,1,0,0,0,51.7,5.2,85.8,1,4,2,53.8,1,0,0,3,0.0
7.96,4,1,0,1,0,0,32.2,7.0,86.8,2,4,1,68.1,1,1,2,2,47.96
9.88,4,2,1,0,1,0,45.2,7.0,48.8,1,2,0,59.6,2,1,1,1,65.97
6.94,3,1,1,1,1,0,63.2,5.8,43.7,2,6,0,100.9,3,1,0,3,75.03
8.61,3,2,1,0,0,0,83.8,4.1,74.7,2,2,0,54.5,1,1,2,2,52.02
6.29,0,3,1,1,0,1,95.2,9.8,96.4,1,2,0,82.2,3,1,1,1,72.34
6.0,2,3,0,1,1,0,17.8,5.7,89.3,1,1,0,55.0,2,0,0,3,0.0
10.0,2,2,0,0,0,0,7.4,10.0,94.4,1,4,0,57.4,0,1,2,2,35.35
7.86,4,1,0,0,1,0,15.0,9.4,62.8,1,5,0,75.9,1,1,2,1,40.14
7.35,1,1,1,0,1,1,20.0,6.7,85.2,1,2,0,73.4,3,1,1,0,69.8
6.7,3,2,0,1,0,1,34.9,7.2,91.0,0,4,0,58.8,2,1,0,1,73.59
7.3,5,3,0,1,0,0,92.7,9.5,60.7,0,2,0,44.9,1,1,2,3,42.8
7.38,2,3,1,1,1,0,85.4,7.2,96.1,2,3,0,83.6,3,1,1,2,54.22
9.33,5,2,1,1,0,0,87.4,10.0,90.0,3,3,0,97.9,2,1,0,3,78.05
5.83,4,1,0,1,0,1,35.9,9.5,48.0,0,4,0,69.1,2,1,1,1,57.42
7.64,3,2,1,0,0,0,42.0,8.8,43.7,0,6,0,61.7,1,1,2,2,41.96
9.06,0,1,0,1,0,0,67.5,9.3,95.7,1,1,0,52.4,1,1,2,1,46.54
8.44,0,3,1,1,1,0,12.0,5.9,45.9,0,3,1,59.2,3,1,1,0,49.64
5.65,1,2,1,1,0,0,36.0,8.2,45.9,1,4,0,79.5,2,1,1,3,63.45
7.42,0,3,1,0,1,0,67.9,7.0,97.9,1,6,0,81.3,2,1,1,0,71.51
8.16,1,1,1,0,0,0,100.0,6.3,53.4,2,2,0,55.8,1,1,2,2,48.89
8.21,2,2,1,0,0,1,49.0,5.3,75.3,0,6,0,64.1,2,1,1,0,58.16
5.29,0,3,1,0,1,0,58.5,7.7,89.2,3,1,0,75.3,2,1,0,0,83.14
6.72,5,1,0,1,1,0,52.1,5.0,44.5,0,5,2,64.3,2,1,0,3,87.24
7.06,5,3,1,1,1,0,58.9,6.0,61.1,1,4,0,74.8,3,1,1,0,69.45
5.25,3,2,1,0,0,0,86.9,4.7,58.5,2,5,0,72.2,1,1,2,2,37.16
9.09,5,2,1,0,0,0,57.9,7.8,43.0,0,1,0,35.8,1,1,2,2,39.21
5.41,1,1,1,1,0,1,74.5,4.1,93.5,1,1,1,52.6,3,1,0,3,73.8
8.67,4,2,1,1,0,0,81.1,4.9,75.5,0,2,1,45.2,2,1,1,2,69.4
5.45,0,1,1,0,0,0,7.3,7.1,92.6,0,2,0,38.9,1,0,0,3,0.0
9.66,1,1,0,1,0,1,51.4,5.5,88.2,0,5,1,61.5,2,1,0,3,76.07
6.61,2,3,1,1,0,0,1.9,6.6,66.2,2,1,1,63.9,2,0,0,3,0.0
8.93,0,1,1,0,0,1,87.6,7.4,97.3,0,4,0,60.2,2,1,1,1,61.94
9.75,2,2,1,0,1,0,59.7,9.6,84.7,2,5,0,94.5,2,1,0,0,75.96
7.1,2,1,1,1,0,1,77.7,8.0,94.1,2,1,1,76.9,3,1,3,2,93.31
6.99,3,2,1,1,0,1,2.5,5.0,91.2,3,3,0,94.5,3,1,0,0,68.51
7.84,1,2,1,0,0,0,46.1,7.8,61.7,2,3,0,69.4,1,1,2,3,46.42
6.22,5,2,1,1,0,1,93.1,9.8,88.7,2,6,0,107.0,3,1,0,0,74.5
9.22,4,2,1,1,0,0,7.7,9.3,54.3,2,2,0,81.4,2,1,1,2,55.71
8.25,3,1,1,0,0,1,95.5,6.4,98.9,0,2,0,51.3,2,1,0,1,85.41
5.06,0,2,1,0,1,1,0.3,4.8,70.9,1,6,0,83.6,3,1,0,0,81.48
9.78,5,3,1,1,1,0,30.5,5.2,49.5,0,2,0,53.0,3,0,0,3,0.0
7.48,3,2,1,0,1,1,71.4,8.8,73.3,1,2,0,76.7,3,1,0,1,82.03
9.26,2,2,1,0,1,0,60.1,9.2,51.6,2,2,0,76.4,2,1,0,1,84.61
9.21,4,1,1,1,0,0,58.8,9.3,84.5,0,3,0,59.6,2,1,0,2,74.09
6.71,5,1,1,1,0,1,91.0,5.5,48.0,0,3,0,61.8,3,1,3,0,97.41
5.53,4,1,1,0,1,0,83.1,6.6,49.3,1,6,0,81.8,2,1,0,0,90.38
5.09,3,1,1,1,1,1,9.2,9.7,93.6,0,2,0,84.0,4,1,1,0,64.24
8.69,3,2,1,0,1,1,80.5,6.3,94.1,0,6,2,75.6,3,1,0,3,78.38
6.6,3,2,0,1,1,1,47.7,6.6,73.4,1,2,0,66.7,3,1,1,0,56.72
9.25,1,2,0,0,0,0,51.2,7.7,89.0,0,3,0,37.6,0,1,2,0,46.82
6.87,5,1,0,0,0,0,9.3,6.8,57.2,0,5,0,43.4,0,0,0,3,0.0
6.28,5,2,1,0,0,0,36.5,5.4,46.8,2,3,1,58.4,1,1,2,0,41.0
9.83,4,1,1,1,0,0,4.3,7.0,62.5,1,4,3,70.9,2,0,0,3,0.0
6.79,4,3,1,0,0,1,88.0,5.8,40.2,1,1,0,49.2,2,0,0,3,0.0
7.43,4,2,0,0,0,0,96.7,7.4,72.1,1,5,2,61.1,0,1,2,2,50.68
6.09,3,1,1,1,0,0,2.0,4.6,41.2,1,6,0,73.5,2,1,0,1,81.91
8.78,2,2,0,1,0,0,48.7,4.1,68.1,0,3,0,35.4,1,0,0,3,0.0
5.82,1,2,1,0,0,0,9.6,4.9,52.2,1,3,0,54.4,1,0,0,3,0.0
7.28,4,1,0,0,0,0,7.0,9.2,41.5,1,3,0,50.8,0,1,2,1,42.07
5.82,1,3,1,0,0,0,62.0,6.3,94.2,1,1,2,47.6,1,0,0,3,0.0
8.93,0,1,1,1,0,0,23.2,5.2,78.9,1,4,0,63.4,2,1,1,1,50.68
5.6,3,1,1,1,0,1,58.2,5.1,41.1,0,5,0,71.8,3,1,0,1,80.69
9.48,0,1,0,1,0,0,12.9,6.9,81.3,0,3,1,49.0,1,1,2,3,38.79
8.38,4,3,1,0,0,1,64.3,7.3,59.2,0,6,0,68.3,2,1,0,1,69.48
9.23,1,2,0,1,0,0,3.1,9.0,97.3,0,2,0,51.5,1,1,2,3,34.71
7.67,4,2,1,1,0,1,86.0,8.8,83.4,0,5,0,84.7,3,1,0,0,71.55
6.32,5,3,0,1,1,0,84.3,4.0,51.4,2,3,2,69.6,2,1,0,1,85.07
5.86,5,2,1,0,0,0,1.1,6.2,62.1,1,4,0,58.7,1,0,0,3,0.0
7.78,5,2,0,0,0,0,36.1,7.1,92.3,2,2,0,52.6,0,1,2,0,39.52
5.68,5,2,1,1,1,1,67.5,9.5,41.7,1,5,0,101.3,4,1,1,1,71.89
6.34,4,3,1,0,1,1,6.2,10.0,49.0,1,3,0,87.1,3,1,0,0,80.37
6.12,4,3,0,1,1,0,31.5,4.6,42.5,0,1,0,33.9,2,0,0,3,0.0
5.25,2,1,1,1,0,1,67.5,4.8,45.6,1,2,0,64.6,3,1,0,0,80.41
9.3,0,2,1,0,0,0,39.8,7.2,82.8,0,4,0,46.8,1,1,2,2,40.0
9.83,5,2,1,1,0,0,36.7,6.9,56.0,0,6,0,73.9,2,1,0,3,79.84
5.98,2,3,1,0,0,0,0.4,7.0,44.2,2,5,0,77.6,1,1,2,2,47.01
6.83,3,1,0,1,0,0,45.9,7.1,96.4,1,3,0,56.0,1,1,2,2,48.53
7.29,2,1,1,1,0,0,51.1,6.9,51.5,2,5,0,82.1,2,1,1,2,67.76
6.33,2,2,1,1,0,1,4.8,9.8,74.2,3,5,0,115.7,3,1,1,2,73.6
7.9,2,2,1,1,0,0,84.0,6.3,93.9,1,6,1,80.5,2,1,1,3,55.72
9.47,2,2,0,0,0,0,37.9,6.5,89.3,3,6,0,83.6,0,1,2,3,53.87
7.73,4,2,1,0,0,0,87.9,4.7,52.5,0,6,0,49.5,1,1,2,1,40.35
8.09,2,1,1,1,0,1,22.6,8.0,87.1,2,5,0,97.4,3,1,0,0,89.56
7.74,3,3,1,1,0,0,84.2,8.7,60.6,1,1,0,65.6,2,1,1,0,65.65
8.46,0,2,0,0,1,1,69.4,5.0,52.3,1,2,1,56.4,2,1,0,2,78.96
5.65,2,3,1,1,1,1,40.8,8.7,51.2,1,5,3,102.2,4,1,0,0,89.14
8.09,1,3,1,0,1,0,13.8,9.0,68.4,0,5,1,73.6,2,1,0,3,69.8
6.28,4,2,1,0,0,1,41.8,5.0,99.7,1,2,0,53.5,2,1,0,0,71.88
8.76,5,1,1,0,1,1,88.1,6.8,82.6,3,2,2,89.6,3,1,3,2,92.96
7.7,2,1,1,1,0,1,54.4,9.8,95.8,2,4,2,95.6,3,1,0,3,89.5
8.97,5,3,0,0,1,0,80.5,8.4,97.4,3,1,0,69.0,1,1,2,2,46.59
5.41,4,1,0,1,0,0,16.0,9.2,65.4,2,4,1,77.1,1,1,2,2,38.1
8.73,5,1,1,0,1,1,58.4,9.3,90.1,0,2,0,66.2,3,1,0,3,83.04
7.4,0,1,0,1,0,0,2.1,6.6,62.5,0,6,1,59.1,1,1,2,1,33.61
9.1,4,3,1,1,0,1,85.7,6.3,48.0,1,6,0,87.2,3,1,0,1,80.03
8.06,3,1,1,1,1,0,40.2,4.6,99.9,1,5,1,76.4,3,1,0,3,86.13
9.14,5,3,0,0,1,0,4.6,4.3,51.3,1,1,1,40.9,1,0,0,3,0.0
6.91,4,3,1,0,1,1,76.9,9.6,98.7,0,2,0,69.2,3,1,0,2,67.91
9.95,2,1,1,1,0,1,49.3,9.4,53.8,1,4,1,87.3,3,1,0,3,88.01
8.01,5,2,1,1,1,1,16.5,6.7,51.4,0,5,0,84.9,4,1,1,1,65.68
9.88,0,2,1,1,0,0,82.9,4.5,51.4,1,3,0,58.3,2,1,0,3,74.77
9.92,4,2,1,0,1,0,83.3,5.2,68.1,0,4,0,53.0,2,1,0,2,81.69
9.54,2,1,1,1,1,0,64.4,7.7,88.5,1,5,1,84.9,3,1,0,2,95.23
9.38,3,3,1,0,0,0,59.7,6.0,93.1,2,3,0,60.0,1,1,2,0,49.33
6.67,3,2,1,0,0,0,43.8,8.2,89.3,1,2,0,55.7,1,1,2,1,41.78
6.3,2,3,1,1,1,1,15.4,7.1,49.3,2,1,0,88.8,4,1,0,1,82.25
7.22,3,3,1,1,0,0,29.3,5.3,74.7,3,2,0,75.7,2,1,0,2,81.16
9.46,0,3,1,0,1,1,35.5,7.8,56.2,0,1,1,62.7,3,1,0,2,83.47
5.71,2,2,1,1,0,1,75.0,9.1,42.5,1,1,0,68.6,3,1,1,3,66.02
8.35,4,2,0,1,0,1,64.5,9.5,52.5,3,1,1,79.8,2,1,1,0,71.19
7.64,3,2,1,0,0,1,17.5,4.6,92.8,2,1,0,54.2,2,1,1,2,50.71
8.13,1,2,1,1,0,1,94.3,9.9,97.2,1,3,0,83.9,3,1,1,3,61.74
6.61,1,2,0,0,0,1,46.8,8.2,84.7,0,3,0,47.3,1,1,2,1,37.67
9.69,5,2,0,0,0,0,84.2,5.9,44.8,1,2,0,34.9,0,1,2,2,40.67
6.88,2,1,1,0,1,0,34.4,6.8,64.3,0,4,1,62.4,2,1,0,1,77.97
9.75,3,1,0,0,1,0,56.3,7.7,58.5,3,5,0,89.0,1,1,2,0,55.91
7.32,3,3,1,0,0,0,24.9,6.3,83.5,3,2,0,73.6,1,1,2,3,43.0
7.25,2,2,1,1,0,0,4.0,8.4,46.8,2,5,2,91.4,2,0,0,3,0.0
6.26,0,3,0,0,0,1,39.4,9.8,93.5,0,1,0,39.9,1,0,0,3,0.0
7.58,5,3,1,0,1,0,65.0,4.4,58.0,2,4,0,76.4,2,1,1,2,60.13
5.42,1,1,0,1,0,1,9.7,4.4,45.0,0,4,0,48.4,2,1,1,2,42.53
9.84,0,3,1,1,1,1,94.9,9.3,78.4,1,5,2,99.4,4,1,0,0,82.47
6.32,3,1,1,0,1,0,30.3,6.2,77.8,3,5,3,92.1,2,1,0,2,80.97
5.02,5,1,0,0,0,0,95.5,5.0,67.2,0,6,1,48.4,0,1,2,0,47.28
6.5,4,1,0,0,0,1,32.9,6.1,66.3,1,2,0,45.9,1,1,2,2,47.08
7.04,5,3,1,0,0,1,60.6,4.9,69.8,3,5,0,90.8,2,1,0,3,83.33
9.41,1,3,1,0,0,1,14.4,8.1,50.1,0,4,0,61.4,2,0,0,3,0.0
6.25,2,2,1,0,1,0,40.4,4.5,56.2,0,3,0,47.9,2,1,1,1,63.84
9.07,1,2,1,1,0,0,27.6,9.3,77.5,0,6,1,73.9,2,1,0,3,79.54
8.55,2,3,0,1,0,0,53.2,5.0,99.5,1,4,0,56.6,1,1,2,0,51.76
7.34,5,3,0,1,0,0,52.3,6.5,73.8,2,1,1,50.0,1,1,2,3,40.08
8.17,5,2,1,1,0,1,3.2,4.7,63.3,1,1,2,57.7,3,1,0,3,72.46
9.81,4,3,0,1,0,0,11.5,8.8,80.0,0,1,0,42.3,1,0,0,3,0.0
7.53,2,2,0,1,0,0,79.7,5.4,71.2,0,5,0,51.9,1,1,2,0,49.42
8.08,1,3,1,0,1,0,48.0,7.3,60.3,2,4,1,79.3,2,1,1,0,55.11
7.33,5,1,1,0,0,1,47.2,4.6,73.4,0,3,0,51.3,2,1,0,2,73.94
5.81,5,1,0,1,0,0,5.9,4.4,90.0,1,6,0,61.7,1,1,2,1,40.77
6.36,4,1,1,1,0,0,56.5,5.7,55.9,0,4,0,56.5,2,1,0,3,74.37
7.29,1,3,1,1,0,1,95.0,6.6,61.0,1,5,1,82.1,3,1,1,3,75.86
7.74,1,3,1,0,0,0,13.5,4.4,76.5,1,2,0,47.2,1,0,0,3,0.0
8.7,5,3,1,1,0,0,86.7,7.4,88.5,1,1,0,57.2,2,1,0,2,88.04
7.94,4,2,1,1,1,1,63.0,5.6,91.7,0,2,0,71.6,4,1,0,1,94.9
7.24,1,3,1,1,0,0,43.9,5.2,50.7,1,1,0,47.5,2,1,0,3,66.36
5.75,0,2,1,0,0,1,55.8,5.5,45.1,1,3,0,59.4,2,1,0,2,78.75
6.56,2,3,1,0,1,0,82.6,7.1,70.6,1,1,0,56.2,2,1,1,0,59.57
9.84,2,2,1,1,1,1,96.6,9.3,41.4,1,4,0,93.5,4,1,0,2,84.49
6.99,2,1,0,0,0,1,32.6,4.1,45.0,2,6,0,73.0,1,1,2,3,50.26
7.96,3,1,0,1,1,0,31.5,4.5,64.4,1,3,0,56.3,2,1,1,3,61.05
7.23,5,1,0,1,1,1,57.0,6.8,92.1,1,3,0,73.8,3,1,1,2,69.77
6.2,4,3,1,1,0,0,22.5,6.4,96.3,1,1,2,57.7,2,0,0,3,0.0
8.18,4,3,0,0,1,1,83.5,5.6,56.7,0,5,1,64.6,2,1,0,2,88.63
8.39,4,3,1,0,0,0,40.0,7.3,99.8,3,3,1,73.1,1,1,2,0,45.74
7.53,3,3,1,1,1,0,8.9,8.6,40.9,2,2,0,88.3,3,1,1,2,64.1
7.52,0,3,1,1,0,1,38.3,5.9,70.1,1,2,0,67.1,3,1,1,1,54.52
8.94,5,2,1,0,0,1,37.0,7.9,70.7,1,4,2,74.3,2,1,0,2,70.67
7.97,2,2,1,1,1,1,67.4,7.6,44.4,0,4,1,80.2,4,1,0,2,83.96
9.55,0,3,0,0,0,0,49.7,9.1,41.9,1,2,0,45.7,0,0,0,3,0.0
5.69,5,3,1,1,0,0,97.0,6.2,77.1,0,6,0,66.4,2,1,0,1,87.44
7.6,0,2,1,0,0,0,99.9,5.5,46.1,2,6,0,80.5,1,1,2,3,42.68
7.85,5,1,1,0,1,1,24.6,9.7,99.4,0,1,0,61.7,3,1,0,0,86.23
6.1,2,1,0,1,0,1,34.9,4.3,64.1,0,5,0,53.5,2,1,1,3,48.54
6.11,3,3,0,1,1,1,23.7,9.1,48.5,2,1,0,84.5,3,1,1,1,72.08
8.76,4,2,0,0,1,1,71.8,4.5,58.7,1,4,0,58.6,2,1,0,2,83.77
6.65,1,3,1,0,1,1,5.8,8.2,45.8,0,4,0,74.0,3,1,0,0,85.6
6.74,1,3,0,1,0,1,36.3,6.2,62.6,1,4,1,72.8,2,1,0,2,70.03
6.54,1,2,1,1,0,0,4.5,5.5,45.0,3,2,0,80.7,2,1,1,2,55.0
8.97,1,2,1,1,0,0,36.0,4.2,93.8,2,4,0,70.0,2,1,1,1,71.74
8.27,4,3,1,0,1,1,42.5,7.5,51.7,0,4,1,69.0,3,1,0,3,82.9
9.08,0,3,1,0,1,0,76.2,4.9,53.4,0,1,0,42.6,2,1,1,2,50.01
9.77,0,3,1,1,0,0,91.6,8.0,46.2,1,1,0,60.0,2,1,0,1,83.56
7.85,5,1,1,0,0,0,16.4,6.8,70.4,1,6,0,65.6,1,1,2,2,41.36
8.62,4,3,0,0,1,1,53.8,5.8,71.3,3,1,2,69.5,2,1,0,1,84.84
7.06,5,2,1,1,0,1,98.0,7.7,82.3,1,1,0,69.2,3,1,0,0,77.33
5.92,4,3,0,1,1,0,87.2,9.0,76.0,2,5,1,94.4,2,1,0,0,82.97
8.35,2,1,1,1,0,1,96.0,9.8,45.8,2,1,1,89.2,3,1,3,1,96.98
9.29,1,2,1,0,0,0,14.8,5.0,73.5,0,6,0,58.3,1,1,2,2,39.8
7.6,5,1,0,0,0,0,62.0,7.5,90.5,0,1,0,23.9,0,1,2,0,40.6
9.36,5,1,1,0,0,0,31.6,7.2,94.1,0,5,0,55.6,1,1,2,2,45.03
7.2,0,2,1,1,1,0,77.1,8.9,84.7,2,6,0,105.2,3,1,1,0,59.04
9.4,0,1,1,1,0,0,51.4,6.2,67.0,0,5,0,65.2,2,1,0,0,87.89
5.51,4,3,1,1,0,1,35.4,7.5,62.6,1,5,0,87.3,3,1,1,3,70.86
8.65,4,2,1,0,0,0,51.2,5.8,62.1,0,1,1,32.7,1,0,0,3,0.0
5.71,0,2,1,0,0,1,47.6,4.1,72.8,2,5,0,77.5,2,1,0,3,65.63
6.94,4,2,1,0,0,0,81.5,7.6,43.8,0,3,0,43.4,1,1,2,3,44.49
7.04,4,2,1,0,1,0,17.8,5.5,45.4,0,1,0,37.9,2,1,1,2,47.91
8.84,4,3,1,1,0,1,75.8,4.0,86.2,3,5,0,96.8,3,1,0,0,80.66
8.15,5,3,0,0,0,1,55.3,5.2,51.8,0,1,0,28.6,1,0,0,3,0.0
6.2,5,2,1,0,0,1,42.1,4.7,48.1,1,5,2,65.5,2,1,0,1,71.92
6.14,4,2,0,1,0,0,0.1,9.0,40.0,2,1,0,60.7,1,1,2,1,40.81
5.32,5,1,0,0,0,0,90.3,8.7,92.0,3,5,0,84.3,0,1,2,2,55.07
8.19,1,2,1,1,0,0,19.3,7.9,68.0,0,1,3,47.8,2,0,0,3,0.0
5.33,5,2,1,1,0,1,4.7,7.2,84.7,1,1,1,64.6,3,1,0,3,83.74
9.79,0,2,1,1,1,0,82.3,7.0,75.9,0,6,1,80.8,3,1,0,0,70.26
7.94,3,3,0,1,1,0,4.9,4.5,43.5,3,1,0,69.5,2,0,0,3,0.0
8.1,4,1,1,1,0,1,79.7,4.6,80.7,3,3,0,86.9,3,1,0,0,91.54
6.31,3,2,1,1,0,1,5.3,6.6,80.0,1,1,0,60.3,3,1,0,1,70.9
7.12,5,2,1,0,1,0,33.0,8.7,62.0,0,5,0,67.7,2,1,1,1,65.33
9.72,2,2,1,1,0,0,41.5,9.9,67.3,1,3,1,78.4,2,1,1,2,62.14
6.54,0,2,1,1,0,0,26.4,9.8,52.4,0,3,2,60.5,2,1,0,0,65.16
6.15,4,2,1,0,1,0,46.9,7.0,67.9,1,1,0,51.8,2,1,0,2,75.96
6.95,1,1,0,0,0,0,53.6,4.3,84.6,0,4,0,37.5,0,1,2,1,36.99
8.17,3,2,1,0,0,0,27.1,6.1,96.3,0,1,1,30.4,1,1,2,1,43.9
7.17,3,1,1,1,1,0,53.1,6.9,90.9,2,4,0,91.2,3,1,0,1,85.66
6.16,5,3,0,1,0,1,27.0,8.2,51.4,0,2,0,55.2,2,1,0,3,78.13
9.13,1,2,1,0,0,0,46.3,7.0,68.1,0,3,0,41.3,1,0,0,3,0.0
7.55,3,1,1,1,0,1,33.6,7.3,80.3,2,3,1,91.1,3,1,0,0,69.95
6.43,4,2,0,0,1,1,95.4,4.5,46.3,0,5,0,60.4,2,1,1,1,63.73
7.94,5,1,1,0,0,0,14.3,5.1,78.2,1,2,0,45.7,1,0,0,3,0.0
5.03,3,2,0,1,0,0,46.3,5.4,90.2,1,5,0,60.9,1,1,2,0,47.0
6.58,0,3,1,1,1,1,34.2,8.7,67.0,0,2,0,75.1,4,1,1,3,61.39
6.44,0,1,0,0,1,0,94.3,6.8,90.6,0,5,0,57.2,1,1,2,2,50.46
8.11,5,3,1,0,0,1,13.5,5.1,78.2,0,3,0,45.8,2,0,0,3,0.0
5.85,3,2,0,0,0,1,89.2,8.3,83.3,0,5,1,63.0,1,1,2,1,45.94
8.91,2,3,1,0,0,0,18.6,9.6,95.3,1,6,1,82.1,1,1,2,0,45.17
8.11,3,2,0,1,0,0,90.8,6.3,89.7,1,1,0,42.7,1,1,2,2,50.51
7.38,2,1,1,1,0,0,83.4,6.1,49.1,0,2,0,44.1,2,1,1,2,66.7
7.7,4,3,0,1,0,1,20.3,6.4,81.6,2,3,0,74.5,2,1,0,2,75.49
9.19,4,2,1,1,0,1,63.8,6.3,76.4,0,2,0,62.2,3,1,1,1,58.96
7.22,0,2,1,1,0,0,89.9,6.4,85.2,0,5,0,59.5,2,1,1,1,61.61
7.52,3,2,1,0,0,0,34.2,4.1,45.5,0,1,0,24.9,1,0,0,3,0.0
6.43,4,2,1,0,0,0,46.6,4.0,41.3,1,2,0,46.7,1,0,0,3,0.0
5.94,4,3,1,0,1,0,85.0,9.5,80.7,1,1,0,62.7,2,1,0,2,77.91
9.58,2,3,1,1,0,0,19.7,5.1,43.9,1,4,0,67.5,2,1,0,0,82.85
7.61,1,2,0,1,1,0,29.5,4.8,42.3,0,4,0,49.8,2,1,0,3,75.57
9.06,0,3,1,0,0,1,83.2,4.2,74.1,1,2,0,51.4,2,1,1,1,52.96
5.91,5,2,0,0,1,1,13.1,8.5,75.7,2,4,1,88.7,2,1,0,1,79.73
5.87,0,3,1,1,0,0,59.6,8.8,41.7,2,6,0,95.4,2,1,1,3,61.99
5.78,5,1,1,0,0,1,90.1,5.1,87.7,0,4,0,55.4,2,1,0,3,72.7
5.31,3,2,0,0,0,1,75.3,6.8,69.5,2,4,0,74.7,1,1,2,0,52.14
7.0,1,3,1,0,0,1,94.0,9.0,60.6,0,1,0,47.5,2,1,0,2,90.38
9.95,5,1,0,1,1,0,14.6,7.7,74.9,0,5,1,72.6,2,1,0,1,64.22
7.3,5,3,1,1,0,0,13.8,9.4,51.2,0,1,1,54.0,2,0,0,3,0.0
7.76,2,3,1,1,1,1,93.2,4.3,84.0,1,5,0,85.7,4,1,1,3,65.59
7.54,2,2,1,0,0,0,48.0,7.5,46.6,0,6,1,61.5,1,1,2,0,46.64
7.19,0,3,1,1,0,1,78.5,4.1,51.3,2,4,1,82.3,3,1,0,1,73.52
8.69,2,3,1,0,0,0,15.8,6.6,85.9,0,6,0,57.0,1,1,2,3,36.06
8.35,4,2,1,1,0,0,76.7,7.4,40.1,1,3,0,67.0,2,1,0,2,77.84
7.13,3,2,1,1,0,0,20.2,5.2,79.0,1,6,0,79.0,2,1,0,1,84.04
8.37,0,3,0,1,0,0,72.3,8.7,48.3,3,3,1,79.7,1,1,2,3,43.97
8.84,5,3,1,1,1,1,80.0,5.7,82.7,0,3,0,70.6,4,1,1,2,58.32
8.75,0,2,1,1,0,1,94.0,4.3,79.1,1,2,0,61.5,3,1,1,0,54.06
7.85,1,1,1,1,1,1,39.4,8.2,48.0,2,3,0,100.0,4,1,1,1,64.69
6.77,2,1,1,0,1,1,69.0,6.2,66.4,1,6,0,90.5,3,1,1,2,50.76
8.13,5,2,1,0,0,1,59.0,9.8,48.4,2,4,0,86.5,2,1,0,1,74.2
9.97,5,2,1,0,0,1,49.2,4.6,89.8,2,4,0,78.7,2,1,0,3,83.08
7.74,1,3,1,0,1,0,62.2,6.6,76.0,2,1,0,67.3,2,1,0,0,89.47
9.85,5,1,1,1,0,0,7.1,8.4,48.8,1,5,0,81.5,2,1,1,1,61.89
6.61,4,2,1,1,1,1,52.8,4.4,44.4,1,1,1,69.5,4,1,0,0,77.86
6.19,3,2,1,0,0,0,35.4,9.2,61.4,0,5,0,61.2,1,1,2,2,42.53
9.74,2,1,1,0,0,0,50.6,6.0,60.8,0,1,0,28.7,1,1,2,1,42.26
5.24,1,1,1,0,0,0,46.4,6.2,88.5,1,3,1,50.0,1,0,0,3,0.0
9.71,5,1,1,0,0,0,52.9,6.2,72.9,1,6,0,73.4,1,1,2,2,43.37
9.36,2,1,0,0,0,0,99.1,7.0,90.1,3,4,0,73.0,0,1,2,3,49.52
8.96,0,1,1,1,0,1,18.3,5.3,87.0,1,1,0,59.4,3,1,1,1,54.83
9.88,3,1,1,0,0,0,32.1,8.0,50.3,1,2,0,54.9,1,1,2,0,46.68
7.71,2,1,1,0,0,0,71.3,9.8,58.8,2,3,1,77.3,1,1,2,2,49.99
6.15,2,1,0,0,0,0,11.5,8.6,56.5,3,6,3,86.1,0,1,2,1,47.7
6.94,4,1,0,0,1,0,74.4,6.3,42.3,0,2,1,43.4,1,1,2,2,42.45
8.26,1,3,1,0,0,0,77.3,8.6,82.1,1,3,0,63.7,1,1,2,0,44.1
9.2,3,2,1,1,0,0,14.4,6.0,86.6,2,5,1,80.9,2,1,0,1,71.53
6.69,0,2,0,1,0,1,79.1,7.0,61.8,0,3,0,51.9,2,1,1,0,50.63
5.86,0,1,1,0,0,0,32.3,8.7,72.7,3,3,0,83.7,1,1,2,2,48.75
5.62,1,3,1,1,0,0,42.2,7.8,83.6,1,3,0,64.7,2,1,1,3,63.01
7.02,1,3,0,1,0,1,53.2,9.6,53.2,2,2,0,75.2,2,1,1,0,50.81
9.97,0,3,1,1,0,0,45.0,7.0,93.9,3,1,0,79.7,2,1,0,1,86.83
6.79,4,2,0,0,0,0,91.3,4.9,73.0,2,2,0,42.2,0,1,2,0,40.21
9.17,4,3,0,1,0,1,49.8,7.8,52.5,1,4,0,77.5,2,1,0,2,86.18
7.88,0,3,0,1,0,1,65.2,6.6,94.4,0,2,1,45.2,2,0,0,3,0.0
5.71,3,3,1,0,0,0,58.5,7.6,74.1,3,3,0,79.9,1,1,2,0,38.5
7.95,0,3,0,1,1,0,64.8,8.8,47.2,1,2,0,66.6,2,1,1,1,56.56
8.84,4,2,1,1,0,0,10.7,6.5,93.5,0,4,0,57.4,2,1,0,3,66.08
8.11,0,3,1,1,0,1,17.0,5.9,44.2,1,2,0,69.4,3,1,1,3,52.02
9.41,4,3,1,1,0,0,73.6,9.8,81.9,2,3,1,85.1,2,1,1,3,55.28
6.7,2,3,1,1,0,0,87.5,9.1,95.1,2,6,0,100.3,2,1,0,3,88.16
8.27,4,1,1,1,1,0,17.3,9.0,65.1,1,4,0,90.8,3,1,0,1,68.83
6.65,2,1,1,1,0,0,27.8,8.4,52.1,1,3,1,65.5,2,1,0,3,75.01
7.05,2,1,1,1,0,0,91.9,8.2,48.2,2,1,0,73.8,2,1,0,1,98.15
6.24,2,1,0,1,0,1,98.3,5.5,95.6,1,6,0,79.1,2,1,1,0,55.14
8.78,1,3,1,0,1,0,8.3,8.9,86.5,1,6,0,91.1,2,1,0,1,76.43
6.94,4,2,0,1,1,1,26.8,6.1,46.7,2,2,1,73.5,3,1,1,2,57.76
9.72,0,3,1,0,1,0,43.0,4.1,87.6,2,6,2,77.8,2,1,1,2,50.67
5.1,0,1,0,1,0,1,39.4,7.4,56.7,2,1,0,67.0,2,1,0,0,80.42
5.01,3,3,1,0,0,1,14.8,5.6,65.5,0,1,1,37.5,2,0,0,3,0.0
5.44,3,1,0,1,0,1,77.7,6.7,78.3,1,4,0,71.7,2,1,0,3,73.82
5.96,4,1,1,1,0,0,34.8,4.5,96.4,1,6,1,73.1,2,1,1,3,56.93
5.34,0,1,1,0,0,0,6.2,4.5,64.0,1,1,0,42.4,1,0,0,3,0.0
9.29,5,2,0,1,1,0,28.9,7.8,76.0,2,4,0,79.0,2,1,1,3,67.51
7.44,1,3,1,0,0,0,62.2,4.1,91.1,1,2,0,42.9,1,1,2,1,39.16
9.41,0,1,1,1,0,0,78.1,9.8,63.0,0,3,0,65.3,2,1,1,2,63.85
6.96,0,3,0,1,0,1,24.9,5.1,71.1,2,4,1,72.6,2,0,0,3,0.0
6.82,2,1,0,0,0,0,52.9,5.7,99.7,1,2,1,39.6,0,1,2,3,44.27
5.17,3,3,0,1,1,0,68.9,9.9,93.2,1,1,0,65.0,2,1,0,1,89.21
6.59,0,3,1,1,1,0,16.7,6.0,45.4,2,3,0,80.0,3,1,0,0,76.38
5.38,4,2,0,1,0,1,52.2,9.7,85.4,1,2,0,71.5,2,1,0,2,85.38
6.46,0,2,0,0,0,0,84.8,9.3,84.3,0,5,0,53.2,0,1,2,3,40.44
7.44,3,3,1,1,0,0,91.5,7.1,40.4,2,2,0,75.5,2,1,0,0,81.06
6.02,0,1,0,0,0,0,8.4,9.5,94.4,3,4,0,81.1,0,1,2,2,39.37
8.46,3,1,1,1,0,0,39.1,8.0,73.8,0,6,0,72.9,2,1,0,1,74.75
5.57,2,3,0,1,0,1,57.1,9.1,80.5,0,2,0,58.5,2,0,0,3,0.0
9.8,0,1,1,0,0,0,70.8,9.9,67.5,2,2,0,72.9,1,1,2,3,45.45
9.15,4,3,0,1,1,1,33.9,4.3,84.9,2,6,0,95.7,3,1,0,3,87.56
7.34,0,1,1,0,1,0,43.5,8.1,84.6,0,4,0,59.4,2,1,0,2,73.71
9.77,1,2,0,1,0,1,42.9,7.9,94.2,2,3,0,83.1,2,1,0,1,68.8
5.55,4,1,1,1,0,0,8.0,9.4,89.6,1,6,0,85.3,2,1,1,2,66.54
5.65,4,3,1,0,0,0,51.5,4.9,65.7,2,5,1,66.5,1,0,0,3,0.0
5.29,3,3,0,1,1,1,35.6,8.5,42.4,0,3,3,68.0,3,0,0,3,0.0
5.33,0,3,0,0,0,1,77.7,7.2,87.6,0,6,1,62.3,1,1,2,3,38.86
9.26,0,3,0,1,1,0,14.8,6.2,73.8,2,4,0,75.2,2,1,1,3,56.17
7.09,3,1,1,1,0,0,49.6,4.4,61.3,1,4,2,61.6,2,1,1,1,57.17
5.56,0,1,1,1,0,1,49.5,8.4,48.0,0,2,1,64.9,3,1,1,0,57.61
7.47,2,3,1,0,0,0,90.0,4.1,71.0,3,2,0,58.7,1,1,2,0,43.28
8.39,1,2,1,1,0,0,40.9,4.9,79.0,1,5,0,71.3,2,1,0,2,87.31
6.28,3,1,0,1,0,0,34.7,7.5,44.8,3,2,1,67.5,1,1,2,1,44.74
7.53,5,1,1,1,0,1,39.0,9.3,78.8,2,3,1,90.7,3,1,1,3,62.96
5.73,0,2,1,1,1,1,45.6,9.0,40.0,0,1,3,70.7,4,1,0,0,65.24
6.1,2,1,1,1,1,0,56.2,4.3,52.8,1,4,0,72.1,3,1,1,3,68.73
5.56,0,1,0,0,1,1,86.2,7.4,73.7,2,6,0,93.5,2,1,0,1,75.27
9.19,2,2,1,1,0,0,78.6,8.7,99.4,0,2,3,60.2,2,1,0,1,80.61
6.95,4,2,0,1,0,1,26.8,7.5,45.5,0,6,0,77.3,2,1,0,1,84.95
8.03,0,3,1,0,0,0,48.6,4.8,73.3,2,3,0,55.5,1,0,0,3,0.0
5.76,3,1,1,1,1,0,60.2,7.7,99.1,0,2,0,65.7,3,1,1,1,57.38
6.41,2,1,1,0,0,0,19.8,7.4,69.4,1,5,0,69.4,1,1,2,1,44.11
6.35,5,2,1,1,0,1,81.7,7.0,88.6,0,1,3,51.1,3,1,1,2,68.34
9.78,4,3,1,0,1,0,33.0,4.9,95.7,0,6,1,63.8,2,1,1,2,68.99
8.05,5,2,1,0,0,0,96.4,6.9,62.1,1,4,0,63.9,1,1,2,0,50.85
5.87,1,2,1,0,0,1,35.8,8.4,78.3,0,1,0,48.3,2,1,1,3,50.59
7.09,4,2,0,0,1,0,98.1,6.7,49.4,0,3,0,48.4,1,1,2,2,41.56
8.91,4,3,1,1,0,0,1.9,9.9,64.7,1,3,1,77.2,2,1,1,1,60.97
6.59,3,3,0,0,0,0,95.3,4.5,70.9,0,1,0,19.9,0,0,0,3,0.0
8.17,1,2,1,0,0,0,1.7,6.4,67.1,2,4,0,64.6,1,1,2,0,39.47
7.72,0,1,0,1,1,1,35.9,9.7,61.3,1,3,0,87.6,3,1,0,1,74.39
7.61,3,2,1,1,1,0,29.0,6.9,84.1,1,1,3,61.8,3,1,0,2,82.99
7.14,1,2,0,1,0,1,45.9,8.2,50.5,2,5,2,91.3,2,1,0,0,72.89
9.22,1,3,1,0,0,0,21.7,4.0,90.1,2,2,1,52.1,1,0,0,3,0.0
7.3,0,3,0,1,0,0,99.1,4.3,83.5,1,3,1,43.7,1,0,0,3,0.0
8.49,4,2,1,0,0,1,58.4,9.4,63.8,0,4,2,67.8,2,1,0,0,91.88
6.72,1,2,0,0,0,0,62.2,8.8,92.0,3,3,0,73.4,0,1,2,0,40.39
8.03,0,2,1,1,0,0,41.2,9.1,90.5,1,3,0,68.0,2,1,1,2,71.79
8.14,4,1,0,1,0,0,49.2,4.4,71.1,2,3,0,61.0,1,1,2,2,48.08
8.7,5,3,1,1,0,0,3.3,9.4,45.7,3,3,0,96.7,2,1,0,2,76.86
5.8,2,3,0,0,1,1,7.8,4.9,52.3,1,3,1,63.9,2,0,0,3,0.0
5.77,5,1,1,0,0,0,23.4,8.0,40.1,2,1,3,56.2,1,0,0,3,0.0
5.46,4,2,0,1,0,0,20.6,4.5,61.3,0,4,0,44.2,1,1,2,3,34.2
5.1,1,2,1,0,0,0,10.3,7.7,94.1,0,5,0,55.3,1,1,2,3,36.9
8.46,2,2,1,1,0,0,98.0,4.5,85.8,0,4,0,55.8,2,1,0,3,69.37
5.23,5,3,0,1,0,1,57.0,6.2,61.5,0,6,1,72.3,2,0,0,3,0.0
6.17,3,1,1,1,0,1,88.6,6.1,87.4,0,1,0,52.2,3,1,0,1,75.83
9.13,3,2,1,1,1,1,99.8,9.2,41.8,3,4,0,118.0,4,1,1,2,64.56
5.27,0,3,0,1,1,0,3.4,8.0,95.3,1,1,0,58.3,2,0,0,3,0.0
5.56,5,2,0,1,0,1,85.0,5.2,55.5,3,2,0,75.7,2,1,0,0,78.85
7.71,3,2,1,1,0,0,48.9,8.3,44.5,3,5,2,96.8,2,1,0,2,88.47
9.31,5,3,1,0,0,1,41.3,5.9,58.2,1,2,0,53.3,2,1,0,1,84.89
7.17,3,3,1,1,0,0,4.9,5.6,57.9,1,6,0,77.8,2,1,0,2,83.25
9.82,5,1,0,0,0,1,83.7,7.8,89.4,1,5,0,64.8,1,1,2,2,45.37
6.82,3,2,0,0,0,1,88.5,9.6,40.4,1,5,1,76.1,1,1,2,1,41.91
7.96,0,2,0,1,0,0,92.7,4.6,65.3,2,1,0,49.6,1,1,2,0,53.57
7.9,0,1,0,0,1,0,24.8,8.0,86.5,3,1,0,65.6,1,1,2,3,46.37
5.38,5,3,1,0,1,1,36.8,4.7,43.6,1,4,2,74.4,3,1,0,1,73.03
8.36,3,3,1,0,0,0,82.5,5.3,80.2,0,1,0,28.5,1,1,2,1,47.41
9.11,4,2,0,0,0,1,99.2,5.2,74.8,0,2,1,39.3,1,1,2,1,39.34
6.16,2,3,0,1,0,0,34.5,8.0,63.9,2,6,1,86.9,1,1,2,0,43.14
7.98,5,2,1,0,1,1,50.7,4.7,77.2,1,6,2,79.2,3,1,0,0,74.82
7.09,3,1,0,1,0,0,35.7,4.4,78.3,0,6,0,55.7,1,1,2,1,37.43
6.56,0,1,0,1,0,1,75.3,5.8,92.4,1,2,0,57.6,2,1,1,3,55.26
9.88,2,2,1,1,0,1,88.1,8.3,87.8,0,2,0,68.9,3,1,1,3,65.27
8.4,4,1,1,1,0,1,99.1,5.8,58.4,1,4,0,77.3,3,1,3,2,101.97
9.36,4,1,1,0,0,0,13.7,8.3,53.0,3,2,1,70.1,1,1,2,1,52.63
7.83,4,3,1,1,0,1,60.2,4.9,86.0,1,3,0,67.1,3,1,0,3,79.96
8.3,1,3,1,0,1,1,96.5,9.0,56.8,2,6,1,103.7,3,1,1,1,74.34
8.45,0,2,1,1,1,1,91.7,4.9,81.4,2,5,0,95.8,4,1,1,0,60.42
9.55,0,1,0,0,1,0,53.1,6.7,73.3,0,3,0,48.7,1,1,2,1,42.1
9.59,0,1,1,0,0,0,43.0,8.4,81.1,0,1,0,39.2,1,1,2,2,43.23
5.83,0,3,1,0,0,1,19.5,8.4,70.6,1,1,0,55.3,2,0,0,3,0.0
5.02,5,2,1,1,0,1,70.4,7.9,98.0,3,1,0,92.0,3,1,1,1,72.15
7.4,2,3,1,1,1,1,17.4,9.9,40.9,1,2,2,91.3,4,1,0,3,89.76
9.31,3,1,0,1,1,1,70.7,7.6,70.9,0,3,1,71.5,3,1,1,2,66.5
8.44,5,1,1,0,1,0,38.6,6.1,79.9,1,4,2,67.5,2,1,0,2,80.21
7.52,5,3,0,0,0,1,58.8,5.0,51.2,3,2,0,66.4,1,1,2,2,42.87
5.15,0,2,1,1,0,0,65.0,4.9,55.8,0,3,2,47.6,2,0,0,3,0.0
8.9,0,2,1,0,0,1,72.0,5.7,73.6,1,3,0,61.7,2,1,0,2,74.59
6.93,0,3,1,1,1,0,40.7,6.4,99.1,1,1,0,66.3,3,1,1,2,56.59
7.5,3,3,1,0,0,1,11.4,5.2,66.4,1,1,0,50.9,2,1,0,1,64.8
9.73,4,1,0,0,0,1,90.1,4.2,96.7,0,5,0,48.6,1,1,2,3,46.91
5.49,4,2,1,1,0,1,41.1,9.7,98.6,0,5,0,88.0,3,1,0,3,69.36
8.62,1,3,1,1,0,0,97.3,4.4,72.9,2,5,0,82.9,2,1,0,2,88.42
7.93,3,1,1,0,0,0,69.0,4.4,51.2,1,2,0,46.6,1,1,2,0,39.83
7.91,2,3,1,0,0,1,77.4,7.7,89.6,0,2,1,55.4,2,1,0,2,79.8
5.59,5,2,0,0,1,0,97.6,9.3,53.8,3,4,1,87.9,1,1,2,3,45.71
5.56,2,2,1,0,0,1,16.6,7.3,68.3,0,5,0,69.1,2,0,0,3,0.0
8.41,4,1,1,0,0,1,88.0,8.5,97.7,2,4,0,85.7,2,1,1,2,73.46
8.04,0,3,0,0,0,0,32.7,6.5,53.8,2,5,0,59.9,0,0,0,3,0.0
9.36,5,3,1,0,0,1,85.7,8.0,69.0,1,6,0,84.9,2,1,1,0,67.93
9.15,1,1,1,1,0,0,8.8,4.1,53.6,3,5,0,83.1,2,1,1,1,62.85
9.46,3,1,1,1,1,0,52.4,8.2,52.3,0,2,0,69.1,3,1,0,2,89.77
8.22,1,1,1,1,1,1,58.4,5.7,57.7,0,6,0,90.8,4,1,0,3,77.19
6.85,0,1,1,0,0,0,92.5,4.8,75.5,0,2,0,31.9,1,1,2,2,39.78
9.31,2,1,1,1,1,0,76.2,7.2,75.8,3,5,1,104.0,3,1,3,0,113.66
5.88,1,2,0,1,1,0,88.8,6.7,87.5,0,4,1,64.5,2,1,1,0,52.63
8.22,5,1,1,0,0,1,39.0,8.1,51.4,2,3,0,80.1,2,1,0,0,73.69
7.34,4,1,1,1,0,0,27.7,9.3,49.7,1,1,2,62.9,2,0,0,3,0.0
9.13,4,3,0,0,0,0,95.8,5.0,56.8,1,6,1,56.3,0,1,2,0,42.61
7.49,1,1,1,0,1,1,9.5,7.2,81.9,0,1,0,58.3,3,1,0,2,75.78
8.25,2,1,1,1,0,1,2.7,4.4,84.2,1,3,0,70.4,3,1,0,0,84.55
8.94,4,2,1,1,0,0,95.4,7.9,94.9,0,1,0,53.4,2,1,1,3,50.14
9.58,3,1,0,1,1,0,53.5,7.6,86.5,2,4,0,86.1,2,1,0,3,82.94
6.37,2,2,1,1,1,1,98.2,7.3,80.9,0,1,0,64.5,4,1,0,0,93.96
9.99,2,3,1,0,0,0,23.5,5.8,45.1,0,3,0,46.5,1,0,0,3,0.0
9.73,1,2,1,1,0,0,87.4,8.3,47.7,0,6,0,70.0,2,1,0,3,72.56
5.84,3,2,1,0,0,0,19.8,8.3,87.2,0,5,0,61.4,1,1,2,1,43.16
7.08,1,1,1,0,1,0,42.6,4.4,49.2,0,6,0,61.8,2,1,1,2,53.08
8.4,0,3,1,1,0,1,98.8,6.1,49.8,0,1,0,54.0,3,1,1,1,71.52
7.38,2,3,1,0,0,1,24.7,4.3,46.4,2,6,0,86.8,2,1,0,2,81.45
9.02,4,3,1,1,0,0,81.0,4.3,97.9,1,2,1,56.1,2,1,1,2,64.17
8.09,1,3,1,1,0,0,98.1,7.8,91.9,1,4,0,78.2,2,1,1,1,72.37
8.2,4,3,0,0,0,1,73.2,6.4,86.7,2,5,0,77.4,1,1,2,1,50.81
7.35,5,2,0,1,0,1,58.3,7.3,96.5,1,1,0,59.8,2,1,1,0,62.34
7.49,0,1,1,0,1,1,12.8,5.2,60.0,0,6,1,77.2,3,1,0,3,72.02
6.26,4,1,0,1,0,0,5.0,5.2,53.5,3,4,0,80.5,1,1,2,0,40.78
8.2,5,1,1,0,1,0,68.7,7.4,91.6,1,6,0,80.0,2,1,1,3,60.38
5.03,2,3,1,0,0,1,96.2,7.3,50.6,3,5,0,101.1,2,1,1,0,53.55
5.71,4,2,0,1,0,0,76.9,8.9,91.9,2,6,0,84.8,1,1,2,1,45.75
9.52,2,3,1,1,0,0,89.2,4.7,88.9,3,6,1,90.7,2,1,0,1,69.23
8.2,3,2,1,1,0,0,57.2,8.0,77.2,0,5,1,68.1,2,1,1,1,59.42
9.67,4,2,0,1,0,0,88.5,5.8,50.0,0,1,0,33.7,1,1,2,3,47.96
8.27,0,1,0,0,1,0,97.7,8.4,57.7,3,4,1,82.7,1,1,2,0,42.5
7.35,0,1,1,1,0,0,73.2,5.8,71.8,0,1,0,42.6,2,1,1,2,67.39
9.01,5,1,1,1,0,1,70.8,7.0,41.7,1,6,0,87.8,3,1,0,0,87.77
9.89,0,3,1,0,0,0,6.8,9.0,94.4,2,6,0,90.8,1,1,2,2,41.36
5.68,1,2,1,0,0,0,4.0,7.7,49.7,1,5,0,69.3,1,1,2,2,43.81
5.79,1,1,0,0,1,0,99.5,8.7,82.7,1,1,0,51.1,1,1,2,0,39.85
6.3,2,3,0,0,0,0,74.4,4.4,98.5,0,3,0,23.7,0,0,0,3,0.0
7.04,0,2,0,1,1,0,32.9,4.9,44.9,0,1,0,37.9,2,0,0,3,0.0
5.21,1,2,0,1,0,1,92.1,7.7,43.1,3,1,0,77.6,2,1,1,2,61.53
7.99,0,1,1,1,0,1,64.5,9.2,71.3,0,6,1,82.8,3,1,0,3,93.81
8.01,5,1,0,0,0,0,75.1,7.7,81.6,1,3,0,48.8,0,1,2,1,37.52
8.03,0,2,1,1,0,1,55.3,4.5,46.0,0,6,2,70.1,3,1,1,3,67.73
5.42,3,1,1,1,0,0,57.0,4.4,40.7,1,6,0,77.7,2,1,1,2,69.95
7.88,0,1,1,1,0,0,89.8,7.6,58.9,1,3,1,65.0,2,1,0,1,74.7
5.83,5,1,1,0,1,0,20.7,6.1,65.6,0,3,0,55.5,2,1,1,3,47.95
7.32,0,1,0,0,0,0,45.5,8.0,97.9,3,1,1,56.9,0,1,2,2,41.16
6.39,1,3,0,1,0,0,94.5,6.4,92.8,3,4,0,78.4,1,1,2,1,42.83
6.33,4,1,1,1,0,1,16.9,5.3,74.6,1,5,0,77.9,3,1,1,3,65.62
9.8,0,2,1,0,1,0,100.0,6.0,92.4,2,5,0,80.7,2,1,0,2,82.78
5.88,4,1,1,1,0,0,81.4,5.9,50.7,2,5,0,78.0,2,1,0,0,92.5
8.43,5,3,1,1,0,1,13.6,4.6,54.3,2,3,0,82.2,3,1,0,0,78.17
7.94,0,2,1,0,0,0,29.4,5.4,98.4,1,1,1,45.1,1,0,0,3,0.0
8.54,1,2,0,0,0,1,91.1,9.7,49.8,1,6,2,81.2,1,1,2,3,45.37
8.13,2,1,1,1,0,0,67.1,9.3,56.4,0,5,0,73.8,2,1,0,0,70.96
5.39,2,2,0,1,0,0,26.2,6.2,58.0,0,1,0,38.0,1,0,0,3,0.0
8.39,1,1,0,1,0,1,93.5,8.9,93.3,1,2,1,67.9,2,1,0,0,83.39
7.61,1,1,0,1,1,1,6.1,9.8,55.4,1,4,2,88.7,3,1,0,1,89.16
8.4,3,2,1,1,0,0,43.0,4.2,80.7,2,2,0,61.0,2,1,0,1,66.38
9.98,1,2,1,1,0,1,23.2,7.3,69.0,1,6,1,90.7,3,1,1,3,71.9
8.04,0,1,0,0,0,1,29.5,6.4,81.0,2,2,0,56.4,1,1,2,2,45.95
5.79,2,1,0,1,0,0,79.6,6.4,83.2,1,3,2,49.4,1,1,2,2,43.39
6.49,2,2,1,0,0,0,20.3,4.9,69.1,0,4,0,47.4,1,0,0,3,0.0
6.75,1,3,1,1,1,0,92.1,6.4,58.3,2,6,2,98.0,3,1,0,1,86.56
5.65,1,2,0,0,0,0,84.3,6.6,62.6,2,5,0,62.6,0,1,2,3,45.61
9.03,4,2,1,1,1,1,11.5,7.6,77.0,2,1,1,91.5,4,1,1,1,72.18
5.17,2,3,1,0,1,0,38.8,9.3,94.6,0,1,0,48.5,2,1,1,3,55.7
7.75,0,2,0,1,1,0,55.0,5.9,85.7,0,2,0,48.9,2,1,0,3,75.2
7.21,5,1,1,1,1,0,59.8,9.2,60.2,1,5,0,93.4,3,1,1,1,73.84
9.01,2,1,0,1,0,1,38.7,5.6,67.8,1,2,2,53.0,2,1,0,1,67.11
8.4,3,3,1,1,1,1,88.6,9.4,57.9,2,4,1,109.0,4,1,0,1,89.7
7.46,3,2,0,0,0,0,35.3,9.3,42.4,0,2,0,36.6,0,1,2,2,37.02
6.2,5,2,1,1,1,0,88.0,9.8,72.3,2,4,0,102.5,3,1,1,3,53.22
9.49,1,2,1,0,0,0,72.5,6.9,79.2,0,3,0,47.9,1,1,2,0,47.61
9.9,1,2,1,0,0,1,63.4,4.6,46.5,1,3,0,55.9,2,1,0,1,84.25
7.91,4,2,1,0,1,0,25.6,8.3,68.3,1,4,2,74.6,2,1,0,2,71.96
8.41,5,2,0,1,0,0,8.9,8.2,75.8,2,4,1,77.8,1,1,2,3,44.55
6.06,5,2,1,1,0,0,89.2,6.9,81.4,1,1,0,51.8,2,1,0,0,92.12
5.54,5,2,0,1,0,0,5.9,6.5,69.8,1,2,0,53.4,1,1,2,3,37.13
9.98,3,1,1,0,1,0,19.6,5.9,69.8,1,2,1,52.9,2,1,0,1,72.9
7.34,5,1,1,1,0,0,18.9,4.9,42.2,1,1,0,50.5,2,1,0,1,72.58
8.05,2,1,1,0,0,0,55.6,6.2,56.1,1,6,1,70.3,1,1,2,2,52.35
7.26,3,1,1,0,0,1,92.2,9.5,54.2,1,6,0,89.1,2,1,1,0,62.29
6.3,5,3,1,0,0,0,78.8,4.2,96.9,0,3,1,38.9,1,0,0,3,0.0
7.48,3,2,1,1,0,0,4.5,6.7,84.2,0,3,1,51.2,2,1,0,1,82.64
7.81,4,1,1,1,1,0,87.9,4.5,47.5,3,1,3,79.9,3,1,3,0,110.24
6.17,2,1,1,1,1,1,0.9,9.6,84.4,1,1,0,85.8,4,1,1,0,58.6
9.63,0,2,1,1,1,1,81.4,5.9,47.3,0,4,0,73.7,4,1,0,3,96.29
6.18,1,2,0,1,0,0,44.1,7.2,46.6,1,3,0,60.8,1,1,2,1,44.86
9.15,0,1,0,0,0,0,36.0,8.5,75.7,0,1,0,30.7,0,0,0,3,0.0
9.2,0,2,1,1,0,0,30.3,9.5,98.4,0,4,1,65.2,2,1,0,3,68.66
9.08,2,3,0,1,0,1,10.0,7.9,85.6,0,3,0,60.0,2,1,0,0,74.33
6.58,4,2,1,0,1,0,32.5,5.3,74.6,3,1,0,75.9,2,1,1,0,71.51
5.98,5,1,0,1,0,0,44.8,6.3,68.1,1,3,0,49.2,1,1,2,2,48.0
5.42,3,3,0,1,1,0,97.3,9.8,99.9,1,6,0,92.6,2,1,0,0,82.27
7.18,2,3,0,1,1,1,0.6,10.0,67.2,0,2,0,68.4,3,1,0,2,69.02
7.9,0,1,1,0,1,0,50.3,5.5,97.9,1,1,2,50.4,2,1,0,3,72.46
7.41,4,3,1,0,0,1,26.0,5.1,40.8,1,1,1,50.1,2,0,0,3,0.0
5.39,5,1,0,0,0,1,44.2,6.7,92.0,0,5,0,55.0,1,1,2,1,37.94
9.1,3,1,1,0,0,0,39.5,6.0,61.8,0,1,0,30.6,1,1,2,2,42.29
7.08,1,2,0,1,0,1,9.6,9.0,48.3,2,5,0,96.0,2,1,0,1,78.07
5.35,2,1,0,0,0,0,48.7,7.2,69.1,1,4,1,47.5,0,0,0,3,0.0
7.19,2,3,1,1,0,0,99.1,9.0,59.4,1,4,1,80.1,2,1,0,0,83.87
7.57,5,3,1,1,0,0,73.6,7.1,96.3,2,3,0,78.8,2,1,1,1,61.17
9.35,1,1,1,0,0,0,80.5,9.5,94.7,2,1,2,62.3,1,1,2,0,48.84
7.93,5,2,1,1,1,0,14.9,4.7,77.3,2,6,0,90.6,3,1,0,2,89.35
6.24,3,2,1,0,1,0,23.5,9.2,40.4,1,2,0,64.7,2,0,0,3,0.0
5.07,2,1,0,1,0,1,57.1,8.7,89.9,1,2,0,70.0,2,1,0,0,83.15
9.97,0,1,1,0,0,0,15.5,9.4,67.5,1,2,1,55.8,1,0,0,3,0.0
5.71,0,1,1,0,0,1,21.8,8.8,100.0,0,5,0,66.9,2,1,1,2,61.56
6.51,4,2,1,0,0,1,56.6,8.2,43.2,0,2,0,50.1,2,1,0,0,75.29
7.74,4,3,1,1,1,0,67.9,6.3,49.4,0,2,0,57.6,3,1,0,0,69.3
7.14,0,3,1,0,1,1,40.4,8.0,67.4,1,1,0,65.8,3,1,0,1,85.58
5.21,4,1,1,0,0,1,79.9,6.3,77.2,1,6,0,78.9,2,1,1,2,54.54
6.05,1,2,1,1,0,0,80.0,6.0,79.1,0,2,0,49.2,2,1,0,2,84.32
